<?xml version="1.0" encoding="UTF-8"?>

<beans xmlns="http://www.springframework.org/schema/beans"
	   xmlns:xsi="http://www.w3.org/2001/XMLSchema-instance"
	   xmlns:int-jms="http://www.springframework.org/schema/integration/jms"
	   xmlns:p="http://www.springframework.org/schema/p"
	   xmlns:int="http://www.springframework.org/schema/integration"
	   xsi:schemaLocation="http://www.springframework.org/schema/beans
		 http://www.springframework.org/schema/beans/spring-beans.xsd
		 http://www.springframework.org/schema/integration/jms
		 http://www.springframework.org/schema/integration/jms/spring-integration-jms.xsd
		 http://www.springframework.org/schema/integration
		 http://www.springframework.org/schema/integration/spring-integration.xsd">

	<bean id="connectionFactory" class="org.apache.activemq.ActiveMQConnectionFactory"
		  p:brokerURL="${broker.url}"/>

	<int:channel id="requestsChannel"/>

	<int-jms:outbound-channel-adapter connection-factory="connectionFactory"
									  channel="requestsChannel"
									  destination-name="requestsQueue"/>

	<int:channel id="replyChannel"/>

	<int-jms:message-driven-channel-adapter connection-factory="connectionFactory"
											channel="replyChannel"
											destination-name="replyQueue"/>

	<int:channel id="aggregatedReplyChannel">
		<int:queue/>
	</int:channel>

	<int:aggregator ref="partitionHandler"
					input-channel="replyChannel"
					output-channel="aggregatedReplyChannel"
					send-timeout="3600000"/>
</beans>
