1667,user 1667,user_pass 1667,1667
1668,user 1668,user_pass 1668,1668
1669,user 1669,user_pass 1669,1669
1670,user 1670,user_pass 1670,1670
1671,user 1671,user_pass 1671,1671
1672,user 1672,user_pass 1672,1672
1673,user 1673,user_pass 1673,1673
1674,user 1674,user_pass 1674,1674
1675,user 1675,user_pass 1675,1675
1676,user 1676,user_pass 1676,1676
1677,user 1677,user_pass 1677,1677
1678,user 1678,user_pass 1678,1678
1679,user 1679,user_pass 1679,1679
1680,user 1680,user_pass 1680,1680
1681,user 1681,user_pass 1681,1681
1682,user 1682,user_pass 1682,1682
1683,user 1683,user_pass 1683,1683
1684,user 1684,user_pass 1684,1684
1685,user 1685,user_pass 1685,1685
1686,user 1686,user_pass 1686,1686
1687,user 1687,user_pass 1687,1687
1688,user 1688,user_pass 1688,1688
1689,user 1689,user_pass 1689,1689
1690,user 1690,user_pass 1690,1690
1691,user 1691,user_pass 1691,1691
1692,user 1692,user_pass 1692,1692
1693,user 1693,user_pass 1693,1693
1694,user 1694,user_pass 1694,1694
1695,user 1695,user_pass 1695,1695
1696,user 1696,user_pass 1696,1696
1697,user 1697,user_pass 1697,1697
1698,user 1698,user_pass 1698,1698
1699,user 1699,user_pass 1699,1699
1700,user 1700,user_pass 1700,1700
1701,user 1701,user_pass 1701,1701
1702,user 1702,user_pass 1702,1702
1703,user 1703,user_pass 1703,1703
1704,user 1704,user_pass 1704,1704
1705,user 1705,user_pass 1705,1705
1706,user 1706,user_pass 1706,1706
1707,user 1707,user_pass 1707,1707
1708,user 1708,user_pass 1708,1708
1709,user 1709,user_pass 1709,1709
1710,user 1710,user_pass 1710,1710
1711,user 1711,user_pass 1711,1711
1712,user 1712,user_pass 1712,1712
1713,user 1713,user_pass 1713,1713
1714,user 1714,user_pass 1714,1714
1715,user 1715,user_pass 1715,1715
1716,user 1716,user_pass 1716,1716
1717,user 1717,user_pass 1717,1717
1718,user 1718,user_pass 1718,1718
1719,user 1719,user_pass 1719,1719
1720,user 1720,user_pass 1720,1720
1721,user 1721,user_pass 1721,1721
1722,user 1722,user_pass 1722,1722
1723,user 1723,user_pass 1723,1723
1724,user 1724,user_pass 1724,1724
1725,user 1725,user_pass 1725,1725
1726,user 1726,user_pass 1726,1726
1727,user 1727,user_pass 1727,1727
1728,user 1728,user_pass 1728,1728
1729,user 1729,user_pass 1729,1729
1730,user 1730,user_pass 1730,1730
1731,user 1731,user_pass 1731,1731
1732,user 1732,user_pass 1732,1732
1733,user 1733,user_pass 1733,1733
1734,user 1734,user_pass 1734,1734
1735,user 1735,user_pass 1735,1735
1736,user 1736,user_pass 1736,1736
1737,user 1737,user_pass 1737,1737
1738,user 1738,user_pass 1738,1738
1739,user 1739,user_pass 1739,1739
1740,user 1740,user_pass 1740,1740
1741,user 1741,user_pass 1741,1741
1742,user 1742,user_pass 1742,1742
1743,user 1743,user_pass 1743,1743
1744,user 1744,user_pass 1744,1744
1745,user 1745,user_pass 1745,1745
1746,user 1746,user_pass 1746,1746
1747,user 1747,user_pass 1747,1747
1748,user 1748,user_pass 1748,1748
1749,user 1749,user_pass 1749,1749
1750,user 1750,user_pass 1750,1750
1751,user 1751,user_pass 1751,1751
1752,user 1752,user_pass 1752,1752
1753,user 1753,user_pass 1753,1753
1754,user 1754,user_pass 1754,1754
1755,user 1755,user_pass 1755,1755
1756,user 1756,user_pass 1756,1756
1757,user 1757,user_pass 1757,1757
1758,user 1758,user_pass 1758,1758
1759,user 1759,user_pass 1759,1759
1760,user 1760,user_pass 1760,1760
1761,user 1761,user_pass 1761,1761
1762,user 1762,user_pass 1762,1762
1763,user 1763,user_pass 1763,1763
1764,user 1764,user_pass 1764,1764
1765,user 1765,user_pass 1765,1765
1766,user 1766,user_pass 1766,1766
1767,user 1767,user_pass 1767,1767
1768,user 1768,user_pass 1768,1768
1769,user 1769,user_pass 1769,1769
1770,user 1770,user_pass 1770,1770
1771,user 1771,user_pass 1771,1771
1772,user 1772,user_pass 1772,1772
1773,user 1773,user_pass 1773,1773
1774,user 1774,user_pass 1774,1774
1775,user 1775,user_pass 1775,1775
1776,user 1776,user_pass 1776,1776
1777,user 1777,user_pass 1777,1777
1778,user 1778,user_pass 1778,1778
1779,user 1779,user_pass 1779,1779
1780,user 1780,user_pass 1780,1780
1781,user 1781,user_pass 1781,1781
1782,user 1782,user_pass 1782,1782
1783,user 1783,user_pass 1783,1783
1784,user 1784,user_pass 1784,1784
1785,user 1785,user_pass 1785,1785
1786,user 1786,user_pass 1786,1786
1787,user 1787,user_pass 1787,1787
1788,user 1788,user_pass 1788,1788
1789,user 1789,user_pass 1789,1789
1790,user 1790,user_pass 1790,1790
1791,user 1791,user_pass 1791,1791
1792,user 1792,user_pass 1792,1792
1793,user 1793,user_pass 1793,1793
1794,user 1794,user_pass 1794,1794
1795,user 1795,user_pass 1795,1795
1796,user 1796,user_pass 1796,1796
1797,user 1797,user_pass 1797,1797
1798,user 1798,user_pass 1798,1798
1799,user 1799,user_pass 1799,1799
1800,user 1800,user_pass 1800,1800
1801,user 1801,user_pass 1801,1801
1802,user 1802,user_pass 1802,1802
1803,user 1803,user_pass 1803,1803
1804,user 1804,user_pass 1804,1804
1805,user 1805,user_pass 1805,1805
1806,user 1806,user_pass 1806,1806
1807,user 1807,user_pass 1807,1807
1808,user 1808,user_pass 1808,1808
1809,user 1809,user_pass 1809,1809
1810,user 1810,user_pass 1810,1810
1811,user 1811,user_pass 1811,1811
1812,user 1812,user_pass 1812,1812
1813,user 1813,user_pass 1813,1813
1814,user 1814,user_pass 1814,1814
1815,user 1815,user_pass 1815,1815
1816,user 1816,user_pass 1816,1816
1817,user 1817,user_pass 1817,1817
1818,user 1818,user_pass 1818,1818
1819,user 1819,user_pass 1819,1819
1820,user 1820,user_pass 1820,1820
1821,user 1821,user_pass 1821,1821
1822,user 1822,user_pass 1822,1822
1823,user 1823,user_pass 1823,1823
1824,user 1824,user_pass 1824,1824
1825,user 1825,user_pass 1825,1825
1826,user 1826,user_pass 1826,1826
1827,user 1827,user_pass 1827,1827
1828,user 1828,user_pass 1828,1828
1829,user 1829,user_pass 1829,1829
1830,user 1830,user_pass 1830,1830
1831,user 1831,user_pass 1831,1831
1832,user 1832,user_pass 1832,1832
1833,user 1833,user_pass 1833,1833
1834,user 1834,user_pass 1834,1834
1835,user 1835,user_pass 1835,1835
1836,user 1836,user_pass 1836,1836
1837,user 1837,user_pass 1837,1837
1838,user 1838,user_pass 1838,1838
1839,user 1839,user_pass 1839,1839
1840,user 1840,user_pass 1840,1840
1841,user 1841,user_pass 1841,1841
1842,user 1842,user_pass 1842,1842
1843,user 1843,user_pass 1843,1843
1844,user 1844,user_pass 1844,1844
1845,user 1845,user_pass 1845,1845
1846,user 1846,user_pass 1846,1846
1847,user 1847,user_pass 1847,1847
1848,user 1848,user_pass 1848,1848
1849,user 1849,user_pass 1849,1849
1850,user 1850,user_pass 1850,1850
1851,user 1851,user_pass 1851,1851
1852,user 1852,user_pass 1852,1852
1853,user 1853,user_pass 1853,1853
1854,user 1854,user_pass 1854,1854
1855,user 1855,user_pass 1855,1855
1856,user 1856,user_pass 1856,1856
1857,user 1857,user_pass 1857,1857
1858,user 1858,user_pass 1858,1858
1859,user 1859,user_pass 1859,1859
1860,user 1860,user_pass 1860,1860
1861,user 1861,user_pass 1861,1861
1862,user 1862,user_pass 1862,1862
1863,user 1863,user_pass 1863,1863
1864,user 1864,user_pass 1864,1864
1865,user 1865,user_pass 1865,1865
1866,user 1866,user_pass 1866,1866
1867,user 1867,user_pass 1867,1867
1868,user 1868,user_pass 1868,1868
1869,user 1869,user_pass 1869,1869
1870,user 1870,user_pass 1870,1870
1871,user 1871,user_pass 1871,1871
1872,user 1872,user_pass 1872,1872
1873,user 1873,user_pass 1873,1873
1874,user 1874,user_pass 1874,1874
1875,user 1875,user_pass 1875,1875
1876,user 1876,user_pass 1876,1876
1877,user 1877,user_pass 1877,1877
1878,user 1878,user_pass 1878,1878
1879,user 1879,user_pass 1879,1879
1880,user 1880,user_pass 1880,1880
1881,user 1881,user_pass 1881,1881
1882,user 1882,user_pass 1882,1882
1883,user 1883,user_pass 1883,1883
1884,user 1884,user_pass 1884,1884
1885,user 1885,user_pass 1885,1885
1886,user 1886,user_pass 1886,1886
1887,user 1887,user_pass 1887,1887
1888,user 1888,user_pass 1888,1888
1889,user 1889,user_pass 1889,1889
1890,user 1890,user_pass 1890,1890
1891,user 1891,user_pass 1891,1891
1892,user 1892,user_pass 1892,1892
1893,user 1893,user_pass 1893,1893
1894,user 1894,user_pass 1894,1894
1895,user 1895,user_pass 1895,1895
1896,user 1896,user_pass 1896,1896
1897,user 1897,user_pass 1897,1897
1898,user 1898,user_pass 1898,1898
1899,user 1899,user_pass 1899,1899
1900,user 1900,user_pass 1900,1900
1901,user 1901,user_pass 1901,1901
1902,user 1902,user_pass 1902,1902
1903,user 1903,user_pass 1903,1903
1904,user 1904,user_pass 1904,1904
1905,user 1905,user_pass 1905,1905
1906,user 1906,user_pass 1906,1906
1907,user 1907,user_pass 1907,1907
1908,user 1908,user_pass 1908,1908
1909,user 1909,user_pass 1909,1909
1910,user 1910,user_pass 1910,1910
1911,user 1911,user_pass 1911,1911
1912,user 1912,user_pass 1912,1912
1913,user 1913,user_pass 1913,1913
1914,user 1914,user_pass 1914,1914
1915,user 1915,user_pass 1915,1915
1916,user 1916,user_pass 1916,1916
1917,user 1917,user_pass 1917,1917
1918,user 1918,user_pass 1918,1918
1919,user 1919,user_pass 1919,1919
1920,user 1920,user_pass 1920,1920
1921,user 1921,user_pass 1921,1921
1922,user 1922,user_pass 1922,1922
1923,user 1923,user_pass 1923,1923
1924,user 1924,user_pass 1924,1924
1925,user 1925,user_pass 1925,1925
1926,user 1926,user_pass 1926,1926
1927,user 1927,user_pass 1927,1927
1928,user 1928,user_pass 1928,1928
1929,user 1929,user_pass 1929,1929
1930,user 1930,user_pass 1930,1930
1931,user 1931,user_pass 1931,1931
1932,user 1932,user_pass 1932,1932
1933,user 1933,user_pass 1933,1933
1934,user 1934,user_pass 1934,1934
1935,user 1935,user_pass 1935,1935
1936,user 1936,user_pass 1936,1936
1937,user 1937,user_pass 1937,1937
1938,user 1938,user_pass 1938,1938
1939,user 1939,user_pass 1939,1939
1940,user 1940,user_pass 1940,1940
1941,user 1941,user_pass 1941,1941
1942,user 1942,user_pass 1942,1942
1943,user 1943,user_pass 1943,1943
1944,user 1944,user_pass 1944,1944
1945,user 1945,user_pass 1945,1945
1946,user 1946,user_pass 1946,1946
1947,user 1947,user_pass 1947,1947
1948,user 1948,user_pass 1948,1948
1949,user 1949,user_pass 1949,1949
1950,user 1950,user_pass 1950,1950
1951,user 1951,user_pass 1951,1951
1952,user 1952,user_pass 1952,1952
1953,user 1953,user_pass 1953,1953
1954,user 1954,user_pass 1954,1954
1955,user 1955,user_pass 1955,1955
1956,user 1956,user_pass 1956,1956
1957,user 1957,user_pass 1957,1957
1958,user 1958,user_pass 1958,1958
1959,user 1959,user_pass 1959,1959
1960,user 1960,user_pass 1960,1960
1961,user 1961,user_pass 1961,1961
1962,user 1962,user_pass 1962,1962
1963,user 1963,user_pass 1963,1963
1964,user 1964,user_pass 1964,1964
1965,user 1965,user_pass 1965,1965
1966,user 1966,user_pass 1966,1966
1967,user 1967,user_pass 1967,1967
1968,user 1968,user_pass 1968,1968
1969,user 1969,user_pass 1969,1969
1970,user 1970,user_pass 1970,1970
1971,user 1971,user_pass 1971,1971
1972,user 1972,user_pass 1972,1972
1973,user 1973,user_pass 1973,1973
1974,user 1974,user_pass 1974,1974
1975,user 1975,user_pass 1975,1975
1976,user 1976,user_pass 1976,1976
1977,user 1977,user_pass 1977,1977
1978,user 1978,user_pass 1978,1978
1979,user 1979,user_pass 1979,1979
1980,user 1980,user_pass 1980,1980
1981,user 1981,user_pass 1981,1981
1982,user 1982,user_pass 1982,1982
1983,user 1983,user_pass 1983,1983
1984,user 1984,user_pass 1984,1984
1985,user 1985,user_pass 1985,1985
1986,user 1986,user_pass 1986,1986
1987,user 1987,user_pass 1987,1987
1988,user 1988,user_pass 1988,1988
1989,user 1989,user_pass 1989,1989
1990,user 1990,user_pass 1990,1990
1991,user 1991,user_pass 1991,1991
1992,user 1992,user_pass 1992,1992
1993,user 1993,user_pass 1993,1993
1994,user 1994,user_pass 1994,1994
1995,user 1995,user_pass 1995,1995
1996,user 1996,user_pass 1996,1996
1997,user 1997,user_pass 1997,1997
1998,user 1998,user_pass 1998,1998
1999,user 1999,user_pass 1999,1999
2000,user 2000,user_pass 2000,2000
2001,user 2001,user_pass 2001,2001
2002,user 2002,user_pass 2002,2002
2003,user 2003,user_pass 2003,2003
2004,user 2004,user_pass 2004,2004
2005,user 2005,user_pass 2005,2005
2006,user 2006,user_pass 2006,2006
2007,user 2007,user_pass 2007,2007
2008,user 2008,user_pass 2008,2008
2009,user 2009,user_pass 2009,2009
2010,user 2010,user_pass 2010,2010
2011,user 2011,user_pass 2011,2011
2012,user 2012,user_pass 2012,2012
2013,user 2013,user_pass 2013,2013
2014,user 2014,user_pass 2014,2014
2015,user 2015,user_pass 2015,2015
2016,user 2016,user_pass 2016,2016
2017,user 2017,user_pass 2017,2017
2018,user 2018,user_pass 2018,2018
2019,user 2019,user_pass 2019,2019
2020,user 2020,user_pass 2020,2020
2021,user 2021,user_pass 2021,2021
2022,user 2022,user_pass 2022,2022
2023,user 2023,user_pass 2023,2023
2024,user 2024,user_pass 2024,2024
2025,user 2025,user_pass 2025,2025
2026,user 2026,user_pass 2026,2026
2027,user 2027,user_pass 2027,2027
2028,user 2028,user_pass 2028,2028
2029,user 2029,user_pass 2029,2029
2030,user 2030,user_pass 2030,2030
2031,user 2031,user_pass 2031,2031
2032,user 2032,user_pass 2032,2032
2033,user 2033,user_pass 2033,2033
2034,user 2034,user_pass 2034,2034
2035,user 2035,user_pass 2035,2035
2036,user 2036,user_pass 2036,2036
2037,user 2037,user_pass 2037,2037
2038,user 2038,user_pass 2038,2038
2039,user 2039,user_pass 2039,2039
2040,user 2040,user_pass 2040,2040
2041,user 2041,user_pass 2041,2041
2042,user 2042,user_pass 2042,2042
2043,user 2043,user_pass 2043,2043
2044,user 2044,user_pass 2044,2044
2045,user 2045,user_pass 2045,2045
2046,user 2046,user_pass 2046,2046
2047,user 2047,user_pass 2047,2047
2048,user 2048,user_pass 2048,2048
2049,user 2049,user_pass 2049,2049
2050,user 2050,user_pass 2050,2050
2051,user 2051,user_pass 2051,2051
2052,user 2052,user_pass 2052,2052
2053,user 2053,user_pass 2053,2053
2054,user 2054,user_pass 2054,2054
2055,user 2055,user_pass 2055,2055
2056,user 2056,user_pass 2056,2056
2057,user 2057,user_pass 2057,2057
2058,user 2058,user_pass 2058,2058
2059,user 2059,user_pass 2059,2059
2060,user 2060,user_pass 2060,2060
2061,user 2061,user_pass 2061,2061
2062,user 2062,user_pass 2062,2062
2063,user 2063,user_pass 2063,2063
2064,user 2064,user_pass 2064,2064
2065,user 2065,user_pass 2065,2065
2066,user 2066,user_pass 2066,2066
2067,user 2067,user_pass 2067,2067
2068,user 2068,user_pass 2068,2068
2069,user 2069,user_pass 2069,2069
2070,user 2070,user_pass 2070,2070
2071,user 2071,user_pass 2071,2071
2072,user 2072,user_pass 2072,2072
2073,user 2073,user_pass 2073,2073
2074,user 2074,user_pass 2074,2074
2075,user 2075,user_pass 2075,2075
2076,user 2076,user_pass 2076,2076
2077,user 2077,user_pass 2077,2077
2078,user 2078,user_pass 2078,2078
2079,user 2079,user_pass 2079,2079
2080,user 2080,user_pass 2080,2080
2081,user 2081,user_pass 2081,2081
2082,user 2082,user_pass 2082,2082
2083,user 2083,user_pass 2083,2083
2084,user 2084,user_pass 2084,2084
2085,user 2085,user_pass 2085,2085
2086,user 2086,user_pass 2086,2086
2087,user 2087,user_pass 2087,2087
2088,user 2088,user_pass 2088,2088
2089,user 2089,user_pass 2089,2089
2090,user 2090,user_pass 2090,2090
2091,user 2091,user_pass 2091,2091
2092,user 2092,user_pass 2092,2092
2093,user 2093,user_pass 2093,2093
2094,user 2094,user_pass 2094,2094
2095,user 2095,user_pass 2095,2095
2096,user 2096,user_pass 2096,2096
2097,user 2097,user_pass 2097,2097
2098,user 2098,user_pass 2098,2098
2099,user 2099,user_pass 2099,2099
2100,user 2100,user_pass 2100,2100
2101,user 2101,user_pass 2101,2101
2102,user 2102,user_pass 2102,2102
2103,user 2103,user_pass 2103,2103
2104,user 2104,user_pass 2104,2104
2105,user 2105,user_pass 2105,2105
2106,user 2106,user_pass 2106,2106
2107,user 2107,user_pass 2107,2107
2108,user 2108,user_pass 2108,2108
2109,user 2109,user_pass 2109,2109
2110,user 2110,user_pass 2110,2110
2111,user 2111,user_pass 2111,2111
2112,user 2112,user_pass 2112,2112
2113,user 2113,user_pass 2113,2113
2114,user 2114,user_pass 2114,2114
2115,user 2115,user_pass 2115,2115
2116,user 2116,user_pass 2116,2116
2117,user 2117,user_pass 2117,2117
2118,user 2118,user_pass 2118,2118
2119,user 2119,user_pass 2119,2119
2120,user 2120,user_pass 2120,2120
2121,user 2121,user_pass 2121,2121
2122,user 2122,user_pass 2122,2122
2123,user 2123,user_pass 2123,2123
2124,user 2124,user_pass 2124,2124
2125,user 2125,user_pass 2125,2125
2126,user 2126,user_pass 2126,2126
2127,user 2127,user_pass 2127,2127
2128,user 2128,user_pass 2128,2128
2129,user 2129,user_pass 2129,2129
2130,user 2130,user_pass 2130,2130
2131,user 2131,user_pass 2131,2131
2132,user 2132,user_pass 2132,2132
2133,user 2133,user_pass 2133,2133
2134,user 2134,user_pass 2134,2134
2135,user 2135,user_pass 2135,2135
2136,user 2136,user_pass 2136,2136
2137,user 2137,user_pass 2137,2137
2138,user 2138,user_pass 2138,2138
2139,user 2139,user_pass 2139,2139
2140,user 2140,user_pass 2140,2140
2141,user 2141,user_pass 2141,2141
2142,user 2142,user_pass 2142,2142
2143,user 2143,user_pass 2143,2143
2144,user 2144,user_pass 2144,2144
2145,user 2145,user_pass 2145,2145
2146,user 2146,user_pass 2146,2146
2147,user 2147,user_pass 2147,2147
2148,user 2148,user_pass 2148,2148
2149,user 2149,user_pass 2149,2149
2150,user 2150,user_pass 2150,2150
2151,user 2151,user_pass 2151,2151
2152,user 2152,user_pass 2152,2152
2153,user 2153,user_pass 2153,2153
2154,user 2154,user_pass 2154,2154
2155,user 2155,user_pass 2155,2155
2156,user 2156,user_pass 2156,2156
2157,user 2157,user_pass 2157,2157
2158,user 2158,user_pass 2158,2158
2159,user 2159,user_pass 2159,2159
2160,user 2160,user_pass 2160,2160
2161,user 2161,user_pass 2161,2161
2162,user 2162,user_pass 2162,2162
2163,user 2163,user_pass 2163,2163
2164,user 2164,user_pass 2164,2164
2165,user 2165,user_pass 2165,2165
2166,user 2166,user_pass 2166,2166
2167,user 2167,user_pass 2167,2167
2168,user 2168,user_pass 2168,2168
2169,user 2169,user_pass 2169,2169
2170,user 2170,user_pass 2170,2170
2171,user 2171,user_pass 2171,2171
2172,user 2172,user_pass 2172,2172
2173,user 2173,user_pass 2173,2173
2174,user 2174,user_pass 2174,2174
2175,user 2175,user_pass 2175,2175
2176,user 2176,user_pass 2176,2176
2177,user 2177,user_pass 2177,2177
2178,user 2178,user_pass 2178,2178
2179,user 2179,user_pass 2179,2179
2180,user 2180,user_pass 2180,2180
2181,user 2181,user_pass 2181,2181
2182,user 2182,user_pass 2182,2182
2183,user 2183,user_pass 2183,2183
2184,user 2184,user_pass 2184,2184
2185,user 2185,user_pass 2185,2185
2186,user 2186,user_pass 2186,2186
2187,user 2187,user_pass 2187,2187
2188,user 2188,user_pass 2188,2188
2189,user 2189,user_pass 2189,2189
2190,user 2190,user_pass 2190,2190
2191,user 2191,user_pass 2191,2191
2192,user 2192,user_pass 2192,2192
2193,user 2193,user_pass 2193,2193
2194,user 2194,user_pass 2194,2194
2195,user 2195,user_pass 2195,2195
2196,user 2196,user_pass 2196,2196
2197,user 2197,user_pass 2197,2197
2198,user 2198,user_pass 2198,2198
2199,user 2199,user_pass 2199,2199
2200,user 2200,user_pass 2200,2200
2201,user 2201,user_pass 2201,2201
2202,user 2202,user_pass 2202,2202
2203,user 2203,user_pass 2203,2203
2204,user 2204,user_pass 2204,2204
2205,user 2205,user_pass 2205,2205
2206,user 2206,user_pass 2206,2206
2207,user 2207,user_pass 2207,2207
2208,user 2208,user_pass 2208,2208
2209,user 2209,user_pass 2209,2209
2210,user 2210,user_pass 2210,2210
2211,user 2211,user_pass 2211,2211
2212,user 2212,user_pass 2212,2212
2213,user 2213,user_pass 2213,2213
2214,user 2214,user_pass 2214,2214
2215,user 2215,user_pass 2215,2215
2216,user 2216,user_pass 2216,2216
2217,user 2217,user_pass 2217,2217
2218,user 2218,user_pass 2218,2218
2219,user 2219,user_pass 2219,2219
2220,user 2220,user_pass 2220,2220
2221,user 2221,user_pass 2221,2221
2222,user 2222,user_pass 2222,2222
2223,user 2223,user_pass 2223,2223
2224,user 2224,user_pass 2224,2224
2225,user 2225,user_pass 2225,2225
2226,user 2226,user_pass 2226,2226
2227,user 2227,user_pass 2227,2227
2228,user 2228,user_pass 2228,2228
2229,user 2229,user_pass 2229,2229
2230,user 2230,user_pass 2230,2230
2231,user 2231,user_pass 2231,2231
2232,user 2232,user_pass 2232,2232
2233,user 2233,user_pass 2233,2233
2234,user 2234,user_pass 2234,2234
2235,user 2235,user_pass 2235,2235
2236,user 2236,user_pass 2236,2236
2237,user 2237,user_pass 2237,2237
2238,user 2238,user_pass 2238,2238
2239,user 2239,user_pass 2239,2239
2240,user 2240,user_pass 2240,2240
2241,user 2241,user_pass 2241,2241
2242,user 2242,user_pass 2242,2242
2243,user 2243,user_pass 2243,2243
2244,user 2244,user_pass 2244,2244
2245,user 2245,user_pass 2245,2245
2246,user 2246,user_pass 2246,2246
2247,user 2247,user_pass 2247,2247
2248,user 2248,user_pass 2248,2248
2249,user 2249,user_pass 2249,2249
2250,user 2250,user_pass 2250,2250
2251,user 2251,user_pass 2251,2251
2252,user 2252,user_pass 2252,2252
2253,user 2253,user_pass 2253,2253
2254,user 2254,user_pass 2254,2254
2255,user 2255,user_pass 2255,2255
2256,user 2256,user_pass 2256,2256
2257,user 2257,user_pass 2257,2257
2258,user 2258,user_pass 2258,2258
2259,user 2259,user_pass 2259,2259
2260,user 2260,user_pass 2260,2260
2261,user 2261,user_pass 2261,2261
2262,user 2262,user_pass 2262,2262
2263,user 2263,user_pass 2263,2263
2264,user 2264,user_pass 2264,2264
2265,user 2265,user_pass 2265,2265
2266,user 2266,user_pass 2266,2266
2267,user 2267,user_pass 2267,2267
2268,user 2268,user_pass 2268,2268
2269,user 2269,user_pass 2269,2269
2270,user 2270,user_pass 2270,2270
2271,user 2271,user_pass 2271,2271
2272,user 2272,user_pass 2272,2272
2273,user 2273,user_pass 2273,2273
2274,user 2274,user_pass 2274,2274
2275,user 2275,user_pass 2275,2275
2276,user 2276,user_pass 2276,2276
2277,user 2277,user_pass 2277,2277
2278,user 2278,user_pass 2278,2278
2279,user 2279,user_pass 2279,2279
2280,user 2280,user_pass 2280,2280
2281,user 2281,user_pass 2281,2281
2282,user 2282,user_pass 2282,2282
2283,user 2283,user_pass 2283,2283
2284,user 2284,user_pass 2284,2284
2285,user 2285,user_pass 2285,2285
2286,user 2286,user_pass 2286,2286
2287,user 2287,user_pass 2287,2287
2288,user 2288,user_pass 2288,2288
2289,user 2289,user_pass 2289,2289
2290,user 2290,user_pass 2290,2290
2291,user 2291,user_pass 2291,2291
2292,user 2292,user_pass 2292,2292
2293,user 2293,user_pass 2293,2293
2294,user 2294,user_pass 2294,2294
2295,user 2295,user_pass 2295,2295
2296,user 2296,user_pass 2296,2296
2297,user 2297,user_pass 2297,2297
2298,user 2298,user_pass 2298,2298
2299,user 2299,user_pass 2299,2299
2300,user 2300,user_pass 2300,2300
2301,user 2301,user_pass 2301,2301
2302,user 2302,user_pass 2302,2302
2303,user 2303,user_pass 2303,2303
2304,user 2304,user_pass 2304,2304
2305,user 2305,user_pass 2305,2305
2306,user 2306,user_pass 2306,2306
2307,user 2307,user_pass 2307,2307
2308,user 2308,user_pass 2308,2308
2309,user 2309,user_pass 2309,2309
2310,user 2310,user_pass 2310,2310
2311,user 2311,user_pass 2311,2311
2312,user 2312,user_pass 2312,2312
2313,user 2313,user_pass 2313,2313
2314,user 2314,user_pass 2314,2314
2315,user 2315,user_pass 2315,2315
2316,user 2316,user_pass 2316,2316
2317,user 2317,user_pass 2317,2317
2318,user 2318,user_pass 2318,2318
2319,user 2319,user_pass 2319,2319
2320,user 2320,user_pass 2320,2320
2321,user 2321,user_pass 2321,2321
2322,user 2322,user_pass 2322,2322
2323,user 2323,user_pass 2323,2323
2324,user 2324,user_pass 2324,2324
2325,user 2325,user_pass 2325,2325
2326,user 2326,user_pass 2326,2326
2327,user 2327,user_pass 2327,2327
2328,user 2328,user_pass 2328,2328
2329,user 2329,user_pass 2329,2329
2330,user 2330,user_pass 2330,2330
2331,user 2331,user_pass 2331,2331
2332,user 2332,user_pass 2332,2332
2333,user 2333,user_pass 2333,2333
2334,user 2334,user_pass 2334,2334
2335,user 2335,user_pass 2335,2335
2336,user 2336,user_pass 2336,2336
2337,user 2337,user_pass 2337,2337
2338,user 2338,user_pass 2338,2338
2339,user 2339,user_pass 2339,2339
2340,user 2340,user_pass 2340,2340
2341,user 2341,user_pass 2341,2341
2342,user 2342,user_pass 2342,2342
2343,user 2343,user_pass 2343,2343
2344,user 2344,user_pass 2344,2344
2345,user 2345,user_pass 2345,2345
2346,user 2346,user_pass 2346,2346
2347,user 2347,user_pass 2347,2347
2348,user 2348,user_pass 2348,2348
2349,user 2349,user_pass 2349,2349
2350,user 2350,user_pass 2350,2350
2351,user 2351,user_pass 2351,2351
2352,user 2352,user_pass 2352,2352
2353,user 2353,user_pass 2353,2353
2354,user 2354,user_pass 2354,2354
2355,user 2355,user_pass 2355,2355
2356,user 2356,user_pass 2356,2356
2357,user 2357,user_pass 2357,2357
2358,user 2358,user_pass 2358,2358
2359,user 2359,user_pass 2359,2359
2360,user 2360,user_pass 2360,2360
2361,user 2361,user_pass 2361,2361
2362,user 2362,user_pass 2362,2362
2363,user 2363,user_pass 2363,2363
2364,user 2364,user_pass 2364,2364
2365,user 2365,user_pass 2365,2365
2366,user 2366,user_pass 2366,2366
2367,user 2367,user_pass 2367,2367
2368,user 2368,user_pass 2368,2368
2369,user 2369,user_pass 2369,2369
2370,user 2370,user_pass 2370,2370
2371,user 2371,user_pass 2371,2371
2372,user 2372,user_pass 2372,2372
2373,user 2373,user_pass 2373,2373
2374,user 2374,user_pass 2374,2374
2375,user 2375,user_pass 2375,2375
2376,user 2376,user_pass 2376,2376
2377,user 2377,user_pass 2377,2377
2378,user 2378,user_pass 2378,2378
2379,user 2379,user_pass 2379,2379
2380,user 2380,user_pass 2380,2380
2381,user 2381,user_pass 2381,2381
2382,user 2382,user_pass 2382,2382
2383,user 2383,user_pass 2383,2383
2384,user 2384,user_pass 2384,2384
2385,user 2385,user_pass 2385,2385
2386,user 2386,user_pass 2386,2386
2387,user 2387,user_pass 2387,2387
2388,user 2388,user_pass 2388,2388
2389,user 2389,user_pass 2389,2389
2390,user 2390,user_pass 2390,2390
2391,user 2391,user_pass 2391,2391
2392,user 2392,user_pass 2392,2392
2393,user 2393,user_pass 2393,2393
2394,user 2394,user_pass 2394,2394
2395,user 2395,user_pass 2395,2395
2396,user 2396,user_pass 2396,2396
2397,user 2397,user_pass 2397,2397
2398,user 2398,user_pass 2398,2398
2399,user 2399,user_pass 2399,2399
2400,user 2400,user_pass 2400,2400
2401,user 2401,user_pass 2401,2401
2402,user 2402,user_pass 2402,2402
2403,user 2403,user_pass 2403,2403
2404,user 2404,user_pass 2404,2404
2405,user 2405,user_pass 2405,2405
2406,user 2406,user_pass 2406,2406
2407,user 2407,user_pass 2407,2407
2408,user 2408,user_pass 2408,2408
2409,user 2409,user_pass 2409,2409
2410,user 2410,user_pass 2410,2410
2411,user 2411,user_pass 2411,2411
2412,user 2412,user_pass 2412,2412
2413,user 2413,user_pass 2413,2413
2414,user 2414,user_pass 2414,2414
2415,user 2415,user_pass 2415,2415
2416,user 2416,user_pass 2416,2416
2417,user 2417,user_pass 2417,2417
2418,user 2418,user_pass 2418,2418
2419,user 2419,user_pass 2419,2419
2420,user 2420,user_pass 2420,2420
2421,user 2421,user_pass 2421,2421
2422,user 2422,user_pass 2422,2422
2423,user 2423,user_pass 2423,2423
2424,user 2424,user_pass 2424,2424
2425,user 2425,user_pass 2425,2425
2426,user 2426,user_pass 2426,2426
2427,user 2427,user_pass 2427,2427
2428,user 2428,user_pass 2428,2428
2429,user 2429,user_pass 2429,2429
2430,user 2430,user_pass 2430,2430
2431,user 2431,user_pass 2431,2431
2432,user 2432,user_pass 2432,2432
2433,user 2433,user_pass 2433,2433
2434,user 2434,user_pass 2434,2434
2435,user 2435,user_pass 2435,2435
2436,user 2436,user_pass 2436,2436
2437,user 2437,user_pass 2437,2437
2438,user 2438,user_pass 2438,2438
2439,user 2439,user_pass 2439,2439
2440,user 2440,user_pass 2440,2440
2441,user 2441,user_pass 2441,2441
2442,user 2442,user_pass 2442,2442
2443,user 2443,user_pass 2443,2443
2444,user 2444,user_pass 2444,2444
2445,user 2445,user_pass 2445,2445
2446,user 2446,user_pass 2446,2446
2447,user 2447,user_pass 2447,2447
2448,user 2448,user_pass 2448,2448
2449,user 2449,user_pass 2449,2449
2450,user 2450,user_pass 2450,2450
2451,user 2451,user_pass 2451,2451
2452,user 2452,user_pass 2452,2452
2453,user 2453,user_pass 2453,2453
2454,user 2454,user_pass 2454,2454
2455,user 2455,user_pass 2455,2455
2456,user 2456,user_pass 2456,2456
2457,user 2457,user_pass 2457,2457
2458,user 2458,user_pass 2458,2458
2459,user 2459,user_pass 2459,2459
2460,user 2460,user_pass 2460,2460
2461,user 2461,user_pass 2461,2461
2462,user 2462,user_pass 2462,2462
2463,user 2463,user_pass 2463,2463
2464,user 2464,user_pass 2464,2464
2465,user 2465,user_pass 2465,2465
2466,user 2466,user_pass 2466,2466
2467,user 2467,user_pass 2467,2467
2468,user 2468,user_pass 2468,2468
2469,user 2469,user_pass 2469,2469
2470,user 2470,user_pass 2470,2470
2471,user 2471,user_pass 2471,2471
2472,user 2472,user_pass 2472,2472
2473,user 2473,user_pass 2473,2473
2474,user 2474,user_pass 2474,2474
2475,user 2475,user_pass 2475,2475
2476,user 2476,user_pass 2476,2476
2477,user 2477,user_pass 2477,2477
2478,user 2478,user_pass 2478,2478
2479,user 2479,user_pass 2479,2479
2480,user 2480,user_pass 2480,2480
2481,user 2481,user_pass 2481,2481
2482,user 2482,user_pass 2482,2482
2483,user 2483,user_pass 2483,2483
2484,user 2484,user_pass 2484,2484
2485,user 2485,user_pass 2485,2485
2486,user 2486,user_pass 2486,2486
2487,user 2487,user_pass 2487,2487
2488,user 2488,user_pass 2488,2488
2489,user 2489,user_pass 2489,2489
2490,user 2490,user_pass 2490,2490
2491,user 2491,user_pass 2491,2491
2492,user 2492,user_pass 2492,2492
2493,user 2493,user_pass 2493,2493
2494,user 2494,user_pass 2494,2494
2495,user 2495,user_pass 2495,2495
2496,user 2496,user_pass 2496,2496
2497,user 2497,user_pass 2497,2497
2498,user 2498,user_pass 2498,2498
2499,user 2499,user_pass 2499,2499
2500,user 2500,user_pass 2500,2500
2501,user 2501,user_pass 2501,2501
2502,user 2502,user_pass 2502,2502
2503,user 2503,user_pass 2503,2503
2504,user 2504,user_pass 2504,2504
2505,user 2505,user_pass 2505,2505
2506,user 2506,user_pass 2506,2506
2507,user 2507,user_pass 2507,2507
2508,user 2508,user_pass 2508,2508
2509,user 2509,user_pass 2509,2509
2510,user 2510,user_pass 2510,2510
2511,user 2511,user_pass 2511,2511
2512,user 2512,user_pass 2512,2512
2513,user 2513,user_pass 2513,2513
2514,user 2514,user_pass 2514,2514
2515,user 2515,user_pass 2515,2515
2516,user 2516,user_pass 2516,2516
2517,user 2517,user_pass 2517,2517
2518,user 2518,user_pass 2518,2518
2519,user 2519,user_pass 2519,2519
2520,user 2520,user_pass 2520,2520
2521,user 2521,user_pass 2521,2521
2522,user 2522,user_pass 2522,2522
2523,user 2523,user_pass 2523,2523
2524,user 2524,user_pass 2524,2524
2525,user 2525,user_pass 2525,2525
2526,user 2526,user_pass 2526,2526
2527,user 2527,user_pass 2527,2527
2528,user 2528,user_pass 2528,2528
2529,user 2529,user_pass 2529,2529
2530,user 2530,user_pass 2530,2530
2531,user 2531,user_pass 2531,2531
2532,user 2532,user_pass 2532,2532
2533,user 2533,user_pass 2533,2533
2534,user 2534,user_pass 2534,2534
2535,user 2535,user_pass 2535,2535
2536,user 2536,user_pass 2536,2536
2537,user 2537,user_pass 2537,2537
2538,user 2538,user_pass 2538,2538
2539,user 2539,user_pass 2539,2539
2540,user 2540,user_pass 2540,2540
2541,user 2541,user_pass 2541,2541
2542,user 2542,user_pass 2542,2542
2543,user 2543,user_pass 2543,2543
2544,user 2544,user_pass 2544,2544
2545,user 2545,user_pass 2545,2545
2546,user 2546,user_pass 2546,2546
2547,user 2547,user_pass 2547,2547
2548,user 2548,user_pass 2548,2548
2549,user 2549,user_pass 2549,2549
2550,user 2550,user_pass 2550,2550
2551,user 2551,user_pass 2551,2551
2552,user 2552,user_pass 2552,2552
2553,user 2553,user_pass 2553,2553
2554,user 2554,user_pass 2554,2554
2555,user 2555,user_pass 2555,2555
2556,user 2556,user_pass 2556,2556
2557,user 2557,user_pass 2557,2557
2558,user 2558,user_pass 2558,2558
2559,user 2559,user_pass 2559,2559
2560,user 2560,user_pass 2560,2560
2561,user 2561,user_pass 2561,2561
2562,user 2562,user_pass 2562,2562
2563,user 2563,user_pass 2563,2563
2564,user 2564,user_pass 2564,2564
2565,user 2565,user_pass 2565,2565
2566,user 2566,user_pass 2566,2566
2567,user 2567,user_pass 2567,2567
2568,user 2568,user_pass 2568,2568
2569,user 2569,user_pass 2569,2569
2570,user 2570,user_pass 2570,2570
2571,user 2571,user_pass 2571,2571
2572,user 2572,user_pass 2572,2572
2573,user 2573,user_pass 2573,2573
2574,user 2574,user_pass 2574,2574
2575,user 2575,user_pass 2575,2575
2576,user 2576,user_pass 2576,2576
2577,user 2577,user_pass 2577,2577
2578,user 2578,user_pass 2578,2578
2579,user 2579,user_pass 2579,2579
2580,user 2580,user_pass 2580,2580
2581,user 2581,user_pass 2581,2581
2582,user 2582,user_pass 2582,2582
2583,user 2583,user_pass 2583,2583
2584,user 2584,user_pass 2584,2584
2585,user 2585,user_pass 2585,2585
2586,user 2586,user_pass 2586,2586
2587,user 2587,user_pass 2587,2587
2588,user 2588,user_pass 2588,2588
2589,user 2589,user_pass 2589,2589
2590,user 2590,user_pass 2590,2590
2591,user 2591,user_pass 2591,2591
2592,user 2592,user_pass 2592,2592
2593,user 2593,user_pass 2593,2593
2594,user 2594,user_pass 2594,2594
2595,user 2595,user_pass 2595,2595
2596,user 2596,user_pass 2596,2596
2597,user 2597,user_pass 2597,2597
2598,user 2598,user_pass 2598,2598
2599,user 2599,user_pass 2599,2599
2600,user 2600,user_pass 2600,2600
2601,user 2601,user_pass 2601,2601
2602,user 2602,user_pass 2602,2602
2603,user 2603,user_pass 2603,2603
2604,user 2604,user_pass 2604,2604
2605,user 2605,user_pass 2605,2605
2606,user 2606,user_pass 2606,2606
2607,user 2607,user_pass 2607,2607
2608,user 2608,user_pass 2608,2608
2609,user 2609,user_pass 2609,2609
2610,user 2610,user_pass 2610,2610
2611,user 2611,user_pass 2611,2611
2612,user 2612,user_pass 2612,2612
2613,user 2613,user_pass 2613,2613
2614,user 2614,user_pass 2614,2614
2615,user 2615,user_pass 2615,2615
2616,user 2616,user_pass 2616,2616
2617,user 2617,user_pass 2617,2617
2618,user 2618,user_pass 2618,2618
2619,user 2619,user_pass 2619,2619
2620,user 2620,user_pass 2620,2620
2621,user 2621,user_pass 2621,2621
2622,user 2622,user_pass 2622,2622
2623,user 2623,user_pass 2623,2623
2624,user 2624,user_pass 2624,2624
2625,user 2625,user_pass 2625,2625
2626,user 2626,user_pass 2626,2626
2627,user 2627,user_pass 2627,2627
2628,user 2628,user_pass 2628,2628
2629,user 2629,user_pass 2629,2629
2630,user 2630,user_pass 2630,2630
2631,user 2631,user_pass 2631,2631
2632,user 2632,user_pass 2632,2632
2633,user 2633,user_pass 2633,2633
2634,user 2634,user_pass 2634,2634
2635,user 2635,user_pass 2635,2635
2636,user 2636,user_pass 2636,2636
2637,user 2637,user_pass 2637,2637
2638,user 2638,user_pass 2638,2638
2639,user 2639,user_pass 2639,2639
2640,user 2640,user_pass 2640,2640
2641,user 2641,user_pass 2641,2641
2642,user 2642,user_pass 2642,2642
2643,user 2643,user_pass 2643,2643
2644,user 2644,user_pass 2644,2644
2645,user 2645,user_pass 2645,2645
2646,user 2646,user_pass 2646,2646
2647,user 2647,user_pass 2647,2647
2648,user 2648,user_pass 2648,2648
2649,user 2649,user_pass 2649,2649
2650,user 2650,user_pass 2650,2650
2651,user 2651,user_pass 2651,2651
2652,user 2652,user_pass 2652,2652
2653,user 2653,user_pass 2653,2653
2654,user 2654,user_pass 2654,2654
2655,user 2655,user_pass 2655,2655
2656,user 2656,user_pass 2656,2656
2657,user 2657,user_pass 2657,2657
2658,user 2658,user_pass 2658,2658
2659,user 2659,user_pass 2659,2659
2660,user 2660,user_pass 2660,2660
2661,user 2661,user_pass 2661,2661
2662,user 2662,user_pass 2662,2662
2663,user 2663,user_pass 2663,2663
2664,user 2664,user_pass 2664,2664
2665,user 2665,user_pass 2665,2665
2666,user 2666,user_pass 2666,2666
2667,user 2667,user_pass 2667,2667
2668,user 2668,user_pass 2668,2668
2669,user 2669,user_pass 2669,2669
2670,user 2670,user_pass 2670,2670
2671,user 2671,user_pass 2671,2671
2672,user 2672,user_pass 2672,2672
2673,user 2673,user_pass 2673,2673
2674,user 2674,user_pass 2674,2674
2675,user 2675,user_pass 2675,2675
2676,user 2676,user_pass 2676,2676
2677,user 2677,user_pass 2677,2677
2678,user 2678,user_pass 2678,2678
2679,user 2679,user_pass 2679,2679
2680,user 2680,user_pass 2680,2680
2681,user 2681,user_pass 2681,2681
2682,user 2682,user_pass 2682,2682
2683,user 2683,user_pass 2683,2683
2684,user 2684,user_pass 2684,2684
2685,user 2685,user_pass 2685,2685
2686,user 2686,user_pass 2686,2686
2687,user 2687,user_pass 2687,2687
2688,user 2688,user_pass 2688,2688
2689,user 2689,user_pass 2689,2689
2690,user 2690,user_pass 2690,2690
2691,user 2691,user_pass 2691,2691
2692,user 2692,user_pass 2692,2692
2693,user 2693,user_pass 2693,2693
2694,user 2694,user_pass 2694,2694
2695,user 2695,user_pass 2695,2695
2696,user 2696,user_pass 2696,2696
2697,user 2697,user_pass 2697,2697
2698,user 2698,user_pass 2698,2698
2699,user 2699,user_pass 2699,2699
2700,user 2700,user_pass 2700,2700
2701,user 2701,user_pass 2701,2701
2702,user 2702,user_pass 2702,2702
2703,user 2703,user_pass 2703,2703
2704,user 2704,user_pass 2704,2704
2705,user 2705,user_pass 2705,2705
2706,user 2706,user_pass 2706,2706
2707,user 2707,user_pass 2707,2707
2708,user 2708,user_pass 2708,2708
2709,user 2709,user_pass 2709,2709
2710,user 2710,user_pass 2710,2710
2711,user 2711,user_pass 2711,2711
2712,user 2712,user_pass 2712,2712
2713,user 2713,user_pass 2713,2713
2714,user 2714,user_pass 2714,2714
2715,user 2715,user_pass 2715,2715
2716,user 2716,user_pass 2716,2716
2717,user 2717,user_pass 2717,2717
2718,user 2718,user_pass 2718,2718
2719,user 2719,user_pass 2719,2719
2720,user 2720,user_pass 2720,2720
2721,user 2721,user_pass 2721,2721
2722,user 2722,user_pass 2722,2722
2723,user 2723,user_pass 2723,2723
2724,user 2724,user_pass 2724,2724
2725,user 2725,user_pass 2725,2725
2726,user 2726,user_pass 2726,2726
2727,user 2727,user_pass 2727,2727
2728,user 2728,user_pass 2728,2728
2729,user 2729,user_pass 2729,2729
2730,user 2730,user_pass 2730,2730
2731,user 2731,user_pass 2731,2731
2732,user 2732,user_pass 2732,2732
2733,user 2733,user_pass 2733,2733
2734,user 2734,user_pass 2734,2734
2735,user 2735,user_pass 2735,2735
2736,user 2736,user_pass 2736,2736
2737,user 2737,user_pass 2737,2737
2738,user 2738,user_pass 2738,2738
2739,user 2739,user_pass 2739,2739
2740,user 2740,user_pass 2740,2740
2741,user 2741,user_pass 2741,2741
2742,user 2742,user_pass 2742,2742
2743,user 2743,user_pass 2743,2743
2744,user 2744,user_pass 2744,2744
2745,user 2745,user_pass 2745,2745
2746,user 2746,user_pass 2746,2746
2747,user 2747,user_pass 2747,2747
2748,user 2748,user_pass 2748,2748
2749,user 2749,user_pass 2749,2749
2750,user 2750,user_pass 2750,2750
2751,user 2751,user_pass 2751,2751
2752,user 2752,user_pass 2752,2752
2753,user 2753,user_pass 2753,2753
2754,user 2754,user_pass 2754,2754
2755,user 2755,user_pass 2755,2755
2756,user 2756,user_pass 2756,2756
2757,user 2757,user_pass 2757,2757
2758,user 2758,user_pass 2758,2758
2759,user 2759,user_pass 2759,2759
2760,user 2760,user_pass 2760,2760
2761,user 2761,user_pass 2761,2761
2762,user 2762,user_pass 2762,2762
2763,user 2763,user_pass 2763,2763
2764,user 2764,user_pass 2764,2764
2765,user 2765,user_pass 2765,2765
2766,user 2766,user_pass 2766,2766
2767,user 2767,user_pass 2767,2767
2768,user 2768,user_pass 2768,2768
2769,user 2769,user_pass 2769,2769
2770,user 2770,user_pass 2770,2770
2771,user 2771,user_pass 2771,2771
2772,user 2772,user_pass 2772,2772
2773,user 2773,user_pass 2773,2773
2774,user 2774,user_pass 2774,2774
2775,user 2775,user_pass 2775,2775
2776,user 2776,user_pass 2776,2776
2777,user 2777,user_pass 2777,2777
2778,user 2778,user_pass 2778,2778
2779,user 2779,user_pass 2779,2779
2780,user 2780,user_pass 2780,2780
2781,user 2781,user_pass 2781,2781
2782,user 2782,user_pass 2782,2782
2783,user 2783,user_pass 2783,2783
2784,user 2784,user_pass 2784,2784
2785,user 2785,user_pass 2785,2785
2786,user 2786,user_pass 2786,2786
2787,user 2787,user_pass 2787,2787
2788,user 2788,user_pass 2788,2788
2789,user 2789,user_pass 2789,2789
2790,user 2790,user_pass 2790,2790
2791,user 2791,user_pass 2791,2791
2792,user 2792,user_pass 2792,2792
2793,user 2793,user_pass 2793,2793
2794,user 2794,user_pass 2794,2794
2795,user 2795,user_pass 2795,2795
2796,user 2796,user_pass 2796,2796
2797,user 2797,user_pass 2797,2797
2798,user 2798,user_pass 2798,2798
2799,user 2799,user_pass 2799,2799
2800,user 2800,user_pass 2800,2800
2801,user 2801,user_pass 2801,2801
2802,user 2802,user_pass 2802,2802
2803,user 2803,user_pass 2803,2803
2804,user 2804,user_pass 2804,2804
2805,user 2805,user_pass 2805,2805
2806,user 2806,user_pass 2806,2806
2807,user 2807,user_pass 2807,2807
2808,user 2808,user_pass 2808,2808
2809,user 2809,user_pass 2809,2809
2810,user 2810,user_pass 2810,2810
2811,user 2811,user_pass 2811,2811
2812,user 2812,user_pass 2812,2812
2813,user 2813,user_pass 2813,2813
2814,user 2814,user_pass 2814,2814
2815,user 2815,user_pass 2815,2815
2816,user 2816,user_pass 2816,2816
2817,user 2817,user_pass 2817,2817
2818,user 2818,user_pass 2818,2818
2819,user 2819,user_pass 2819,2819
2820,user 2820,user_pass 2820,2820
2821,user 2821,user_pass 2821,2821
2822,user 2822,user_pass 2822,2822
2823,user 2823,user_pass 2823,2823
2824,user 2824,user_pass 2824,2824
2825,user 2825,user_pass 2825,2825
2826,user 2826,user_pass 2826,2826
2827,user 2827,user_pass 2827,2827
2828,user 2828,user_pass 2828,2828
2829,user 2829,user_pass 2829,2829
2830,user 2830,user_pass 2830,2830
2831,user 2831,user_pass 2831,2831
2832,user 2832,user_pass 2832,2832
2833,user 2833,user_pass 2833,2833
2834,user 2834,user_pass 2834,2834
2835,user 2835,user_pass 2835,2835
2836,user 2836,user_pass 2836,2836
2837,user 2837,user_pass 2837,2837
2838,user 2838,user_pass 2838,2838
2839,user 2839,user_pass 2839,2839
2840,user 2840,user_pass 2840,2840
2841,user 2841,user_pass 2841,2841
2842,user 2842,user_pass 2842,2842
2843,user 2843,user_pass 2843,2843
2844,user 2844,user_pass 2844,2844
2845,user 2845,user_pass 2845,2845
2846,user 2846,user_pass 2846,2846
2847,user 2847,user_pass 2847,2847
2848,user 2848,user_pass 2848,2848
2849,user 2849,user_pass 2849,2849
2850,user 2850,user_pass 2850,2850
2851,user 2851,user_pass 2851,2851
2852,user 2852,user_pass 2852,2852
2853,user 2853,user_pass 2853,2853
2854,user 2854,user_pass 2854,2854
2855,user 2855,user_pass 2855,2855
2856,user 2856,user_pass 2856,2856
2857,user 2857,user_pass 2857,2857
2858,user 2858,user_pass 2858,2858
2859,user 2859,user_pass 2859,2859
2860,user 2860,user_pass 2860,2860
2861,user 2861,user_pass 2861,2861
2862,user 2862,user_pass 2862,2862
2863,user 2863,user_pass 2863,2863
2864,user 2864,user_pass 2864,2864
2865,user 2865,user_pass 2865,2865
2866,user 2866,user_pass 2866,2866
2867,user 2867,user_pass 2867,2867
2868,user 2868,user_pass 2868,2868
2869,user 2869,user_pass 2869,2869
2870,user 2870,user_pass 2870,2870
2871,user 2871,user_pass 2871,2871
2872,user 2872,user_pass 2872,2872
2873,user 2873,user_pass 2873,2873
2874,user 2874,user_pass 2874,2874
2875,user 2875,user_pass 2875,2875
2876,user 2876,user_pass 2876,2876
2877,user 2877,user_pass 2877,2877
2878,user 2878,user_pass 2878,2878
2879,user 2879,user_pass 2879,2879
2880,user 2880,user_pass 2880,2880
2881,user 2881,user_pass 2881,2881
2882,user 2882,user_pass 2882,2882
2883,user 2883,user_pass 2883,2883
2884,user 2884,user_pass 2884,2884
2885,user 2885,user_pass 2885,2885
2886,user 2886,user_pass 2886,2886
2887,user 2887,user_pass 2887,2887
2888,user 2888,user_pass 2888,2888
2889,user 2889,user_pass 2889,2889
2890,user 2890,user_pass 2890,2890
2891,user 2891,user_pass 2891,2891
2892,user 2892,user_pass 2892,2892
2893,user 2893,user_pass 2893,2893
2894,user 2894,user_pass 2894,2894
2895,user 2895,user_pass 2895,2895
2896,user 2896,user_pass 2896,2896
2897,user 2897,user_pass 2897,2897
2898,user 2898,user_pass 2898,2898
2899,user 2899,user_pass 2899,2899
2900,user 2900,user_pass 2900,2900
2901,user 2901,user_pass 2901,2901
2902,user 2902,user_pass 2902,2902
2903,user 2903,user_pass 2903,2903
2904,user 2904,user_pass 2904,2904
2905,user 2905,user_pass 2905,2905
2906,user 2906,user_pass 2906,2906
2907,user 2907,user_pass 2907,2907
2908,user 2908,user_pass 2908,2908
2909,user 2909,user_pass 2909,2909
2910,user 2910,user_pass 2910,2910
2911,user 2911,user_pass 2911,2911
2912,user 2912,user_pass 2912,2912
2913,user 2913,user_pass 2913,2913
2914,user 2914,user_pass 2914,2914
2915,user 2915,user_pass 2915,2915
2916,user 2916,user_pass 2916,2916
2917,user 2917,user_pass 2917,2917
2918,user 2918,user_pass 2918,2918
2919,user 2919,user_pass 2919,2919
2920,user 2920,user_pass 2920,2920
2921,user 2921,user_pass 2921,2921
2922,user 2922,user_pass 2922,2922
2923,user 2923,user_pass 2923,2923
2924,user 2924,user_pass 2924,2924
2925,user 2925,user_pass 2925,2925
2926,user 2926,user_pass 2926,2926
2927,user 2927,user_pass 2927,2927
2928,user 2928,user_pass 2928,2928
2929,user 2929,user_pass 2929,2929
2930,user 2930,user_pass 2930,2930
2931,user 2931,user_pass 2931,2931
2932,user 2932,user_pass 2932,2932
2933,user 2933,user_pass 2933,2933
2934,user 2934,user_pass 2934,2934
2935,user 2935,user_pass 2935,2935
2936,user 2936,user_pass 2936,2936
2937,user 2937,user_pass 2937,2937
2938,user 2938,user_pass 2938,2938
2939,user 2939,user_pass 2939,2939
2940,user 2940,user_pass 2940,2940
2941,user 2941,user_pass 2941,2941
2942,user 2942,user_pass 2942,2942
2943,user 2943,user_pass 2943,2943
2944,user 2944,user_pass 2944,2944
2945,user 2945,user_pass 2945,2945
2946,user 2946,user_pass 2946,2946
2947,user 2947,user_pass 2947,2947
2948,user 2948,user_pass 2948,2948
2949,user 2949,user_pass 2949,2949
2950,user 2950,user_pass 2950,2950
2951,user 2951,user_pass 2951,2951
2952,user 2952,user_pass 2952,2952
2953,user 2953,user_pass 2953,2953
2954,user 2954,user_pass 2954,2954
2955,user 2955,user_pass 2955,2955
2956,user 2956,user_pass 2956,2956
2957,user 2957,user_pass 2957,2957
2958,user 2958,user_pass 2958,2958
2959,user 2959,user_pass 2959,2959
2960,user 2960,user_pass 2960,2960
2961,user 2961,user_pass 2961,2961
2962,user 2962,user_pass 2962,2962
2963,user 2963,user_pass 2963,2963
2964,user 2964,user_pass 2964,2964
2965,user 2965,user_pass 2965,2965
2966,user 2966,user_pass 2966,2966
2967,user 2967,user_pass 2967,2967
2968,user 2968,user_pass 2968,2968
2969,user 2969,user_pass 2969,2969
2970,user 2970,user_pass 2970,2970
2971,user 2971,user_pass 2971,2971
2972,user 2972,user_pass 2972,2972
2973,user 2973,user_pass 2973,2973
2974,user 2974,user_pass 2974,2974
2975,user 2975,user_pass 2975,2975
2976,user 2976,user_pass 2976,2976
2977,user 2977,user_pass 2977,2977
2978,user 2978,user_pass 2978,2978
2979,user 2979,user_pass 2979,2979
2980,user 2980,user_pass 2980,2980
2981,user 2981,user_pass 2981,2981
2982,user 2982,user_pass 2982,2982
2983,user 2983,user_pass 2983,2983
2984,user 2984,user_pass 2984,2984
2985,user 2985,user_pass 2985,2985
2986,user 2986,user_pass 2986,2986
2987,user 2987,user_pass 2987,2987
2988,user 2988,user_pass 2988,2988
2989,user 2989,user_pass 2989,2989
2990,user 2990,user_pass 2990,2990
2991,user 2991,user_pass 2991,2991
2992,user 2992,user_pass 2992,2992
2993,user 2993,user_pass 2993,2993
2994,user 2994,user_pass 2994,2994
2995,user 2995,user_pass 2995,2995
2996,user 2996,user_pass 2996,2996
2997,user 2997,user_pass 2997,2997
2998,user 2998,user_pass 2998,2998
2999,user 2999,user_pass 2999,2999
3000,user 3000,user_pass 3000,3000
3001,user 3001,user_pass 3001,3001
3002,user 3002,user_pass 3002,3002
3003,user 3003,user_pass 3003,3003
3004,user 3004,user_pass 3004,3004
3005,user 3005,user_pass 3005,3005
3006,user 3006,user_pass 3006,3006
3007,user 3007,user_pass 3007,3007
3008,user 3008,user_pass 3008,3008
3009,user 3009,user_pass 3009,3009
3010,user 3010,user_pass 3010,3010
3011,user 3011,user_pass 3011,3011
3012,user 3012,user_pass 3012,3012
3013,user 3013,user_pass 3013,3013
3014,user 3014,user_pass 3014,3014
3015,user 3015,user_pass 3015,3015
3016,user 3016,user_pass 3016,3016
3017,user 3017,user_pass 3017,3017
3018,user 3018,user_pass 3018,3018
3019,user 3019,user_pass 3019,3019
3020,user 3020,user_pass 3020,3020
3021,user 3021,user_pass 3021,3021
3022,user 3022,user_pass 3022,3022
3023,user 3023,user_pass 3023,3023
3024,user 3024,user_pass 3024,3024
3025,user 3025,user_pass 3025,3025
3026,user 3026,user_pass 3026,3026
3027,user 3027,user_pass 3027,3027
3028,user 3028,user_pass 3028,3028
3029,user 3029,user_pass 3029,3029
3030,user 3030,user_pass 3030,3030
3031,user 3031,user_pass 3031,3031
3032,user 3032,user_pass 3032,3032
3033,user 3033,user_pass 3033,3033
3034,user 3034,user_pass 3034,3034
3035,user 3035,user_pass 3035,3035
3036,user 3036,user_pass 3036,3036
3037,user 3037,user_pass 3037,3037
3038,user 3038,user_pass 3038,3038
3039,user 3039,user_pass 3039,3039
3040,user 3040,user_pass 3040,3040
3041,user 3041,user_pass 3041,3041
3042,user 3042,user_pass 3042,3042
3043,user 3043,user_pass 3043,3043
3044,user 3044,user_pass 3044,3044
3045,user 3045,user_pass 3045,3045
3046,user 3046,user_pass 3046,3046
3047,user 3047,user_pass 3047,3047
3048,user 3048,user_pass 3048,3048
3049,user 3049,user_pass 3049,3049
3050,user 3050,user_pass 3050,3050
3051,user 3051,user_pass 3051,3051
3052,user 3052,user_pass 3052,3052
3053,user 3053,user_pass 3053,3053
3054,user 3054,user_pass 3054,3054
3055,user 3055,user_pass 3055,3055
3056,user 3056,user_pass 3056,3056
3057,user 3057,user_pass 3057,3057
3058,user 3058,user_pass 3058,3058
3059,user 3059,user_pass 3059,3059
3060,user 3060,user_pass 3060,3060
3061,user 3061,user_pass 3061,3061
3062,user 3062,user_pass 3062,3062
3063,user 3063,user_pass 3063,3063
3064,user 3064,user_pass 3064,3064
3065,user 3065,user_pass 3065,3065
3066,user 3066,user_pass 3066,3066
3067,user 3067,user_pass 3067,3067
3068,user 3068,user_pass 3068,3068
3069,user 3069,user_pass 3069,3069
3070,user 3070,user_pass 3070,3070
3071,user 3071,user_pass 3071,3071
3072,user 3072,user_pass 3072,3072
3073,user 3073,user_pass 3073,3073
3074,user 3074,user_pass 3074,3074
3075,user 3075,user_pass 3075,3075
3076,user 3076,user_pass 3076,3076
3077,user 3077,user_pass 3077,3077
3078,user 3078,user_pass 3078,3078
3079,user 3079,user_pass 3079,3079
3080,user 3080,user_pass 3080,3080
3081,user 3081,user_pass 3081,3081
3082,user 3082,user_pass 3082,3082
3083,user 3083,user_pass 3083,3083
3084,user 3084,user_pass 3084,3084
3085,user 3085,user_pass 3085,3085
3086,user 3086,user_pass 3086,3086
3087,user 3087,user_pass 3087,3087
3088,user 3088,user_pass 3088,3088
3089,user 3089,user_pass 3089,3089
3090,user 3090,user_pass 3090,3090
3091,user 3091,user_pass 3091,3091
3092,user 3092,user_pass 3092,3092
3093,user 3093,user_pass 3093,3093
3094,user 3094,user_pass 3094,3094
3095,user 3095,user_pass 3095,3095
3096,user 3096,user_pass 3096,3096
3097,user 3097,user_pass 3097,3097
3098,user 3098,user_pass 3098,3098
3099,user 3099,user_pass 3099,3099
3100,user 3100,user_pass 3100,3100
3101,user 3101,user_pass 3101,3101
3102,user 3102,user_pass 3102,3102
3103,user 3103,user_pass 3103,3103
3104,user 3104,user_pass 3104,3104
3105,user 3105,user_pass 3105,3105
3106,user 3106,user_pass 3106,3106
3107,user 3107,user_pass 3107,3107
3108,user 3108,user_pass 3108,3108
3109,user 3109,user_pass 3109,3109
3110,user 3110,user_pass 3110,3110
3111,user 3111,user_pass 3111,3111
3112,user 3112,user_pass 3112,3112
3113,user 3113,user_pass 3113,3113
3114,user 3114,user_pass 3114,3114
3115,user 3115,user_pass 3115,3115
3116,user 3116,user_pass 3116,3116
3117,user 3117,user_pass 3117,3117
3118,user 3118,user_pass 3118,3118
3119,user 3119,user_pass 3119,3119
3120,user 3120,user_pass 3120,3120
3121,user 3121,user_pass 3121,3121
3122,user 3122,user_pass 3122,3122
3123,user 3123,user_pass 3123,3123
3124,user 3124,user_pass 3124,3124
3125,user 3125,user_pass 3125,3125
3126,user 3126,user_pass 3126,3126
3127,user 3127,user_pass 3127,3127
3128,user 3128,user_pass 3128,3128
3129,user 3129,user_pass 3129,3129
3130,user 3130,user_pass 3130,3130
3131,user 3131,user_pass 3131,3131
3132,user 3132,user_pass 3132,3132
3133,user 3133,user_pass 3133,3133
3134,user 3134,user_pass 3134,3134
3135,user 3135,user_pass 3135,3135
3136,user 3136,user_pass 3136,3136
3137,user 3137,user_pass 3137,3137
3138,user 3138,user_pass 3138,3138
3139,user 3139,user_pass 3139,3139
3140,user 3140,user_pass 3140,3140
3141,user 3141,user_pass 3141,3141
3142,user 3142,user_pass 3142,3142
3143,user 3143,user_pass 3143,3143
3144,user 3144,user_pass 3144,3144
3145,user 3145,user_pass 3145,3145
3146,user 3146,user_pass 3146,3146
3147,user 3147,user_pass 3147,3147
3148,user 3148,user_pass 3148,3148
3149,user 3149,user_pass 3149,3149
3150,user 3150,user_pass 3150,3150
3151,user 3151,user_pass 3151,3151
3152,user 3152,user_pass 3152,3152
3153,user 3153,user_pass 3153,3153
3154,user 3154,user_pass 3154,3154
3155,user 3155,user_pass 3155,3155
3156,user 3156,user_pass 3156,3156
3157,user 3157,user_pass 3157,3157
3158,user 3158,user_pass 3158,3158
3159,user 3159,user_pass 3159,3159
3160,user 3160,user_pass 3160,3160
3161,user 3161,user_pass 3161,3161
3162,user 3162,user_pass 3162,3162
3163,user 3163,user_pass 3163,3163
3164,user 3164,user_pass 3164,3164
3165,user 3165,user_pass 3165,3165
3166,user 3166,user_pass 3166,3166
3167,user 3167,user_pass 3167,3167
3168,user 3168,user_pass 3168,3168
3169,user 3169,user_pass 3169,3169
3170,user 3170,user_pass 3170,3170
3171,user 3171,user_pass 3171,3171
3172,user 3172,user_pass 3172,3172
3173,user 3173,user_pass 3173,3173
3174,user 3174,user_pass 3174,3174
3175,user 3175,user_pass 3175,3175
3176,user 3176,user_pass 3176,3176
3177,user 3177,user_pass 3177,3177
3178,user 3178,user_pass 3178,3178
3179,user 3179,user_pass 3179,3179
3180,user 3180,user_pass 3180,3180
3181,user 3181,user_pass 3181,3181
3182,user 3182,user_pass 3182,3182
3183,user 3183,user_pass 3183,3183
3184,user 3184,user_pass 3184,3184
3185,user 3185,user_pass 3185,3185
3186,user 3186,user_pass 3186,3186
3187,user 3187,user_pass 3187,3187
3188,user 3188,user_pass 3188,3188
3189,user 3189,user_pass 3189,3189
3190,user 3190,user_pass 3190,3190
3191,user 3191,user_pass 3191,3191
3192,user 3192,user_pass 3192,3192
3193,user 3193,user_pass 3193,3193
3194,user 3194,user_pass 3194,3194
3195,user 3195,user_pass 3195,3195
3196,user 3196,user_pass 3196,3196
3197,user 3197,user_pass 3197,3197
3198,user 3198,user_pass 3198,3198
3199,user 3199,user_pass 3199,3199
3200,user 3200,user_pass 3200,3200
3201,user 3201,user_pass 3201,3201
3202,user 3202,user_pass 3202,3202
3203,user 3203,user_pass 3203,3203
3204,user 3204,user_pass 3204,3204
3205,user 3205,user_pass 3205,3205
3206,user 3206,user_pass 3206,3206
3207,user 3207,user_pass 3207,3207
3208,user 3208,user_pass 3208,3208
3209,user 3209,user_pass 3209,3209
3210,user 3210,user_pass 3210,3210
3211,user 3211,user_pass 3211,3211
3212,user 3212,user_pass 3212,3212
3213,user 3213,user_pass 3213,3213
3214,user 3214,user_pass 3214,3214
3215,user 3215,user_pass 3215,3215
3216,user 3216,user_pass 3216,3216
3217,user 3217,user_pass 3217,3217
3218,user 3218,user_pass 3218,3218
3219,user 3219,user_pass 3219,3219
3220,user 3220,user_pass 3220,3220
3221,user 3221,user_pass 3221,3221
3222,user 3222,user_pass 3222,3222
3223,user 3223,user_pass 3223,3223
3224,user 3224,user_pass 3224,3224
3225,user 3225,user_pass 3225,3225
3226,user 3226,user_pass 3226,3226
3227,user 3227,user_pass 3227,3227
3228,user 3228,user_pass 3228,3228
3229,user 3229,user_pass 3229,3229
3230,user 3230,user_pass 3230,3230
3231,user 3231,user_pass 3231,3231
3232,user 3232,user_pass 3232,3232
3233,user 3233,user_pass 3233,3233
3234,user 3234,user_pass 3234,3234
3235,user 3235,user_pass 3235,3235
3236,user 3236,user_pass 3236,3236
3237,user 3237,user_pass 3237,3237
3238,user 3238,user_pass 3238,3238
3239,user 3239,user_pass 3239,3239
3240,user 3240,user_pass 3240,3240
3241,user 3241,user_pass 3241,3241
3242,user 3242,user_pass 3242,3242
3243,user 3243,user_pass 3243,3243
3244,user 3244,user_pass 3244,3244
3245,user 3245,user_pass 3245,3245
3246,user 3246,user_pass 3246,3246
3247,user 3247,user_pass 3247,3247
3248,user 3248,user_pass 3248,3248
3249,user 3249,user_pass 3249,3249
3250,user 3250,user_pass 3250,3250
3251,user 3251,user_pass 3251,3251
3252,user 3252,user_pass 3252,3252
3253,user 3253,user_pass 3253,3253
3254,user 3254,user_pass 3254,3254
3255,user 3255,user_pass 3255,3255
3256,user 3256,user_pass 3256,3256
3257,user 3257,user_pass 3257,3257
3258,user 3258,user_pass 3258,3258
3259,user 3259,user_pass 3259,3259
3260,user 3260,user_pass 3260,3260
3261,user 3261,user_pass 3261,3261
3262,user 3262,user_pass 3262,3262
3263,user 3263,user_pass 3263,3263
3264,user 3264,user_pass 3264,3264
3265,user 3265,user_pass 3265,3265
3266,user 3266,user_pass 3266,3266
3267,user 3267,user_pass 3267,3267
3268,user 3268,user_pass 3268,3268
3269,user 3269,user_pass 3269,3269
3270,user 3270,user_pass 3270,3270
3271,user 3271,user_pass 3271,3271
3272,user 3272,user_pass 3272,3272
3273,user 3273,user_pass 3273,3273
3274,user 3274,user_pass 3274,3274
3275,user 3275,user_pass 3275,3275
3276,user 3276,user_pass 3276,3276
3277,user 3277,user_pass 3277,3277
3278,user 3278,user_pass 3278,3278
3279,user 3279,user_pass 3279,3279
3280,user 3280,user_pass 3280,3280
3281,user 3281,user_pass 3281,3281
3282,user 3282,user_pass 3282,3282
3283,user 3283,user_pass 3283,3283
3284,user 3284,user_pass 3284,3284
3285,user 3285,user_pass 3285,3285
3286,user 3286,user_pass 3286,3286
3287,user 3287,user_pass 3287,3287
3288,user 3288,user_pass 3288,3288
3289,user 3289,user_pass 3289,3289
3290,user 3290,user_pass 3290,3290
3291,user 3291,user_pass 3291,3291
3292,user 3292,user_pass 3292,3292
3293,user 3293,user_pass 3293,3293
3294,user 3294,user_pass 3294,3294
3295,user 3295,user_pass 3295,3295
3296,user 3296,user_pass 3296,3296
3297,user 3297,user_pass 3297,3297
3298,user 3298,user_pass 3298,3298
3299,user 3299,user_pass 3299,3299
3300,user 3300,user_pass 3300,3300
3301,user 3301,user_pass 3301,3301
3302,user 3302,user_pass 3302,3302
3303,user 3303,user_pass 3303,3303
3304,user 3304,user_pass 3304,3304
3305,user 3305,user_pass 3305,3305
3306,user 3306,user_pass 3306,3306
3307,user 3307,user_pass 3307,3307
3308,user 3308,user_pass 3308,3308
3309,user 3309,user_pass 3309,3309
3310,user 3310,user_pass 3310,3310
3311,user 3311,user_pass 3311,3311
3312,user 3312,user_pass 3312,3312
3313,user 3313,user_pass 3313,3313
3314,user 3314,user_pass 3314,3314
3315,user 3315,user_pass 3315,3315
3316,user 3316,user_pass 3316,3316
3317,user 3317,user_pass 3317,3317
3318,user 3318,user_pass 3318,3318
3319,user 3319,user_pass 3319,3319
3320,user 3320,user_pass 3320,3320
3321,user 3321,user_pass 3321,3321
3322,user 3322,user_pass 3322,3322
3323,user 3323,user_pass 3323,3323
3324,user 3324,user_pass 3324,3324
3325,user 3325,user_pass 3325,3325
3326,user 3326,user_pass 3326,3326
3327,user 3327,user_pass 3327,3327
3328,user 3328,user_pass 3328,3328
3329,user 3329,user_pass 3329,3329
3330,user 3330,user_pass 3330,3330
3331,user 3331,user_pass 3331,3331
3332,user 3332,user_pass 3332,3332
