3333,user 3333,user_pass 3333,3333
3334,user 3334,user_pass 3334,3334
3335,user 3335,user_pass 3335,3335
3336,user 3336,user_pass 3336,3336
3337,user 3337,user_pass 3337,3337
3338,user 3338,user_pass 3338,3338
3339,user 3339,user_pass 3339,3339
3340,user 3340,user_pass 3340,3340
3341,user 3341,user_pass 3341,3341
3342,user 3342,user_pass 3342,3342
3343,user 3343,user_pass 3343,3343
3344,user 3344,user_pass 3344,3344
3345,user 3345,user_pass 3345,3345
3346,user 3346,user_pass 3346,3346
3347,user 3347,user_pass 3347,3347
3348,user 3348,user_pass 3348,3348
3349,user 3349,user_pass 3349,3349
3350,user 3350,user_pass 3350,3350
3351,user 3351,user_pass 3351,3351
3352,user 3352,user_pass 3352,3352
3353,user 3353,user_pass 3353,3353
3354,user 3354,user_pass 3354,3354
3355,user 3355,user_pass 3355,3355
3356,user 3356,user_pass 3356,3356
3357,user 3357,user_pass 3357,3357
3358,user 3358,user_pass 3358,3358
3359,user 3359,user_pass 3359,3359
3360,user 3360,user_pass 3360,3360
3361,user 3361,user_pass 3361,3361
3362,user 3362,user_pass 3362,3362
3363,user 3363,user_pass 3363,3363
3364,user 3364,user_pass 3364,3364
3365,user 3365,user_pass 3365,3365
3366,user 3366,user_pass 3366,3366
3367,user 3367,user_pass 3367,3367
3368,user 3368,user_pass 3368,3368
3369,user 3369,user_pass 3369,3369
3370,user 3370,user_pass 3370,3370
3371,user 3371,user_pass 3371,3371
3372,user 3372,user_pass 3372,3372
3373,user 3373,user_pass 3373,3373
3374,user 3374,user_pass 3374,3374
3375,user 3375,user_pass 3375,3375
3376,user 3376,user_pass 3376,3376
3377,user 3377,user_pass 3377,3377
3378,user 3378,user_pass 3378,3378
3379,user 3379,user_pass 3379,3379
3380,user 3380,user_pass 3380,3380
3381,user 3381,user_pass 3381,3381
3382,user 3382,user_pass 3382,3382
3383,user 3383,user_pass 3383,3383
3384,user 3384,user_pass 3384,3384
3385,user 3385,user_pass 3385,3385
3386,user 3386,user_pass 3386,3386
3387,user 3387,user_pass 3387,3387
3388,user 3388,user_pass 3388,3388
3389,user 3389,user_pass 3389,3389
3390,user 3390,user_pass 3390,3390
3391,user 3391,user_pass 3391,3391
3392,user 3392,user_pass 3392,3392
3393,user 3393,user_pass 3393,3393
3394,user 3394,user_pass 3394,3394
3395,user 3395,user_pass 3395,3395
3396,user 3396,user_pass 3396,3396
3397,user 3397,user_pass 3397,3397
3398,user 3398,user_pass 3398,3398
3399,user 3399,user_pass 3399,3399
3400,user 3400,user_pass 3400,3400
3401,user 3401,user_pass 3401,3401
3402,user 3402,user_pass 3402,3402
3403,user 3403,user_pass 3403,3403
3404,user 3404,user_pass 3404,3404
3405,user 3405,user_pass 3405,3405
3406,user 3406,user_pass 3406,3406
3407,user 3407,user_pass 3407,3407
3408,user 3408,user_pass 3408,3408
3409,user 3409,user_pass 3409,3409
3410,user 3410,user_pass 3410,3410
3411,user 3411,user_pass 3411,3411
3412,user 3412,user_pass 3412,3412
3413,user 3413,user_pass 3413,3413
3414,user 3414,user_pass 3414,3414
3415,user 3415,user_pass 3415,3415
3416,user 3416,user_pass 3416,3416
3417,user 3417,user_pass 3417,3417
3418,user 3418,user_pass 3418,3418
3419,user 3419,user_pass 3419,3419
3420,user 3420,user_pass 3420,3420
3421,user 3421,user_pass 3421,3421
3422,user 3422,user_pass 3422,3422
3423,user 3423,user_pass 3423,3423
3424,user 3424,user_pass 3424,3424
3425,user 3425,user_pass 3425,3425
3426,user 3426,user_pass 3426,3426
3427,user 3427,user_pass 3427,3427
3428,user 3428,user_pass 3428,3428
3429,user 3429,user_pass 3429,3429
3430,user 3430,user_pass 3430,3430
3431,user 3431,user_pass 3431,3431
3432,user 3432,user_pass 3432,3432
3433,user 3433,user_pass 3433,3433
3434,user 3434,user_pass 3434,3434
3435,user 3435,user_pass 3435,3435
3436,user 3436,user_pass 3436,3436
3437,user 3437,user_pass 3437,3437
3438,user 3438,user_pass 3438,3438
3439,user 3439,user_pass 3439,3439
3440,user 3440,user_pass 3440,3440
3441,user 3441,user_pass 3441,3441
3442,user 3442,user_pass 3442,3442
3443,user 3443,user_pass 3443,3443
3444,user 3444,user_pass 3444,3444
3445,user 3445,user_pass 3445,3445
3446,user 3446,user_pass 3446,3446
3447,user 3447,user_pass 3447,3447
3448,user 3448,user_pass 3448,3448
3449,user 3449,user_pass 3449,3449
3450,user 3450,user_pass 3450,3450
3451,user 3451,user_pass 3451,3451
3452,user 3452,user_pass 3452,3452
3453,user 3453,user_pass 3453,3453
3454,user 3454,user_pass 3454,3454
3455,user 3455,user_pass 3455,3455
3456,user 3456,user_pass 3456,3456
3457,user 3457,user_pass 3457,3457
3458,user 3458,user_pass 3458,3458
3459,user 3459,user_pass 3459,3459
3460,user 3460,user_pass 3460,3460
3461,user 3461,user_pass 3461,3461
3462,user 3462,user_pass 3462,3462
3463,user 3463,user_pass 3463,3463
3464,user 3464,user_pass 3464,3464
3465,user 3465,user_pass 3465,3465
3466,user 3466,user_pass 3466,3466
3467,user 3467,user_pass 3467,3467
3468,user 3468,user_pass 3468,3468
3469,user 3469,user_pass 3469,3469
3470,user 3470,user_pass 3470,3470
3471,user 3471,user_pass 3471,3471
3472,user 3472,user_pass 3472,3472
3473,user 3473,user_pass 3473,3473
3474,user 3474,user_pass 3474,3474
3475,user 3475,user_pass 3475,3475
3476,user 3476,user_pass 3476,3476
3477,user 3477,user_pass 3477,3477
3478,user 3478,user_pass 3478,3478
3479,user 3479,user_pass 3479,3479
3480,user 3480,user_pass 3480,3480
3481,user 3481,user_pass 3481,3481
3482,user 3482,user_pass 3482,3482
3483,user 3483,user_pass 3483,3483
3484,user 3484,user_pass 3484,3484
3485,user 3485,user_pass 3485,3485
3486,user 3486,user_pass 3486,3486
3487,user 3487,user_pass 3487,3487
3488,user 3488,user_pass 3488,3488
3489,user 3489,user_pass 3489,3489
3490,user 3490,user_pass 3490,3490
3491,user 3491,user_pass 3491,3491
3492,user 3492,user_pass 3492,3492
3493,user 3493,user_pass 3493,3493
3494,user 3494,user_pass 3494,3494
3495,user 3495,user_pass 3495,3495
3496,user 3496,user_pass 3496,3496
3497,user 3497,user_pass 3497,3497
3498,user 3498,user_pass 3498,3498
3499,user 3499,user_pass 3499,3499
3500,user 3500,user_pass 3500,3500
3501,user 3501,user_pass 3501,3501
3502,user 3502,user_pass 3502,3502
3503,user 3503,user_pass 3503,3503
3504,user 3504,user_pass 3504,3504
3505,user 3505,user_pass 3505,3505
3506,user 3506,user_pass 3506,3506
3507,user 3507,user_pass 3507,3507
3508,user 3508,user_pass 3508,3508
3509,user 3509,user_pass 3509,3509
3510,user 3510,user_pass 3510,3510
3511,user 3511,user_pass 3511,3511
3512,user 3512,user_pass 3512,3512
3513,user 3513,user_pass 3513,3513
3514,user 3514,user_pass 3514,3514
3515,user 3515,user_pass 3515,3515
3516,user 3516,user_pass 3516,3516
3517,user 3517,user_pass 3517,3517
3518,user 3518,user_pass 3518,3518
3519,user 3519,user_pass 3519,3519
3520,user 3520,user_pass 3520,3520
3521,user 3521,user_pass 3521,3521
3522,user 3522,user_pass 3522,3522
3523,user 3523,user_pass 3523,3523
3524,user 3524,user_pass 3524,3524
3525,user 3525,user_pass 3525,3525
3526,user 3526,user_pass 3526,3526
3527,user 3527,user_pass 3527,3527
3528,user 3528,user_pass 3528,3528
3529,user 3529,user_pass 3529,3529
3530,user 3530,user_pass 3530,3530
3531,user 3531,user_pass 3531,3531
3532,user 3532,user_pass 3532,3532
3533,user 3533,user_pass 3533,3533
3534,user 3534,user_pass 3534,3534
3535,user 3535,user_pass 3535,3535
3536,user 3536,user_pass 3536,3536
3537,user 3537,user_pass 3537,3537
3538,user 3538,user_pass 3538,3538
3539,user 3539,user_pass 3539,3539
3540,user 3540,user_pass 3540,3540
3541,user 3541,user_pass 3541,3541
3542,user 3542,user_pass 3542,3542
3543,user 3543,user_pass 3543,3543
3544,user 3544,user_pass 3544,3544
3545,user 3545,user_pass 3545,3545
3546,user 3546,user_pass 3546,3546
3547,user 3547,user_pass 3547,3547
3548,user 3548,user_pass 3548,3548
3549,user 3549,user_pass 3549,3549
3550,user 3550,user_pass 3550,3550
3551,user 3551,user_pass 3551,3551
3552,user 3552,user_pass 3552,3552
3553,user 3553,user_pass 3553,3553
3554,user 3554,user_pass 3554,3554
3555,user 3555,user_pass 3555,3555
3556,user 3556,user_pass 3556,3556
3557,user 3557,user_pass 3557,3557
3558,user 3558,user_pass 3558,3558
3559,user 3559,user_pass 3559,3559
3560,user 3560,user_pass 3560,3560
3561,user 3561,user_pass 3561,3561
3562,user 3562,user_pass 3562,3562
3563,user 3563,user_pass 3563,3563
3564,user 3564,user_pass 3564,3564
3565,user 3565,user_pass 3565,3565
3566,user 3566,user_pass 3566,3566
3567,user 3567,user_pass 3567,3567
3568,user 3568,user_pass 3568,3568
3569,user 3569,user_pass 3569,3569
3570,user 3570,user_pass 3570,3570
3571,user 3571,user_pass 3571,3571
3572,user 3572,user_pass 3572,3572
3573,user 3573,user_pass 3573,3573
3574,user 3574,user_pass 3574,3574
3575,user 3575,user_pass 3575,3575
3576,user 3576,user_pass 3576,3576
3577,user 3577,user_pass 3577,3577
3578,user 3578,user_pass 3578,3578
3579,user 3579,user_pass 3579,3579
3580,user 3580,user_pass 3580,3580
3581,user 3581,user_pass 3581,3581
3582,user 3582,user_pass 3582,3582
3583,user 3583,user_pass 3583,3583
3584,user 3584,user_pass 3584,3584
3585,user 3585,user_pass 3585,3585
3586,user 3586,user_pass 3586,3586
3587,user 3587,user_pass 3587,3587
3588,user 3588,user_pass 3588,3588
3589,user 3589,user_pass 3589,3589
3590,user 3590,user_pass 3590,3590
3591,user 3591,user_pass 3591,3591
3592,user 3592,user_pass 3592,3592
3593,user 3593,user_pass 3593,3593
3594,user 3594,user_pass 3594,3594
3595,user 3595,user_pass 3595,3595
3596,user 3596,user_pass 3596,3596
3597,user 3597,user_pass 3597,3597
3598,user 3598,user_pass 3598,3598
3599,user 3599,user_pass 3599,3599
3600,user 3600,user_pass 3600,3600
3601,user 3601,user_pass 3601,3601
3602,user 3602,user_pass 3602,3602
3603,user 3603,user_pass 3603,3603
3604,user 3604,user_pass 3604,3604
3605,user 3605,user_pass 3605,3605
3606,user 3606,user_pass 3606,3606
3607,user 3607,user_pass 3607,3607
3608,user 3608,user_pass 3608,3608
3609,user 3609,user_pass 3609,3609
3610,user 3610,user_pass 3610,3610
3611,user 3611,user_pass 3611,3611
3612,user 3612,user_pass 3612,3612
3613,user 3613,user_pass 3613,3613
3614,user 3614,user_pass 3614,3614
3615,user 3615,user_pass 3615,3615
3616,user 3616,user_pass 3616,3616
3617,user 3617,user_pass 3617,3617
3618,user 3618,user_pass 3618,3618
3619,user 3619,user_pass 3619,3619
3620,user 3620,user_pass 3620,3620
3621,user 3621,user_pass 3621,3621
3622,user 3622,user_pass 3622,3622
3623,user 3623,user_pass 3623,3623
3624,user 3624,user_pass 3624,3624
3625,user 3625,user_pass 3625,3625
3626,user 3626,user_pass 3626,3626
3627,user 3627,user_pass 3627,3627
3628,user 3628,user_pass 3628,3628
3629,user 3629,user_pass 3629,3629
3630,user 3630,user_pass 3630,3630
3631,user 3631,user_pass 3631,3631
3632,user 3632,user_pass 3632,3632
3633,user 3633,user_pass 3633,3633
3634,user 3634,user_pass 3634,3634
3635,user 3635,user_pass 3635,3635
3636,user 3636,user_pass 3636,3636
3637,user 3637,user_pass 3637,3637
3638,user 3638,user_pass 3638,3638
3639,user 3639,user_pass 3639,3639
3640,user 3640,user_pass 3640,3640
3641,user 3641,user_pass 3641,3641
3642,user 3642,user_pass 3642,3642
3643,user 3643,user_pass 3643,3643
3644,user 3644,user_pass 3644,3644
3645,user 3645,user_pass 3645,3645
3646,user 3646,user_pass 3646,3646
3647,user 3647,user_pass 3647,3647
3648,user 3648,user_pass 3648,3648
3649,user 3649,user_pass 3649,3649
3650,user 3650,user_pass 3650,3650
3651,user 3651,user_pass 3651,3651
3652,user 3652,user_pass 3652,3652
3653,user 3653,user_pass 3653,3653
3654,user 3654,user_pass 3654,3654
3655,user 3655,user_pass 3655,3655
3656,user 3656,user_pass 3656,3656
3657,user 3657,user_pass 3657,3657
3658,user 3658,user_pass 3658,3658
3659,user 3659,user_pass 3659,3659
3660,user 3660,user_pass 3660,3660
3661,user 3661,user_pass 3661,3661
3662,user 3662,user_pass 3662,3662
3663,user 3663,user_pass 3663,3663
3664,user 3664,user_pass 3664,3664
3665,user 3665,user_pass 3665,3665
3666,user 3666,user_pass 3666,3666
3667,user 3667,user_pass 3667,3667
3668,user 3668,user_pass 3668,3668
3669,user 3669,user_pass 3669,3669
3670,user 3670,user_pass 3670,3670
3671,user 3671,user_pass 3671,3671
3672,user 3672,user_pass 3672,3672
3673,user 3673,user_pass 3673,3673
3674,user 3674,user_pass 3674,3674
3675,user 3675,user_pass 3675,3675
3676,user 3676,user_pass 3676,3676
3677,user 3677,user_pass 3677,3677
3678,user 3678,user_pass 3678,3678
3679,user 3679,user_pass 3679,3679
3680,user 3680,user_pass 3680,3680
3681,user 3681,user_pass 3681,3681
3682,user 3682,user_pass 3682,3682
3683,user 3683,user_pass 3683,3683
3684,user 3684,user_pass 3684,3684
3685,user 3685,user_pass 3685,3685
3686,user 3686,user_pass 3686,3686
3687,user 3687,user_pass 3687,3687
3688,user 3688,user_pass 3688,3688
3689,user 3689,user_pass 3689,3689
3690,user 3690,user_pass 3690,3690
3691,user 3691,user_pass 3691,3691
3692,user 3692,user_pass 3692,3692
3693,user 3693,user_pass 3693,3693
3694,user 3694,user_pass 3694,3694
3695,user 3695,user_pass 3695,3695
3696,user 3696,user_pass 3696,3696
3697,user 3697,user_pass 3697,3697
3698,user 3698,user_pass 3698,3698
3699,user 3699,user_pass 3699,3699
3700,user 3700,user_pass 3700,3700
3701,user 3701,user_pass 3701,3701
3702,user 3702,user_pass 3702,3702
3703,user 3703,user_pass 3703,3703
3704,user 3704,user_pass 3704,3704
3705,user 3705,user_pass 3705,3705
3706,user 3706,user_pass 3706,3706
3707,user 3707,user_pass 3707,3707
3708,user 3708,user_pass 3708,3708
3709,user 3709,user_pass 3709,3709
3710,user 3710,user_pass 3710,3710
3711,user 3711,user_pass 3711,3711
3712,user 3712,user_pass 3712,3712
3713,user 3713,user_pass 3713,3713
3714,user 3714,user_pass 3714,3714
3715,user 3715,user_pass 3715,3715
3716,user 3716,user_pass 3716,3716
3717,user 3717,user_pass 3717,3717
3718,user 3718,user_pass 3718,3718
3719,user 3719,user_pass 3719,3719
3720,user 3720,user_pass 3720,3720
3721,user 3721,user_pass 3721,3721
3722,user 3722,user_pass 3722,3722
3723,user 3723,user_pass 3723,3723
3724,user 3724,user_pass 3724,3724
3725,user 3725,user_pass 3725,3725
3726,user 3726,user_pass 3726,3726
3727,user 3727,user_pass 3727,3727
3728,user 3728,user_pass 3728,3728
3729,user 3729,user_pass 3729,3729
3730,user 3730,user_pass 3730,3730
3731,user 3731,user_pass 3731,3731
3732,user 3732,user_pass 3732,3732
3733,user 3733,user_pass 3733,3733
3734,user 3734,user_pass 3734,3734
3735,user 3735,user_pass 3735,3735
3736,user 3736,user_pass 3736,3736
3737,user 3737,user_pass 3737,3737
3738,user 3738,user_pass 3738,3738
3739,user 3739,user_pass 3739,3739
3740,user 3740,user_pass 3740,3740
3741,user 3741,user_pass 3741,3741
3742,user 3742,user_pass 3742,3742
3743,user 3743,user_pass 3743,3743
3744,user 3744,user_pass 3744,3744
3745,user 3745,user_pass 3745,3745
3746,user 3746,user_pass 3746,3746
3747,user 3747,user_pass 3747,3747
3748,user 3748,user_pass 3748,3748
3749,user 3749,user_pass 3749,3749
3750,user 3750,user_pass 3750,3750
3751,user 3751,user_pass 3751,3751
3752,user 3752,user_pass 3752,3752
3753,user 3753,user_pass 3753,3753
3754,user 3754,user_pass 3754,3754
3755,user 3755,user_pass 3755,3755
3756,user 3756,user_pass 3756,3756
3757,user 3757,user_pass 3757,3757
3758,user 3758,user_pass 3758,3758
3759,user 3759,user_pass 3759,3759
3760,user 3760,user_pass 3760,3760
3761,user 3761,user_pass 3761,3761
3762,user 3762,user_pass 3762,3762
3763,user 3763,user_pass 3763,3763
3764,user 3764,user_pass 3764,3764
3765,user 3765,user_pass 3765,3765
3766,user 3766,user_pass 3766,3766
3767,user 3767,user_pass 3767,3767
3768,user 3768,user_pass 3768,3768
3769,user 3769,user_pass 3769,3769
3770,user 3770,user_pass 3770,3770
3771,user 3771,user_pass 3771,3771
3772,user 3772,user_pass 3772,3772
3773,user 3773,user_pass 3773,3773
3774,user 3774,user_pass 3774,3774
3775,user 3775,user_pass 3775,3775
3776,user 3776,user_pass 3776,3776
3777,user 3777,user_pass 3777,3777
3778,user 3778,user_pass 3778,3778
3779,user 3779,user_pass 3779,3779
3780,user 3780,user_pass 3780,3780
3781,user 3781,user_pass 3781,3781
3782,user 3782,user_pass 3782,3782
3783,user 3783,user_pass 3783,3783
3784,user 3784,user_pass 3784,3784
3785,user 3785,user_pass 3785,3785
3786,user 3786,user_pass 3786,3786
3787,user 3787,user_pass 3787,3787
3788,user 3788,user_pass 3788,3788
3789,user 3789,user_pass 3789,3789
3790,user 3790,user_pass 3790,3790
3791,user 3791,user_pass 3791,3791
3792,user 3792,user_pass 3792,3792
3793,user 3793,user_pass 3793,3793
3794,user 3794,user_pass 3794,3794
3795,user 3795,user_pass 3795,3795
3796,user 3796,user_pass 3796,3796
3797,user 3797,user_pass 3797,3797
3798,user 3798,user_pass 3798,3798
3799,user 3799,user_pass 3799,3799
3800,user 3800,user_pass 3800,3800
3801,user 3801,user_pass 3801,3801
3802,user 3802,user_pass 3802,3802
3803,user 3803,user_pass 3803,3803
3804,user 3804,user_pass 3804,3804
3805,user 3805,user_pass 3805,3805
3806,user 3806,user_pass 3806,3806
3807,user 3807,user_pass 3807,3807
3808,user 3808,user_pass 3808,3808
3809,user 3809,user_pass 3809,3809
3810,user 3810,user_pass 3810,3810
3811,user 3811,user_pass 3811,3811
3812,user 3812,user_pass 3812,3812
3813,user 3813,user_pass 3813,3813
3814,user 3814,user_pass 3814,3814
3815,user 3815,user_pass 3815,3815
3816,user 3816,user_pass 3816,3816
3817,user 3817,user_pass 3817,3817
3818,user 3818,user_pass 3818,3818
3819,user 3819,user_pass 3819,3819
3820,user 3820,user_pass 3820,3820
3821,user 3821,user_pass 3821,3821
3822,user 3822,user_pass 3822,3822
3823,user 3823,user_pass 3823,3823
3824,user 3824,user_pass 3824,3824
3825,user 3825,user_pass 3825,3825
3826,user 3826,user_pass 3826,3826
3827,user 3827,user_pass 3827,3827
3828,user 3828,user_pass 3828,3828
3829,user 3829,user_pass 3829,3829
3830,user 3830,user_pass 3830,3830
3831,user 3831,user_pass 3831,3831
3832,user 3832,user_pass 3832,3832
3833,user 3833,user_pass 3833,3833
3834,user 3834,user_pass 3834,3834
3835,user 3835,user_pass 3835,3835
3836,user 3836,user_pass 3836,3836
3837,user 3837,user_pass 3837,3837
3838,user 3838,user_pass 3838,3838
3839,user 3839,user_pass 3839,3839
3840,user 3840,user_pass 3840,3840
3841,user 3841,user_pass 3841,3841
3842,user 3842,user_pass 3842,3842
3843,user 3843,user_pass 3843,3843
3844,user 3844,user_pass 3844,3844
3845,user 3845,user_pass 3845,3845
3846,user 3846,user_pass 3846,3846
3847,user 3847,user_pass 3847,3847
3848,user 3848,user_pass 3848,3848
3849,user 3849,user_pass 3849,3849
3850,user 3850,user_pass 3850,3850
3851,user 3851,user_pass 3851,3851
3852,user 3852,user_pass 3852,3852
3853,user 3853,user_pass 3853,3853
3854,user 3854,user_pass 3854,3854
3855,user 3855,user_pass 3855,3855
3856,user 3856,user_pass 3856,3856
3857,user 3857,user_pass 3857,3857
3858,user 3858,user_pass 3858,3858
3859,user 3859,user_pass 3859,3859
3860,user 3860,user_pass 3860,3860
3861,user 3861,user_pass 3861,3861
3862,user 3862,user_pass 3862,3862
3863,user 3863,user_pass 3863,3863
3864,user 3864,user_pass 3864,3864
3865,user 3865,user_pass 3865,3865
3866,user 3866,user_pass 3866,3866
3867,user 3867,user_pass 3867,3867
3868,user 3868,user_pass 3868,3868
3869,user 3869,user_pass 3869,3869
3870,user 3870,user_pass 3870,3870
3871,user 3871,user_pass 3871,3871
3872,user 3872,user_pass 3872,3872
3873,user 3873,user_pass 3873,3873
3874,user 3874,user_pass 3874,3874
3875,user 3875,user_pass 3875,3875
3876,user 3876,user_pass 3876,3876
3877,user 3877,user_pass 3877,3877
3878,user 3878,user_pass 3878,3878
3879,user 3879,user_pass 3879,3879
3880,user 3880,user_pass 3880,3880
3881,user 3881,user_pass 3881,3881
3882,user 3882,user_pass 3882,3882
3883,user 3883,user_pass 3883,3883
3884,user 3884,user_pass 3884,3884
3885,user 3885,user_pass 3885,3885
3886,user 3886,user_pass 3886,3886
3887,user 3887,user_pass 3887,3887
3888,user 3888,user_pass 3888,3888
3889,user 3889,user_pass 3889,3889
3890,user 3890,user_pass 3890,3890
3891,user 3891,user_pass 3891,3891
3892,user 3892,user_pass 3892,3892
3893,user 3893,user_pass 3893,3893
3894,user 3894,user_pass 3894,3894
3895,user 3895,user_pass 3895,3895
3896,user 3896,user_pass 3896,3896
3897,user 3897,user_pass 3897,3897
3898,user 3898,user_pass 3898,3898
3899,user 3899,user_pass 3899,3899
3900,user 3900,user_pass 3900,3900
3901,user 3901,user_pass 3901,3901
3902,user 3902,user_pass 3902,3902
3903,user 3903,user_pass 3903,3903
3904,user 3904,user_pass 3904,3904
3905,user 3905,user_pass 3905,3905
3906,user 3906,user_pass 3906,3906
3907,user 3907,user_pass 3907,3907
3908,user 3908,user_pass 3908,3908
3909,user 3909,user_pass 3909,3909
3910,user 3910,user_pass 3910,3910
3911,user 3911,user_pass 3911,3911
3912,user 3912,user_pass 3912,3912
3913,user 3913,user_pass 3913,3913
3914,user 3914,user_pass 3914,3914
3915,user 3915,user_pass 3915,3915
3916,user 3916,user_pass 3916,3916
3917,user 3917,user_pass 3917,3917
3918,user 3918,user_pass 3918,3918
3919,user 3919,user_pass 3919,3919
3920,user 3920,user_pass 3920,3920
3921,user 3921,user_pass 3921,3921
3922,user 3922,user_pass 3922,3922
3923,user 3923,user_pass 3923,3923
3924,user 3924,user_pass 3924,3924
3925,user 3925,user_pass 3925,3925
3926,user 3926,user_pass 3926,3926
3927,user 3927,user_pass 3927,3927
3928,user 3928,user_pass 3928,3928
3929,user 3929,user_pass 3929,3929
3930,user 3930,user_pass 3930,3930
3931,user 3931,user_pass 3931,3931
3932,user 3932,user_pass 3932,3932
3933,user 3933,user_pass 3933,3933
3934,user 3934,user_pass 3934,3934
3935,user 3935,user_pass 3935,3935
3936,user 3936,user_pass 3936,3936
3937,user 3937,user_pass 3937,3937
3938,user 3938,user_pass 3938,3938
3939,user 3939,user_pass 3939,3939
3940,user 3940,user_pass 3940,3940
3941,user 3941,user_pass 3941,3941
3942,user 3942,user_pass 3942,3942
3943,user 3943,user_pass 3943,3943
3944,user 3944,user_pass 3944,3944
3945,user 3945,user_pass 3945,3945
3946,user 3946,user_pass 3946,3946
3947,user 3947,user_pass 3947,3947
3948,user 3948,user_pass 3948,3948
3949,user 3949,user_pass 3949,3949
3950,user 3950,user_pass 3950,3950
3951,user 3951,user_pass 3951,3951
3952,user 3952,user_pass 3952,3952
3953,user 3953,user_pass 3953,3953
3954,user 3954,user_pass 3954,3954
3955,user 3955,user_pass 3955,3955
3956,user 3956,user_pass 3956,3956
3957,user 3957,user_pass 3957,3957
3958,user 3958,user_pass 3958,3958
3959,user 3959,user_pass 3959,3959
3960,user 3960,user_pass 3960,3960
3961,user 3961,user_pass 3961,3961
3962,user 3962,user_pass 3962,3962
3963,user 3963,user_pass 3963,3963
3964,user 3964,user_pass 3964,3964
3965,user 3965,user_pass 3965,3965
3966,user 3966,user_pass 3966,3966
3967,user 3967,user_pass 3967,3967
3968,user 3968,user_pass 3968,3968
3969,user 3969,user_pass 3969,3969
3970,user 3970,user_pass 3970,3970
3971,user 3971,user_pass 3971,3971
3972,user 3972,user_pass 3972,3972
3973,user 3973,user_pass 3973,3973
3974,user 3974,user_pass 3974,3974
3975,user 3975,user_pass 3975,3975
3976,user 3976,user_pass 3976,3976
3977,user 3977,user_pass 3977,3977
3978,user 3978,user_pass 3978,3978
3979,user 3979,user_pass 3979,3979
3980,user 3980,user_pass 3980,3980
3981,user 3981,user_pass 3981,3981
3982,user 3982,user_pass 3982,3982
3983,user 3983,user_pass 3983,3983
3984,user 3984,user_pass 3984,3984
3985,user 3985,user_pass 3985,3985
3986,user 3986,user_pass 3986,3986
3987,user 3987,user_pass 3987,3987
3988,user 3988,user_pass 3988,3988
3989,user 3989,user_pass 3989,3989
3990,user 3990,user_pass 3990,3990
3991,user 3991,user_pass 3991,3991
3992,user 3992,user_pass 3992,3992
3993,user 3993,user_pass 3993,3993
3994,user 3994,user_pass 3994,3994
3995,user 3995,user_pass 3995,3995
3996,user 3996,user_pass 3996,3996
3997,user 3997,user_pass 3997,3997
3998,user 3998,user_pass 3998,3998
3999,user 3999,user_pass 3999,3999
4000,user 4000,user_pass 4000,4000
4001,user 4001,user_pass 4001,4001
4002,user 4002,user_pass 4002,4002
4003,user 4003,user_pass 4003,4003
4004,user 4004,user_pass 4004,4004
4005,user 4005,user_pass 4005,4005
4006,user 4006,user_pass 4006,4006
4007,user 4007,user_pass 4007,4007
4008,user 4008,user_pass 4008,4008
4009,user 4009,user_pass 4009,4009
4010,user 4010,user_pass 4010,4010
4011,user 4011,user_pass 4011,4011
4012,user 4012,user_pass 4012,4012
4013,user 4013,user_pass 4013,4013
4014,user 4014,user_pass 4014,4014
4015,user 4015,user_pass 4015,4015
4016,user 4016,user_pass 4016,4016
4017,user 4017,user_pass 4017,4017
4018,user 4018,user_pass 4018,4018
4019,user 4019,user_pass 4019,4019
4020,user 4020,user_pass 4020,4020
4021,user 4021,user_pass 4021,4021
4022,user 4022,user_pass 4022,4022
4023,user 4023,user_pass 4023,4023
4024,user 4024,user_pass 4024,4024
4025,user 4025,user_pass 4025,4025
4026,user 4026,user_pass 4026,4026
4027,user 4027,user_pass 4027,4027
4028,user 4028,user_pass 4028,4028
4029,user 4029,user_pass 4029,4029
4030,user 4030,user_pass 4030,4030
4031,user 4031,user_pass 4031,4031
4032,user 4032,user_pass 4032,4032
4033,user 4033,user_pass 4033,4033
4034,user 4034,user_pass 4034,4034
4035,user 4035,user_pass 4035,4035
4036,user 4036,user_pass 4036,4036
4037,user 4037,user_pass 4037,4037
4038,user 4038,user_pass 4038,4038
4039,user 4039,user_pass 4039,4039
4040,user 4040,user_pass 4040,4040
4041,user 4041,user_pass 4041,4041
4042,user 4042,user_pass 4042,4042
4043,user 4043,user_pass 4043,4043
4044,user 4044,user_pass 4044,4044
4045,user 4045,user_pass 4045,4045
4046,user 4046,user_pass 4046,4046
4047,user 4047,user_pass 4047,4047
4048,user 4048,user_pass 4048,4048
4049,user 4049,user_pass 4049,4049
4050,user 4050,user_pass 4050,4050
4051,user 4051,user_pass 4051,4051
4052,user 4052,user_pass 4052,4052
4053,user 4053,user_pass 4053,4053
4054,user 4054,user_pass 4054,4054
4055,user 4055,user_pass 4055,4055
4056,user 4056,user_pass 4056,4056
4057,user 4057,user_pass 4057,4057
4058,user 4058,user_pass 4058,4058
4059,user 4059,user_pass 4059,4059
4060,user 4060,user_pass 4060,4060
4061,user 4061,user_pass 4061,4061
4062,user 4062,user_pass 4062,4062
4063,user 4063,user_pass 4063,4063
4064,user 4064,user_pass 4064,4064
4065,user 4065,user_pass 4065,4065
4066,user 4066,user_pass 4066,4066
4067,user 4067,user_pass 4067,4067
4068,user 4068,user_pass 4068,4068
4069,user 4069,user_pass 4069,4069
4070,user 4070,user_pass 4070,4070
4071,user 4071,user_pass 4071,4071
4072,user 4072,user_pass 4072,4072
4073,user 4073,user_pass 4073,4073
4074,user 4074,user_pass 4074,4074
4075,user 4075,user_pass 4075,4075
4076,user 4076,user_pass 4076,4076
4077,user 4077,user_pass 4077,4077
4078,user 4078,user_pass 4078,4078
4079,user 4079,user_pass 4079,4079
4080,user 4080,user_pass 4080,4080
4081,user 4081,user_pass 4081,4081
4082,user 4082,user_pass 4082,4082
4083,user 4083,user_pass 4083,4083
4084,user 4084,user_pass 4084,4084
4085,user 4085,user_pass 4085,4085
4086,user 4086,user_pass 4086,4086
4087,user 4087,user_pass 4087,4087
4088,user 4088,user_pass 4088,4088
4089,user 4089,user_pass 4089,4089
4090,user 4090,user_pass 4090,4090
4091,user 4091,user_pass 4091,4091
4092,user 4092,user_pass 4092,4092
4093,user 4093,user_pass 4093,4093
4094,user 4094,user_pass 4094,4094
4095,user 4095,user_pass 4095,4095
4096,user 4096,user_pass 4096,4096
4097,user 4097,user_pass 4097,4097
4098,user 4098,user_pass 4098,4098
4099,user 4099,user_pass 4099,4099
4100,user 4100,user_pass 4100,4100
4101,user 4101,user_pass 4101,4101
4102,user 4102,user_pass 4102,4102
4103,user 4103,user_pass 4103,4103
4104,user 4104,user_pass 4104,4104
4105,user 4105,user_pass 4105,4105
4106,user 4106,user_pass 4106,4106
4107,user 4107,user_pass 4107,4107
4108,user 4108,user_pass 4108,4108
4109,user 4109,user_pass 4109,4109
4110,user 4110,user_pass 4110,4110
4111,user 4111,user_pass 4111,4111
4112,user 4112,user_pass 4112,4112
4113,user 4113,user_pass 4113,4113
4114,user 4114,user_pass 4114,4114
4115,user 4115,user_pass 4115,4115
4116,user 4116,user_pass 4116,4116
4117,user 4117,user_pass 4117,4117
4118,user 4118,user_pass 4118,4118
4119,user 4119,user_pass 4119,4119
4120,user 4120,user_pass 4120,4120
4121,user 4121,user_pass 4121,4121
4122,user 4122,user_pass 4122,4122
4123,user 4123,user_pass 4123,4123
4124,user 4124,user_pass 4124,4124
4125,user 4125,user_pass 4125,4125
4126,user 4126,user_pass 4126,4126
4127,user 4127,user_pass 4127,4127
4128,user 4128,user_pass 4128,4128
4129,user 4129,user_pass 4129,4129
4130,user 4130,user_pass 4130,4130
4131,user 4131,user_pass 4131,4131
4132,user 4132,user_pass 4132,4132
4133,user 4133,user_pass 4133,4133
4134,user 4134,user_pass 4134,4134
4135,user 4135,user_pass 4135,4135
4136,user 4136,user_pass 4136,4136
4137,user 4137,user_pass 4137,4137
4138,user 4138,user_pass 4138,4138
4139,user 4139,user_pass 4139,4139
4140,user 4140,user_pass 4140,4140
4141,user 4141,user_pass 4141,4141
4142,user 4142,user_pass 4142,4142
4143,user 4143,user_pass 4143,4143
4144,user 4144,user_pass 4144,4144
4145,user 4145,user_pass 4145,4145
4146,user 4146,user_pass 4146,4146
4147,user 4147,user_pass 4147,4147
4148,user 4148,user_pass 4148,4148
4149,user 4149,user_pass 4149,4149
4150,user 4150,user_pass 4150,4150
4151,user 4151,user_pass 4151,4151
4152,user 4152,user_pass 4152,4152
4153,user 4153,user_pass 4153,4153
4154,user 4154,user_pass 4154,4154
4155,user 4155,user_pass 4155,4155
4156,user 4156,user_pass 4156,4156
4157,user 4157,user_pass 4157,4157
4158,user 4158,user_pass 4158,4158
4159,user 4159,user_pass 4159,4159
4160,user 4160,user_pass 4160,4160
4161,user 4161,user_pass 4161,4161
4162,user 4162,user_pass 4162,4162
4163,user 4163,user_pass 4163,4163
4164,user 4164,user_pass 4164,4164
4165,user 4165,user_pass 4165,4165
4166,user 4166,user_pass 4166,4166
4167,user 4167,user_pass 4167,4167
4168,user 4168,user_pass 4168,4168
4169,user 4169,user_pass 4169,4169
4170,user 4170,user_pass 4170,4170
4171,user 4171,user_pass 4171,4171
4172,user 4172,user_pass 4172,4172
4173,user 4173,user_pass 4173,4173
4174,user 4174,user_pass 4174,4174
4175,user 4175,user_pass 4175,4175
4176,user 4176,user_pass 4176,4176
4177,user 4177,user_pass 4177,4177
4178,user 4178,user_pass 4178,4178
4179,user 4179,user_pass 4179,4179
4180,user 4180,user_pass 4180,4180
4181,user 4181,user_pass 4181,4181
4182,user 4182,user_pass 4182,4182
4183,user 4183,user_pass 4183,4183
4184,user 4184,user_pass 4184,4184
4185,user 4185,user_pass 4185,4185
4186,user 4186,user_pass 4186,4186
4187,user 4187,user_pass 4187,4187
4188,user 4188,user_pass 4188,4188
4189,user 4189,user_pass 4189,4189
4190,user 4190,user_pass 4190,4190
4191,user 4191,user_pass 4191,4191
4192,user 4192,user_pass 4192,4192
4193,user 4193,user_pass 4193,4193
4194,user 4194,user_pass 4194,4194
4195,user 4195,user_pass 4195,4195
4196,user 4196,user_pass 4196,4196
4197,user 4197,user_pass 4197,4197
4198,user 4198,user_pass 4198,4198
4199,user 4199,user_pass 4199,4199
4200,user 4200,user_pass 4200,4200
4201,user 4201,user_pass 4201,4201
4202,user 4202,user_pass 4202,4202
4203,user 4203,user_pass 4203,4203
4204,user 4204,user_pass 4204,4204
4205,user 4205,user_pass 4205,4205
4206,user 4206,user_pass 4206,4206
4207,user 4207,user_pass 4207,4207
4208,user 4208,user_pass 4208,4208
4209,user 4209,user_pass 4209,4209
4210,user 4210,user_pass 4210,4210
4211,user 4211,user_pass 4211,4211
4212,user 4212,user_pass 4212,4212
4213,user 4213,user_pass 4213,4213
4214,user 4214,user_pass 4214,4214
4215,user 4215,user_pass 4215,4215
4216,user 4216,user_pass 4216,4216
4217,user 4217,user_pass 4217,4217
4218,user 4218,user_pass 4218,4218
4219,user 4219,user_pass 4219,4219
4220,user 4220,user_pass 4220,4220
4221,user 4221,user_pass 4221,4221
4222,user 4222,user_pass 4222,4222
4223,user 4223,user_pass 4223,4223
4224,user 4224,user_pass 4224,4224
4225,user 4225,user_pass 4225,4225
4226,user 4226,user_pass 4226,4226
4227,user 4227,user_pass 4227,4227
4228,user 4228,user_pass 4228,4228
4229,user 4229,user_pass 4229,4229
4230,user 4230,user_pass 4230,4230
4231,user 4231,user_pass 4231,4231
4232,user 4232,user_pass 4232,4232
4233,user 4233,user_pass 4233,4233
4234,user 4234,user_pass 4234,4234
4235,user 4235,user_pass 4235,4235
4236,user 4236,user_pass 4236,4236
4237,user 4237,user_pass 4237,4237
4238,user 4238,user_pass 4238,4238
4239,user 4239,user_pass 4239,4239
4240,user 4240,user_pass 4240,4240
4241,user 4241,user_pass 4241,4241
4242,user 4242,user_pass 4242,4242
4243,user 4243,user_pass 4243,4243
4244,user 4244,user_pass 4244,4244
4245,user 4245,user_pass 4245,4245
4246,user 4246,user_pass 4246,4246
4247,user 4247,user_pass 4247,4247
4248,user 4248,user_pass 4248,4248
4249,user 4249,user_pass 4249,4249
4250,user 4250,user_pass 4250,4250
4251,user 4251,user_pass 4251,4251
4252,user 4252,user_pass 4252,4252
4253,user 4253,user_pass 4253,4253
4254,user 4254,user_pass 4254,4254
4255,user 4255,user_pass 4255,4255
4256,user 4256,user_pass 4256,4256
4257,user 4257,user_pass 4257,4257
4258,user 4258,user_pass 4258,4258
4259,user 4259,user_pass 4259,4259
4260,user 4260,user_pass 4260,4260
4261,user 4261,user_pass 4261,4261
4262,user 4262,user_pass 4262,4262
4263,user 4263,user_pass 4263,4263
4264,user 4264,user_pass 4264,4264
4265,user 4265,user_pass 4265,4265
4266,user 4266,user_pass 4266,4266
4267,user 4267,user_pass 4267,4267
4268,user 4268,user_pass 4268,4268
4269,user 4269,user_pass 4269,4269
4270,user 4270,user_pass 4270,4270
4271,user 4271,user_pass 4271,4271
4272,user 4272,user_pass 4272,4272
4273,user 4273,user_pass 4273,4273
4274,user 4274,user_pass 4274,4274
4275,user 4275,user_pass 4275,4275
4276,user 4276,user_pass 4276,4276
4277,user 4277,user_pass 4277,4277
4278,user 4278,user_pass 4278,4278
4279,user 4279,user_pass 4279,4279
4280,user 4280,user_pass 4280,4280
4281,user 4281,user_pass 4281,4281
4282,user 4282,user_pass 4282,4282
4283,user 4283,user_pass 4283,4283
4284,user 4284,user_pass 4284,4284
4285,user 4285,user_pass 4285,4285
4286,user 4286,user_pass 4286,4286
4287,user 4287,user_pass 4287,4287
4288,user 4288,user_pass 4288,4288
4289,user 4289,user_pass 4289,4289
4290,user 4290,user_pass 4290,4290
4291,user 4291,user_pass 4291,4291
4292,user 4292,user_pass 4292,4292
4293,user 4293,user_pass 4293,4293
4294,user 4294,user_pass 4294,4294
4295,user 4295,user_pass 4295,4295
4296,user 4296,user_pass 4296,4296
4297,user 4297,user_pass 4297,4297
4298,user 4298,user_pass 4298,4298
4299,user 4299,user_pass 4299,4299
4300,user 4300,user_pass 4300,4300
4301,user 4301,user_pass 4301,4301
4302,user 4302,user_pass 4302,4302
4303,user 4303,user_pass 4303,4303
4304,user 4304,user_pass 4304,4304
4305,user 4305,user_pass 4305,4305
4306,user 4306,user_pass 4306,4306
4307,user 4307,user_pass 4307,4307
4308,user 4308,user_pass 4308,4308
4309,user 4309,user_pass 4309,4309
4310,user 4310,user_pass 4310,4310
4311,user 4311,user_pass 4311,4311
4312,user 4312,user_pass 4312,4312
4313,user 4313,user_pass 4313,4313
4314,user 4314,user_pass 4314,4314
4315,user 4315,user_pass 4315,4315
4316,user 4316,user_pass 4316,4316
4317,user 4317,user_pass 4317,4317
4318,user 4318,user_pass 4318,4318
4319,user 4319,user_pass 4319,4319
4320,user 4320,user_pass 4320,4320
4321,user 4321,user_pass 4321,4321
4322,user 4322,user_pass 4322,4322
4323,user 4323,user_pass 4323,4323
4324,user 4324,user_pass 4324,4324
4325,user 4325,user_pass 4325,4325
4326,user 4326,user_pass 4326,4326
4327,user 4327,user_pass 4327,4327
4328,user 4328,user_pass 4328,4328
4329,user 4329,user_pass 4329,4329
4330,user 4330,user_pass 4330,4330
4331,user 4331,user_pass 4331,4331
4332,user 4332,user_pass 4332,4332
4333,user 4333,user_pass 4333,4333
4334,user 4334,user_pass 4334,4334
4335,user 4335,user_pass 4335,4335
4336,user 4336,user_pass 4336,4336
4337,user 4337,user_pass 4337,4337
4338,user 4338,user_pass 4338,4338
4339,user 4339,user_pass 4339,4339
4340,user 4340,user_pass 4340,4340
4341,user 4341,user_pass 4341,4341
4342,user 4342,user_pass 4342,4342
4343,user 4343,user_pass 4343,4343
4344,user 4344,user_pass 4344,4344
4345,user 4345,user_pass 4345,4345
4346,user 4346,user_pass 4346,4346
4347,user 4347,user_pass 4347,4347
4348,user 4348,user_pass 4348,4348
4349,user 4349,user_pass 4349,4349
4350,user 4350,user_pass 4350,4350
4351,user 4351,user_pass 4351,4351
4352,user 4352,user_pass 4352,4352
4353,user 4353,user_pass 4353,4353
4354,user 4354,user_pass 4354,4354
4355,user 4355,user_pass 4355,4355
4356,user 4356,user_pass 4356,4356
4357,user 4357,user_pass 4357,4357
4358,user 4358,user_pass 4358,4358
4359,user 4359,user_pass 4359,4359
4360,user 4360,user_pass 4360,4360
4361,user 4361,user_pass 4361,4361
4362,user 4362,user_pass 4362,4362
4363,user 4363,user_pass 4363,4363
4364,user 4364,user_pass 4364,4364
4365,user 4365,user_pass 4365,4365
4366,user 4366,user_pass 4366,4366
4367,user 4367,user_pass 4367,4367
4368,user 4368,user_pass 4368,4368
4369,user 4369,user_pass 4369,4369
4370,user 4370,user_pass 4370,4370
4371,user 4371,user_pass 4371,4371
4372,user 4372,user_pass 4372,4372
4373,user 4373,user_pass 4373,4373
4374,user 4374,user_pass 4374,4374
4375,user 4375,user_pass 4375,4375
4376,user 4376,user_pass 4376,4376
4377,user 4377,user_pass 4377,4377
4378,user 4378,user_pass 4378,4378
4379,user 4379,user_pass 4379,4379
4380,user 4380,user_pass 4380,4380
4381,user 4381,user_pass 4381,4381
4382,user 4382,user_pass 4382,4382
4383,user 4383,user_pass 4383,4383
4384,user 4384,user_pass 4384,4384
4385,user 4385,user_pass 4385,4385
4386,user 4386,user_pass 4386,4386
4387,user 4387,user_pass 4387,4387
4388,user 4388,user_pass 4388,4388
4389,user 4389,user_pass 4389,4389
4390,user 4390,user_pass 4390,4390
4391,user 4391,user_pass 4391,4391
4392,user 4392,user_pass 4392,4392
4393,user 4393,user_pass 4393,4393
4394,user 4394,user_pass 4394,4394
4395,user 4395,user_pass 4395,4395
4396,user 4396,user_pass 4396,4396
4397,user 4397,user_pass 4397,4397
4398,user 4398,user_pass 4398,4398
4399,user 4399,user_pass 4399,4399
4400,user 4400,user_pass 4400,4400
4401,user 4401,user_pass 4401,4401
4402,user 4402,user_pass 4402,4402
4403,user 4403,user_pass 4403,4403
4404,user 4404,user_pass 4404,4404
4405,user 4405,user_pass 4405,4405
4406,user 4406,user_pass 4406,4406
4407,user 4407,user_pass 4407,4407
4408,user 4408,user_pass 4408,4408
4409,user 4409,user_pass 4409,4409
4410,user 4410,user_pass 4410,4410
4411,user 4411,user_pass 4411,4411
4412,user 4412,user_pass 4412,4412
4413,user 4413,user_pass 4413,4413
4414,user 4414,user_pass 4414,4414
4415,user 4415,user_pass 4415,4415
4416,user 4416,user_pass 4416,4416
4417,user 4417,user_pass 4417,4417
4418,user 4418,user_pass 4418,4418
4419,user 4419,user_pass 4419,4419
4420,user 4420,user_pass 4420,4420
4421,user 4421,user_pass 4421,4421
4422,user 4422,user_pass 4422,4422
4423,user 4423,user_pass 4423,4423
4424,user 4424,user_pass 4424,4424
4425,user 4425,user_pass 4425,4425
4426,user 4426,user_pass 4426,4426
4427,user 4427,user_pass 4427,4427
4428,user 4428,user_pass 4428,4428
4429,user 4429,user_pass 4429,4429
4430,user 4430,user_pass 4430,4430
4431,user 4431,user_pass 4431,4431
4432,user 4432,user_pass 4432,4432
4433,user 4433,user_pass 4433,4433
4434,user 4434,user_pass 4434,4434
4435,user 4435,user_pass 4435,4435
4436,user 4436,user_pass 4436,4436
4437,user 4437,user_pass 4437,4437
4438,user 4438,user_pass 4438,4438
4439,user 4439,user_pass 4439,4439
4440,user 4440,user_pass 4440,4440
4441,user 4441,user_pass 4441,4441
4442,user 4442,user_pass 4442,4442
4443,user 4443,user_pass 4443,4443
4444,user 4444,user_pass 4444,4444
4445,user 4445,user_pass 4445,4445
4446,user 4446,user_pass 4446,4446
4447,user 4447,user_pass 4447,4447
4448,user 4448,user_pass 4448,4448
4449,user 4449,user_pass 4449,4449
4450,user 4450,user_pass 4450,4450
4451,user 4451,user_pass 4451,4451
4452,user 4452,user_pass 4452,4452
4453,user 4453,user_pass 4453,4453
4454,user 4454,user_pass 4454,4454
4455,user 4455,user_pass 4455,4455
4456,user 4456,user_pass 4456,4456
4457,user 4457,user_pass 4457,4457
4458,user 4458,user_pass 4458,4458
4459,user 4459,user_pass 4459,4459
4460,user 4460,user_pass 4460,4460
4461,user 4461,user_pass 4461,4461
4462,user 4462,user_pass 4462,4462
4463,user 4463,user_pass 4463,4463
4464,user 4464,user_pass 4464,4464
4465,user 4465,user_pass 4465,4465
4466,user 4466,user_pass 4466,4466
4467,user 4467,user_pass 4467,4467
4468,user 4468,user_pass 4468,4468
4469,user 4469,user_pass 4469,4469
4470,user 4470,user_pass 4470,4470
4471,user 4471,user_pass 4471,4471
4472,user 4472,user_pass 4472,4472
4473,user 4473,user_pass 4473,4473
4474,user 4474,user_pass 4474,4474
4475,user 4475,user_pass 4475,4475
4476,user 4476,user_pass 4476,4476
4477,user 4477,user_pass 4477,4477
4478,user 4478,user_pass 4478,4478
4479,user 4479,user_pass 4479,4479
4480,user 4480,user_pass 4480,4480
4481,user 4481,user_pass 4481,4481
4482,user 4482,user_pass 4482,4482
4483,user 4483,user_pass 4483,4483
4484,user 4484,user_pass 4484,4484
4485,user 4485,user_pass 4485,4485
4486,user 4486,user_pass 4486,4486
4487,user 4487,user_pass 4487,4487
4488,user 4488,user_pass 4488,4488
4489,user 4489,user_pass 4489,4489
4490,user 4490,user_pass 4490,4490
4491,user 4491,user_pass 4491,4491
4492,user 4492,user_pass 4492,4492
4493,user 4493,user_pass 4493,4493
4494,user 4494,user_pass 4494,4494
4495,user 4495,user_pass 4495,4495
4496,user 4496,user_pass 4496,4496
4497,user 4497,user_pass 4497,4497
4498,user 4498,user_pass 4498,4498
4499,user 4499,user_pass 4499,4499
4500,user 4500,user_pass 4500,4500
4501,user 4501,user_pass 4501,4501
4502,user 4502,user_pass 4502,4502
4503,user 4503,user_pass 4503,4503
4504,user 4504,user_pass 4504,4504
4505,user 4505,user_pass 4505,4505
4506,user 4506,user_pass 4506,4506
4507,user 4507,user_pass 4507,4507
4508,user 4508,user_pass 4508,4508
4509,user 4509,user_pass 4509,4509
4510,user 4510,user_pass 4510,4510
4511,user 4511,user_pass 4511,4511
4512,user 4512,user_pass 4512,4512
4513,user 4513,user_pass 4513,4513
4514,user 4514,user_pass 4514,4514
4515,user 4515,user_pass 4515,4515
4516,user 4516,user_pass 4516,4516
4517,user 4517,user_pass 4517,4517
4518,user 4518,user_pass 4518,4518
4519,user 4519,user_pass 4519,4519
4520,user 4520,user_pass 4520,4520
4521,user 4521,user_pass 4521,4521
4522,user 4522,user_pass 4522,4522
4523,user 4523,user_pass 4523,4523
4524,user 4524,user_pass 4524,4524
4525,user 4525,user_pass 4525,4525
4526,user 4526,user_pass 4526,4526
4527,user 4527,user_pass 4527,4527
4528,user 4528,user_pass 4528,4528
4529,user 4529,user_pass 4529,4529
4530,user 4530,user_pass 4530,4530
4531,user 4531,user_pass 4531,4531
4532,user 4532,user_pass 4532,4532
4533,user 4533,user_pass 4533,4533
4534,user 4534,user_pass 4534,4534
4535,user 4535,user_pass 4535,4535
4536,user 4536,user_pass 4536,4536
4537,user 4537,user_pass 4537,4537
4538,user 4538,user_pass 4538,4538
4539,user 4539,user_pass 4539,4539
4540,user 4540,user_pass 4540,4540
4541,user 4541,user_pass 4541,4541
4542,user 4542,user_pass 4542,4542
4543,user 4543,user_pass 4543,4543
4544,user 4544,user_pass 4544,4544
4545,user 4545,user_pass 4545,4545
4546,user 4546,user_pass 4546,4546
4547,user 4547,user_pass 4547,4547
4548,user 4548,user_pass 4548,4548
4549,user 4549,user_pass 4549,4549
4550,user 4550,user_pass 4550,4550
4551,user 4551,user_pass 4551,4551
4552,user 4552,user_pass 4552,4552
4553,user 4553,user_pass 4553,4553
4554,user 4554,user_pass 4554,4554
4555,user 4555,user_pass 4555,4555
4556,user 4556,user_pass 4556,4556
4557,user 4557,user_pass 4557,4557
4558,user 4558,user_pass 4558,4558
4559,user 4559,user_pass 4559,4559
4560,user 4560,user_pass 4560,4560
4561,user 4561,user_pass 4561,4561
4562,user 4562,user_pass 4562,4562
4563,user 4563,user_pass 4563,4563
4564,user 4564,user_pass 4564,4564
4565,user 4565,user_pass 4565,4565
4566,user 4566,user_pass 4566,4566
4567,user 4567,user_pass 4567,4567
4568,user 4568,user_pass 4568,4568
4569,user 4569,user_pass 4569,4569
4570,user 4570,user_pass 4570,4570
4571,user 4571,user_pass 4571,4571
4572,user 4572,user_pass 4572,4572
4573,user 4573,user_pass 4573,4573
4574,user 4574,user_pass 4574,4574
4575,user 4575,user_pass 4575,4575
4576,user 4576,user_pass 4576,4576
4577,user 4577,user_pass 4577,4577
4578,user 4578,user_pass 4578,4578
4579,user 4579,user_pass 4579,4579
4580,user 4580,user_pass 4580,4580
4581,user 4581,user_pass 4581,4581
4582,user 4582,user_pass 4582,4582
4583,user 4583,user_pass 4583,4583
4584,user 4584,user_pass 4584,4584
4585,user 4585,user_pass 4585,4585
4586,user 4586,user_pass 4586,4586
4587,user 4587,user_pass 4587,4587
4588,user 4588,user_pass 4588,4588
4589,user 4589,user_pass 4589,4589
4590,user 4590,user_pass 4590,4590
4591,user 4591,user_pass 4591,4591
4592,user 4592,user_pass 4592,4592
4593,user 4593,user_pass 4593,4593
4594,user 4594,user_pass 4594,4594
4595,user 4595,user_pass 4595,4595
4596,user 4596,user_pass 4596,4596
4597,user 4597,user_pass 4597,4597
4598,user 4598,user_pass 4598,4598
4599,user 4599,user_pass 4599,4599
4600,user 4600,user_pass 4600,4600
4601,user 4601,user_pass 4601,4601
4602,user 4602,user_pass 4602,4602
4603,user 4603,user_pass 4603,4603
4604,user 4604,user_pass 4604,4604
4605,user 4605,user_pass 4605,4605
4606,user 4606,user_pass 4606,4606
4607,user 4607,user_pass 4607,4607
4608,user 4608,user_pass 4608,4608
4609,user 4609,user_pass 4609,4609
4610,user 4610,user_pass 4610,4610
4611,user 4611,user_pass 4611,4611
4612,user 4612,user_pass 4612,4612
4613,user 4613,user_pass 4613,4613
4614,user 4614,user_pass 4614,4614
4615,user 4615,user_pass 4615,4615
4616,user 4616,user_pass 4616,4616
4617,user 4617,user_pass 4617,4617
4618,user 4618,user_pass 4618,4618
4619,user 4619,user_pass 4619,4619
4620,user 4620,user_pass 4620,4620
4621,user 4621,user_pass 4621,4621
4622,user 4622,user_pass 4622,4622
4623,user 4623,user_pass 4623,4623
4624,user 4624,user_pass 4624,4624
4625,user 4625,user_pass 4625,4625
4626,user 4626,user_pass 4626,4626
4627,user 4627,user_pass 4627,4627
4628,user 4628,user_pass 4628,4628
4629,user 4629,user_pass 4629,4629
4630,user 4630,user_pass 4630,4630
4631,user 4631,user_pass 4631,4631
4632,user 4632,user_pass 4632,4632
4633,user 4633,user_pass 4633,4633
4634,user 4634,user_pass 4634,4634
4635,user 4635,user_pass 4635,4635
4636,user 4636,user_pass 4636,4636
4637,user 4637,user_pass 4637,4637
4638,user 4638,user_pass 4638,4638
4639,user 4639,user_pass 4639,4639
4640,user 4640,user_pass 4640,4640
4641,user 4641,user_pass 4641,4641
4642,user 4642,user_pass 4642,4642
4643,user 4643,user_pass 4643,4643
4644,user 4644,user_pass 4644,4644
4645,user 4645,user_pass 4645,4645
4646,user 4646,user_pass 4646,4646
4647,user 4647,user_pass 4647,4647
4648,user 4648,user_pass 4648,4648
4649,user 4649,user_pass 4649,4649
4650,user 4650,user_pass 4650,4650
4651,user 4651,user_pass 4651,4651
4652,user 4652,user_pass 4652,4652
4653,user 4653,user_pass 4653,4653
4654,user 4654,user_pass 4654,4654
4655,user 4655,user_pass 4655,4655
4656,user 4656,user_pass 4656,4656
4657,user 4657,user_pass 4657,4657
4658,user 4658,user_pass 4658,4658
4659,user 4659,user_pass 4659,4659
4660,user 4660,user_pass 4660,4660
4661,user 4661,user_pass 4661,4661
4662,user 4662,user_pass 4662,4662
4663,user 4663,user_pass 4663,4663
4664,user 4664,user_pass 4664,4664
4665,user 4665,user_pass 4665,4665
4666,user 4666,user_pass 4666,4666
4667,user 4667,user_pass 4667,4667
4668,user 4668,user_pass 4668,4668
4669,user 4669,user_pass 4669,4669
4670,user 4670,user_pass 4670,4670
4671,user 4671,user_pass 4671,4671
4672,user 4672,user_pass 4672,4672
4673,user 4673,user_pass 4673,4673
4674,user 4674,user_pass 4674,4674
4675,user 4675,user_pass 4675,4675
4676,user 4676,user_pass 4676,4676
4677,user 4677,user_pass 4677,4677
4678,user 4678,user_pass 4678,4678
4679,user 4679,user_pass 4679,4679
4680,user 4680,user_pass 4680,4680
4681,user 4681,user_pass 4681,4681
4682,user 4682,user_pass 4682,4682
4683,user 4683,user_pass 4683,4683
4684,user 4684,user_pass 4684,4684
4685,user 4685,user_pass 4685,4685
4686,user 4686,user_pass 4686,4686
4687,user 4687,user_pass 4687,4687
4688,user 4688,user_pass 4688,4688
4689,user 4689,user_pass 4689,4689
4690,user 4690,user_pass 4690,4690
4691,user 4691,user_pass 4691,4691
4692,user 4692,user_pass 4692,4692
4693,user 4693,user_pass 4693,4693
4694,user 4694,user_pass 4694,4694
4695,user 4695,user_pass 4695,4695
4696,user 4696,user_pass 4696,4696
4697,user 4697,user_pass 4697,4697
4698,user 4698,user_pass 4698,4698
4699,user 4699,user_pass 4699,4699
4700,user 4700,user_pass 4700,4700
4701,user 4701,user_pass 4701,4701
4702,user 4702,user_pass 4702,4702
4703,user 4703,user_pass 4703,4703
4704,user 4704,user_pass 4704,4704
4705,user 4705,user_pass 4705,4705
4706,user 4706,user_pass 4706,4706
4707,user 4707,user_pass 4707,4707
4708,user 4708,user_pass 4708,4708
4709,user 4709,user_pass 4709,4709
4710,user 4710,user_pass 4710,4710
4711,user 4711,user_pass 4711,4711
4712,user 4712,user_pass 4712,4712
4713,user 4713,user_pass 4713,4713
4714,user 4714,user_pass 4714,4714
4715,user 4715,user_pass 4715,4715
4716,user 4716,user_pass 4716,4716
4717,user 4717,user_pass 4717,4717
4718,user 4718,user_pass 4718,4718
4719,user 4719,user_pass 4719,4719
4720,user 4720,user_pass 4720,4720
4721,user 4721,user_pass 4721,4721
4722,user 4722,user_pass 4722,4722
4723,user 4723,user_pass 4723,4723
4724,user 4724,user_pass 4724,4724
4725,user 4725,user_pass 4725,4725
4726,user 4726,user_pass 4726,4726
4727,user 4727,user_pass 4727,4727
4728,user 4728,user_pass 4728,4728
4729,user 4729,user_pass 4729,4729
4730,user 4730,user_pass 4730,4730
4731,user 4731,user_pass 4731,4731
4732,user 4732,user_pass 4732,4732
4733,user 4733,user_pass 4733,4733
4734,user 4734,user_pass 4734,4734
4735,user 4735,user_pass 4735,4735
4736,user 4736,user_pass 4736,4736
4737,user 4737,user_pass 4737,4737
4738,user 4738,user_pass 4738,4738
4739,user 4739,user_pass 4739,4739
4740,user 4740,user_pass 4740,4740
4741,user 4741,user_pass 4741,4741
4742,user 4742,user_pass 4742,4742
4743,user 4743,user_pass 4743,4743
4744,user 4744,user_pass 4744,4744
4745,user 4745,user_pass 4745,4745
4746,user 4746,user_pass 4746,4746
4747,user 4747,user_pass 4747,4747
4748,user 4748,user_pass 4748,4748
4749,user 4749,user_pass 4749,4749
4750,user 4750,user_pass 4750,4750
4751,user 4751,user_pass 4751,4751
4752,user 4752,user_pass 4752,4752
4753,user 4753,user_pass 4753,4753
4754,user 4754,user_pass 4754,4754
4755,user 4755,user_pass 4755,4755
4756,user 4756,user_pass 4756,4756
4757,user 4757,user_pass 4757,4757
4758,user 4758,user_pass 4758,4758
4759,user 4759,user_pass 4759,4759
4760,user 4760,user_pass 4760,4760
4761,user 4761,user_pass 4761,4761
4762,user 4762,user_pass 4762,4762
4763,user 4763,user_pass 4763,4763
4764,user 4764,user_pass 4764,4764
4765,user 4765,user_pass 4765,4765
4766,user 4766,user_pass 4766,4766
4767,user 4767,user_pass 4767,4767
4768,user 4768,user_pass 4768,4768
4769,user 4769,user_pass 4769,4769
4770,user 4770,user_pass 4770,4770
4771,user 4771,user_pass 4771,4771
4772,user 4772,user_pass 4772,4772
4773,user 4773,user_pass 4773,4773
4774,user 4774,user_pass 4774,4774
4775,user 4775,user_pass 4775,4775
4776,user 4776,user_pass 4776,4776
4777,user 4777,user_pass 4777,4777
4778,user 4778,user_pass 4778,4778
4779,user 4779,user_pass 4779,4779
4780,user 4780,user_pass 4780,4780
4781,user 4781,user_pass 4781,4781
4782,user 4782,user_pass 4782,4782
4783,user 4783,user_pass 4783,4783
4784,user 4784,user_pass 4784,4784
4785,user 4785,user_pass 4785,4785
4786,user 4786,user_pass 4786,4786
4787,user 4787,user_pass 4787,4787
4788,user 4788,user_pass 4788,4788
4789,user 4789,user_pass 4789,4789
4790,user 4790,user_pass 4790,4790
4791,user 4791,user_pass 4791,4791
4792,user 4792,user_pass 4792,4792
4793,user 4793,user_pass 4793,4793
4794,user 4794,user_pass 4794,4794
4795,user 4795,user_pass 4795,4795
4796,user 4796,user_pass 4796,4796
4797,user 4797,user_pass 4797,4797
4798,user 4798,user_pass 4798,4798
4799,user 4799,user_pass 4799,4799
4800,user 4800,user_pass 4800,4800
4801,user 4801,user_pass 4801,4801
4802,user 4802,user_pass 4802,4802
4803,user 4803,user_pass 4803,4803
4804,user 4804,user_pass 4804,4804
4805,user 4805,user_pass 4805,4805
4806,user 4806,user_pass 4806,4806
4807,user 4807,user_pass 4807,4807
4808,user 4808,user_pass 4808,4808
4809,user 4809,user_pass 4809,4809
4810,user 4810,user_pass 4810,4810
4811,user 4811,user_pass 4811,4811
4812,user 4812,user_pass 4812,4812
4813,user 4813,user_pass 4813,4813
4814,user 4814,user_pass 4814,4814
4815,user 4815,user_pass 4815,4815
4816,user 4816,user_pass 4816,4816
4817,user 4817,user_pass 4817,4817
4818,user 4818,user_pass 4818,4818
4819,user 4819,user_pass 4819,4819
4820,user 4820,user_pass 4820,4820
4821,user 4821,user_pass 4821,4821
4822,user 4822,user_pass 4822,4822
4823,user 4823,user_pass 4823,4823
4824,user 4824,user_pass 4824,4824
4825,user 4825,user_pass 4825,4825
4826,user 4826,user_pass 4826,4826
4827,user 4827,user_pass 4827,4827
4828,user 4828,user_pass 4828,4828
4829,user 4829,user_pass 4829,4829
4830,user 4830,user_pass 4830,4830
4831,user 4831,user_pass 4831,4831
4832,user 4832,user_pass 4832,4832
4833,user 4833,user_pass 4833,4833
4834,user 4834,user_pass 4834,4834
4835,user 4835,user_pass 4835,4835
4836,user 4836,user_pass 4836,4836
4837,user 4837,user_pass 4837,4837
4838,user 4838,user_pass 4838,4838
4839,user 4839,user_pass 4839,4839
4840,user 4840,user_pass 4840,4840
4841,user 4841,user_pass 4841,4841
4842,user 4842,user_pass 4842,4842
4843,user 4843,user_pass 4843,4843
4844,user 4844,user_pass 4844,4844
4845,user 4845,user_pass 4845,4845
4846,user 4846,user_pass 4846,4846
4847,user 4847,user_pass 4847,4847
4848,user 4848,user_pass 4848,4848
4849,user 4849,user_pass 4849,4849
4850,user 4850,user_pass 4850,4850
4851,user 4851,user_pass 4851,4851
4852,user 4852,user_pass 4852,4852
4853,user 4853,user_pass 4853,4853
4854,user 4854,user_pass 4854,4854
4855,user 4855,user_pass 4855,4855
4856,user 4856,user_pass 4856,4856
4857,user 4857,user_pass 4857,4857
4858,user 4858,user_pass 4858,4858
4859,user 4859,user_pass 4859,4859
4860,user 4860,user_pass 4860,4860
4861,user 4861,user_pass 4861,4861
4862,user 4862,user_pass 4862,4862
4863,user 4863,user_pass 4863,4863
4864,user 4864,user_pass 4864,4864
4865,user 4865,user_pass 4865,4865
4866,user 4866,user_pass 4866,4866
4867,user 4867,user_pass 4867,4867
4868,user 4868,user_pass 4868,4868
4869,user 4869,user_pass 4869,4869
4870,user 4870,user_pass 4870,4870
4871,user 4871,user_pass 4871,4871
4872,user 4872,user_pass 4872,4872
4873,user 4873,user_pass 4873,4873
4874,user 4874,user_pass 4874,4874
4875,user 4875,user_pass 4875,4875
4876,user 4876,user_pass 4876,4876
4877,user 4877,user_pass 4877,4877
4878,user 4878,user_pass 4878,4878
4879,user 4879,user_pass 4879,4879
4880,user 4880,user_pass 4880,4880
4881,user 4881,user_pass 4881,4881
4882,user 4882,user_pass 4882,4882
4883,user 4883,user_pass 4883,4883
4884,user 4884,user_pass 4884,4884
4885,user 4885,user_pass 4885,4885
4886,user 4886,user_pass 4886,4886
4887,user 4887,user_pass 4887,4887
4888,user 4888,user_pass 4888,4888
4889,user 4889,user_pass 4889,4889
4890,user 4890,user_pass 4890,4890
4891,user 4891,user_pass 4891,4891
4892,user 4892,user_pass 4892,4892
4893,user 4893,user_pass 4893,4893
4894,user 4894,user_pass 4894,4894
4895,user 4895,user_pass 4895,4895
4896,user 4896,user_pass 4896,4896
4897,user 4897,user_pass 4897,4897
4898,user 4898,user_pass 4898,4898
4899,user 4899,user_pass 4899,4899
4900,user 4900,user_pass 4900,4900
4901,user 4901,user_pass 4901,4901
4902,user 4902,user_pass 4902,4902
4903,user 4903,user_pass 4903,4903
4904,user 4904,user_pass 4904,4904
4905,user 4905,user_pass 4905,4905
4906,user 4906,user_pass 4906,4906
4907,user 4907,user_pass 4907,4907
4908,user 4908,user_pass 4908,4908
4909,user 4909,user_pass 4909,4909
4910,user 4910,user_pass 4910,4910
4911,user 4911,user_pass 4911,4911
4912,user 4912,user_pass 4912,4912
4913,user 4913,user_pass 4913,4913
4914,user 4914,user_pass 4914,4914
4915,user 4915,user_pass 4915,4915
4916,user 4916,user_pass 4916,4916
4917,user 4917,user_pass 4917,4917
4918,user 4918,user_pass 4918,4918
4919,user 4919,user_pass 4919,4919
4920,user 4920,user_pass 4920,4920
4921,user 4921,user_pass 4921,4921
4922,user 4922,user_pass 4922,4922
4923,user 4923,user_pass 4923,4923
4924,user 4924,user_pass 4924,4924
4925,user 4925,user_pass 4925,4925
4926,user 4926,user_pass 4926,4926
4927,user 4927,user_pass 4927,4927
4928,user 4928,user_pass 4928,4928
4929,user 4929,user_pass 4929,4929
4930,user 4930,user_pass 4930,4930
4931,user 4931,user_pass 4931,4931
4932,user 4932,user_pass 4932,4932
4933,user 4933,user_pass 4933,4933
4934,user 4934,user_pass 4934,4934
4935,user 4935,user_pass 4935,4935
4936,user 4936,user_pass 4936,4936
4937,user 4937,user_pass 4937,4937
4938,user 4938,user_pass 4938,4938
4939,user 4939,user_pass 4939,4939
4940,user 4940,user_pass 4940,4940
4941,user 4941,user_pass 4941,4941
4942,user 4942,user_pass 4942,4942
4943,user 4943,user_pass 4943,4943
4944,user 4944,user_pass 4944,4944
4945,user 4945,user_pass 4945,4945
4946,user 4946,user_pass 4946,4946
4947,user 4947,user_pass 4947,4947
4948,user 4948,user_pass 4948,4948
4949,user 4949,user_pass 4949,4949
4950,user 4950,user_pass 4950,4950
4951,user 4951,user_pass 4951,4951
4952,user 4952,user_pass 4952,4952
4953,user 4953,user_pass 4953,4953
4954,user 4954,user_pass 4954,4954
4955,user 4955,user_pass 4955,4955
4956,user 4956,user_pass 4956,4956
4957,user 4957,user_pass 4957,4957
4958,user 4958,user_pass 4958,4958
4959,user 4959,user_pass 4959,4959
4960,user 4960,user_pass 4960,4960
4961,user 4961,user_pass 4961,4961
4962,user 4962,user_pass 4962,4962
4963,user 4963,user_pass 4963,4963
4964,user 4964,user_pass 4964,4964
4965,user 4965,user_pass 4965,4965
4966,user 4966,user_pass 4966,4966
4967,user 4967,user_pass 4967,4967
4968,user 4968,user_pass 4968,4968
4969,user 4969,user_pass 4969,4969
4970,user 4970,user_pass 4970,4970
4971,user 4971,user_pass 4971,4971
4972,user 4972,user_pass 4972,4972
4973,user 4973,user_pass 4973,4973
4974,user 4974,user_pass 4974,4974
4975,user 4975,user_pass 4975,4975
4976,user 4976,user_pass 4976,4976
4977,user 4977,user_pass 4977,4977
4978,user 4978,user_pass 4978,4978
4979,user 4979,user_pass 4979,4979
4980,user 4980,user_pass 4980,4980
4981,user 4981,user_pass 4981,4981
4982,user 4982,user_pass 4982,4982
4983,user 4983,user_pass 4983,4983
4984,user 4984,user_pass 4984,4984
4985,user 4985,user_pass 4985,4985
4986,user 4986,user_pass 4986,4986
4987,user 4987,user_pass 4987,4987
4988,user 4988,user_pass 4988,4988
4989,user 4989,user_pass 4989,4989
4990,user 4990,user_pass 4990,4990
4991,user 4991,user_pass 4991,4991
4992,user 4992,user_pass 4992,4992
4993,user 4993,user_pass 4993,4993
4994,user 4994,user_pass 4994,4994
4995,user 4995,user_pass 4995,4995
4996,user 4996,user_pass 4996,4996
4997,user 4997,user_pass 4997,4997
4998,user 4998,user_pass 4998,4998
