1,user 1,user_pass 1,1
2,user 2,user_pass 2,2
3,user 3,user_pass 3,3
4,user 4,user_pass 4,4
5,user 5,user_pass 5,5
6,user 6,user_pass 6,6
7,user 7,user_pass 7,7
8,user 8,user_pass 8,8
9,user 9,user_pass 9,9
10,user 10,user_pass 10,10
11,user 11,user_pass 11,11
12,user 12,user_pass 12,12
13,user 13,user_pass 13,13
14,user 14,user_pass 14,14
15,user 15,user_pass 15,15
16,user 16,user_pass 16,16
17,user 17,user_pass 17,17
18,user 18,user_pass 18,18
19,user 19,user_pass 19,19
20,user 20,user_pass 20,20
21,user 21,user_pass 21,21
22,user 22,user_pass 22,22
23,user 23,user_pass 23,23
24,user 24,user_pass 24,24
25,user 25,user_pass 25,25
26,user 26,user_pass 26,26
27,user 27,user_pass 27,27
28,user 28,user_pass 28,28
29,user 29,user_pass 29,29
30,user 30,user_pass 30,30
31,user 31,user_pass 31,31
32,user 32,user_pass 32,32
33,user 33,user_pass 33,33
34,user 34,user_pass 34,34
35,user 35,user_pass 35,35
36,user 36,user_pass 36,36
37,user 37,user_pass 37,37
38,user 38,user_pass 38,38
39,user 39,user_pass 39,39
40,user 40,user_pass 40,40
41,user 41,user_pass 41,41
42,user 42,user_pass 42,42
43,user 43,user_pass 43,43
44,user 44,user_pass 44,44
45,user 45,user_pass 45,45
46,user 46,user_pass 46,46
47,user 47,user_pass 47,47
48,user 48,user_pass 48,48
49,user 49,user_pass 49,49
50,user 50,user_pass 50,50
51,user 51,user_pass 51,51
52,user 52,user_pass 52,52
53,user 53,user_pass 53,53
54,user 54,user_pass 54,54
55,user 55,user_pass 55,55
56,user 56,user_pass 56,56
57,user 57,user_pass 57,57
58,user 58,user_pass 58,58
59,user 59,user_pass 59,59
60,user 60,user_pass 60,60
61,user 61,user_pass 61,61
62,user 62,user_pass 62,62
63,user 63,user_pass 63,63
64,user 64,user_pass 64,64
65,user 65,user_pass 65,65
66,user 66,user_pass 66,66
67,user 67,user_pass 67,67
68,user 68,user_pass 68,68
69,user 69,user_pass 69,69
70,user 70,user_pass 70,70
71,user 71,user_pass 71,71
72,user 72,user_pass 72,72
73,user 73,user_pass 73,73
74,user 74,user_pass 74,74
75,user 75,user_pass 75,75
76,user 76,user_pass 76,76
77,user 77,user_pass 77,77
78,user 78,user_pass 78,78
79,user 79,user_pass 79,79
80,user 80,user_pass 80,80
81,user 81,user_pass 81,81
82,user 82,user_pass 82,82
83,user 83,user_pass 83,83
84,user 84,user_pass 84,84
85,user 85,user_pass 85,85
86,user 86,user_pass 86,86
87,user 87,user_pass 87,87
88,user 88,user_pass 88,88
89,user 89,user_pass 89,89
90,user 90,user_pass 90,90
91,user 91,user_pass 91,91
92,user 92,user_pass 92,92
93,user 93,user_pass 93,93
94,user 94,user_pass 94,94
95,user 95,user_pass 95,95
96,user 96,user_pass 96,96
97,user 97,user_pass 97,97
98,user 98,user_pass 98,98
99,user 99,user_pass 99,99
100,user 100,user_pass 100,100
101,user 101,user_pass 101,101
102,user 102,user_pass 102,102
103,user 103,user_pass 103,103
104,user 104,user_pass 104,104
105,user 105,user_pass 105,105
106,user 106,user_pass 106,106
107,user 107,user_pass 107,107
108,user 108,user_pass 108,108
109,user 109,user_pass 109,109
110,user 110,user_pass 110,110
111,user 111,user_pass 111,111
112,user 112,user_pass 112,112
113,user 113,user_pass 113,113
114,user 114,user_pass 114,114
115,user 115,user_pass 115,115
116,user 116,user_pass 116,116
117,user 117,user_pass 117,117
118,user 118,user_pass 118,118
119,user 119,user_pass 119,119
120,user 120,user_pass 120,120
121,user 121,user_pass 121,121
122,user 122,user_pass 122,122
123,user 123,user_pass 123,123
124,user 124,user_pass 124,124
125,user 125,user_pass 125,125
126,user 126,user_pass 126,126
127,user 127,user_pass 127,127
128,user 128,user_pass 128,128
129,user 129,user_pass 129,129
130,user 130,user_pass 130,130
131,user 131,user_pass 131,131
132,user 132,user_pass 132,132
133,user 133,user_pass 133,133
134,user 134,user_pass 134,134
135,user 135,user_pass 135,135
136,user 136,user_pass 136,136
137,user 137,user_pass 137,137
138,user 138,user_pass 138,138
139,user 139,user_pass 139,139
140,user 140,user_pass 140,140
141,user 141,user_pass 141,141
142,user 142,user_pass 142,142
143,user 143,user_pass 143,143
144,user 144,user_pass 144,144
145,user 145,user_pass 145,145
146,user 146,user_pass 146,146
147,user 147,user_pass 147,147
148,user 148,user_pass 148,148
149,user 149,user_pass 149,149
150,user 150,user_pass 150,150
151,user 151,user_pass 151,151
152,user 152,user_pass 152,152
153,user 153,user_pass 153,153
154,user 154,user_pass 154,154
155,user 155,user_pass 155,155
156,user 156,user_pass 156,156
157,user 157,user_pass 157,157
158,user 158,user_pass 158,158
159,user 159,user_pass 159,159
160,user 160,user_pass 160,160
161,user 161,user_pass 161,161
162,user 162,user_pass 162,162
163,user 163,user_pass 163,163
164,user 164,user_pass 164,164
165,user 165,user_pass 165,165
166,user 166,user_pass 166,166
167,user 167,user_pass 167,167
168,user 168,user_pass 168,168
169,user 169,user_pass 169,169
170,user 170,user_pass 170,170
171,user 171,user_pass 171,171
172,user 172,user_pass 172,172
173,user 173,user_pass 173,173
174,user 174,user_pass 174,174
175,user 175,user_pass 175,175
176,user 176,user_pass 176,176
177,user 177,user_pass 177,177
178,user 178,user_pass 178,178
179,user 179,user_pass 179,179
180,user 180,user_pass 180,180
181,user 181,user_pass 181,181
182,user 182,user_pass 182,182
183,user 183,user_pass 183,183
184,user 184,user_pass 184,184
185,user 185,user_pass 185,185
186,user 186,user_pass 186,186
187,user 187,user_pass 187,187
188,user 188,user_pass 188,188
189,user 189,user_pass 189,189
190,user 190,user_pass 190,190
191,user 191,user_pass 191,191
192,user 192,user_pass 192,192
193,user 193,user_pass 193,193
194,user 194,user_pass 194,194
195,user 195,user_pass 195,195
196,user 196,user_pass 196,196
197,user 197,user_pass 197,197
198,user 198,user_pass 198,198
199,user 199,user_pass 199,199
200,user 200,user_pass 200,200
201,user 201,user_pass 201,201
202,user 202,user_pass 202,202
203,user 203,user_pass 203,203
204,user 204,user_pass 204,204
205,user 205,user_pass 205,205
206,user 206,user_pass 206,206
207,user 207,user_pass 207,207
208,user 208,user_pass 208,208
209,user 209,user_pass 209,209
210,user 210,user_pass 210,210
211,user 211,user_pass 211,211
212,user 212,user_pass 212,212
213,user 213,user_pass 213,213
214,user 214,user_pass 214,214
215,user 215,user_pass 215,215
216,user 216,user_pass 216,216
217,user 217,user_pass 217,217
218,user 218,user_pass 218,218
219,user 219,user_pass 219,219
220,user 220,user_pass 220,220
221,user 221,user_pass 221,221
222,user 222,user_pass 222,222
223,user 223,user_pass 223,223
224,user 224,user_pass 224,224
225,user 225,user_pass 225,225
226,user 226,user_pass 226,226
227,user 227,user_pass 227,227
228,user 228,user_pass 228,228
229,user 229,user_pass 229,229
230,user 230,user_pass 230,230
231,user 231,user_pass 231,231
232,user 232,user_pass 232,232
233,user 233,user_pass 233,233
234,user 234,user_pass 234,234
235,user 235,user_pass 235,235
236,user 236,user_pass 236,236
237,user 237,user_pass 237,237
238,user 238,user_pass 238,238
239,user 239,user_pass 239,239
240,user 240,user_pass 240,240
241,user 241,user_pass 241,241
242,user 242,user_pass 242,242
243,user 243,user_pass 243,243
244,user 244,user_pass 244,244
245,user 245,user_pass 245,245
246,user 246,user_pass 246,246
247,user 247,user_pass 247,247
248,user 248,user_pass 248,248
249,user 249,user_pass 249,249
250,user 250,user_pass 250,250
251,user 251,user_pass 251,251
252,user 252,user_pass 252,252
253,user 253,user_pass 253,253
254,user 254,user_pass 254,254
255,user 255,user_pass 255,255
256,user 256,user_pass 256,256
257,user 257,user_pass 257,257
258,user 258,user_pass 258,258
259,user 259,user_pass 259,259
260,user 260,user_pass 260,260
261,user 261,user_pass 261,261
262,user 262,user_pass 262,262
263,user 263,user_pass 263,263
264,user 264,user_pass 264,264
265,user 265,user_pass 265,265
266,user 266,user_pass 266,266
267,user 267,user_pass 267,267
268,user 268,user_pass 268,268
269,user 269,user_pass 269,269
270,user 270,user_pass 270,270
271,user 271,user_pass 271,271
272,user 272,user_pass 272,272
273,user 273,user_pass 273,273
274,user 274,user_pass 274,274
275,user 275,user_pass 275,275
276,user 276,user_pass 276,276
277,user 277,user_pass 277,277
278,user 278,user_pass 278,278
279,user 279,user_pass 279,279
280,user 280,user_pass 280,280
281,user 281,user_pass 281,281
282,user 282,user_pass 282,282
283,user 283,user_pass 283,283
284,user 284,user_pass 284,284
285,user 285,user_pass 285,285
286,user 286,user_pass 286,286
287,user 287,user_pass 287,287
288,user 288,user_pass 288,288
289,user 289,user_pass 289,289
290,user 290,user_pass 290,290
291,user 291,user_pass 291,291
292,user 292,user_pass 292,292
293,user 293,user_pass 293,293
294,user 294,user_pass 294,294
295,user 295,user_pass 295,295
296,user 296,user_pass 296,296
297,user 297,user_pass 297,297
298,user 298,user_pass 298,298
299,user 299,user_pass 299,299
300,user 300,user_pass 300,300
301,user 301,user_pass 301,301
302,user 302,user_pass 302,302
303,user 303,user_pass 303,303
304,user 304,user_pass 304,304
305,user 305,user_pass 305,305
306,user 306,user_pass 306,306
307,user 307,user_pass 307,307
308,user 308,user_pass 308,308
309,user 309,user_pass 309,309
310,user 310,user_pass 310,310
311,user 311,user_pass 311,311
312,user 312,user_pass 312,312
313,user 313,user_pass 313,313
314,user 314,user_pass 314,314
315,user 315,user_pass 315,315
316,user 316,user_pass 316,316
317,user 317,user_pass 317,317
318,user 318,user_pass 318,318
319,user 319,user_pass 319,319
320,user 320,user_pass 320,320
321,user 321,user_pass 321,321
322,user 322,user_pass 322,322
323,user 323,user_pass 323,323
324,user 324,user_pass 324,324
325,user 325,user_pass 325,325
326,user 326,user_pass 326,326
327,user 327,user_pass 327,327
328,user 328,user_pass 328,328
329,user 329,user_pass 329,329
330,user 330,user_pass 330,330
331,user 331,user_pass 331,331
332,user 332,user_pass 332,332
333,user 333,user_pass 333,333
334,user 334,user_pass 334,334
335,user 335,user_pass 335,335
336,user 336,user_pass 336,336
337,user 337,user_pass 337,337
338,user 338,user_pass 338,338
339,user 339,user_pass 339,339
340,user 340,user_pass 340,340
341,user 341,user_pass 341,341
342,user 342,user_pass 342,342
343,user 343,user_pass 343,343
344,user 344,user_pass 344,344
345,user 345,user_pass 345,345
346,user 346,user_pass 346,346
347,user 347,user_pass 347,347
348,user 348,user_pass 348,348
349,user 349,user_pass 349,349
350,user 350,user_pass 350,350
351,user 351,user_pass 351,351
352,user 352,user_pass 352,352
353,user 353,user_pass 353,353
354,user 354,user_pass 354,354
355,user 355,user_pass 355,355
356,user 356,user_pass 356,356
357,user 357,user_pass 357,357
358,user 358,user_pass 358,358
359,user 359,user_pass 359,359
360,user 360,user_pass 360,360
361,user 361,user_pass 361,361
362,user 362,user_pass 362,362
363,user 363,user_pass 363,363
364,user 364,user_pass 364,364
365,user 365,user_pass 365,365
366,user 366,user_pass 366,366
367,user 367,user_pass 367,367
368,user 368,user_pass 368,368
369,user 369,user_pass 369,369
370,user 370,user_pass 370,370
371,user 371,user_pass 371,371
372,user 372,user_pass 372,372
373,user 373,user_pass 373,373
374,user 374,user_pass 374,374
375,user 375,user_pass 375,375
376,user 376,user_pass 376,376
377,user 377,user_pass 377,377
378,user 378,user_pass 378,378
379,user 379,user_pass 379,379
380,user 380,user_pass 380,380
381,user 381,user_pass 381,381
382,user 382,user_pass 382,382
383,user 383,user_pass 383,383
384,user 384,user_pass 384,384
385,user 385,user_pass 385,385
386,user 386,user_pass 386,386
387,user 387,user_pass 387,387
388,user 388,user_pass 388,388
389,user 389,user_pass 389,389
390,user 390,user_pass 390,390
391,user 391,user_pass 391,391
392,user 392,user_pass 392,392
393,user 393,user_pass 393,393
394,user 394,user_pass 394,394
395,user 395,user_pass 395,395
396,user 396,user_pass 396,396
397,user 397,user_pass 397,397
398,user 398,user_pass 398,398
399,user 399,user_pass 399,399
400,user 400,user_pass 400,400
401,user 401,user_pass 401,401
402,user 402,user_pass 402,402
403,user 403,user_pass 403,403
404,user 404,user_pass 404,404
405,user 405,user_pass 405,405
406,user 406,user_pass 406,406
407,user 407,user_pass 407,407
408,user 408,user_pass 408,408
409,user 409,user_pass 409,409
410,user 410,user_pass 410,410
411,user 411,user_pass 411,411
412,user 412,user_pass 412,412
413,user 413,user_pass 413,413
414,user 414,user_pass 414,414
415,user 415,user_pass 415,415
416,user 416,user_pass 416,416
417,user 417,user_pass 417,417
418,user 418,user_pass 418,418
419,user 419,user_pass 419,419
420,user 420,user_pass 420,420
421,user 421,user_pass 421,421
422,user 422,user_pass 422,422
423,user 423,user_pass 423,423
424,user 424,user_pass 424,424
425,user 425,user_pass 425,425
426,user 426,user_pass 426,426
427,user 427,user_pass 427,427
428,user 428,user_pass 428,428
429,user 429,user_pass 429,429
430,user 430,user_pass 430,430
431,user 431,user_pass 431,431
432,user 432,user_pass 432,432
433,user 433,user_pass 433,433
434,user 434,user_pass 434,434
435,user 435,user_pass 435,435
436,user 436,user_pass 436,436
437,user 437,user_pass 437,437
438,user 438,user_pass 438,438
439,user 439,user_pass 439,439
440,user 440,user_pass 440,440
441,user 441,user_pass 441,441
442,user 442,user_pass 442,442
443,user 443,user_pass 443,443
444,user 444,user_pass 444,444
445,user 445,user_pass 445,445
446,user 446,user_pass 446,446
447,user 447,user_pass 447,447
448,user 448,user_pass 448,448
449,user 449,user_pass 449,449
450,user 450,user_pass 450,450
451,user 451,user_pass 451,451
452,user 452,user_pass 452,452
453,user 453,user_pass 453,453
454,user 454,user_pass 454,454
455,user 455,user_pass 455,455
456,user 456,user_pass 456,456
457,user 457,user_pass 457,457
458,user 458,user_pass 458,458
459,user 459,user_pass 459,459
460,user 460,user_pass 460,460
461,user 461,user_pass 461,461
462,user 462,user_pass 462,462
463,user 463,user_pass 463,463
464,user 464,user_pass 464,464
465,user 465,user_pass 465,465
466,user 466,user_pass 466,466
467,user 467,user_pass 467,467
468,user 468,user_pass 468,468
469,user 469,user_pass 469,469
470,user 470,user_pass 470,470
471,user 471,user_pass 471,471
472,user 472,user_pass 472,472
473,user 473,user_pass 473,473
474,user 474,user_pass 474,474
475,user 475,user_pass 475,475
476,user 476,user_pass 476,476
477,user 477,user_pass 477,477
478,user 478,user_pass 478,478
479,user 479,user_pass 479,479
480,user 480,user_pass 480,480
481,user 481,user_pass 481,481
482,user 482,user_pass 482,482
483,user 483,user_pass 483,483
484,user 484,user_pass 484,484
485,user 485,user_pass 485,485
486,user 486,user_pass 486,486
487,user 487,user_pass 487,487
488,user 488,user_pass 488,488
489,user 489,user_pass 489,489
490,user 490,user_pass 490,490
491,user 491,user_pass 491,491
492,user 492,user_pass 492,492
493,user 493,user_pass 493,493
494,user 494,user_pass 494,494
495,user 495,user_pass 495,495
496,user 496,user_pass 496,496
497,user 497,user_pass 497,497
498,user 498,user_pass 498,498
499,user 499,user_pass 499,499
500,user 500,user_pass 500,500
501,user 501,user_pass 501,501
502,user 502,user_pass 502,502
503,user 503,user_pass 503,503
504,user 504,user_pass 504,504
505,user 505,user_pass 505,505
506,user 506,user_pass 506,506
507,user 507,user_pass 507,507
508,user 508,user_pass 508,508
509,user 509,user_pass 509,509
510,user 510,user_pass 510,510
511,user 511,user_pass 511,511
512,user 512,user_pass 512,512
513,user 513,user_pass 513,513
514,user 514,user_pass 514,514
515,user 515,user_pass 515,515
516,user 516,user_pass 516,516
517,user 517,user_pass 517,517
518,user 518,user_pass 518,518
519,user 519,user_pass 519,519
520,user 520,user_pass 520,520
521,user 521,user_pass 521,521
522,user 522,user_pass 522,522
523,user 523,user_pass 523,523
524,user 524,user_pass 524,524
525,user 525,user_pass 525,525
526,user 526,user_pass 526,526
527,user 527,user_pass 527,527
528,user 528,user_pass 528,528
529,user 529,user_pass 529,529
530,user 530,user_pass 530,530
531,user 531,user_pass 531,531
532,user 532,user_pass 532,532
533,user 533,user_pass 533,533
534,user 534,user_pass 534,534
535,user 535,user_pass 535,535
536,user 536,user_pass 536,536
537,user 537,user_pass 537,537
538,user 538,user_pass 538,538
539,user 539,user_pass 539,539
540,user 540,user_pass 540,540
541,user 541,user_pass 541,541
542,user 542,user_pass 542,542
543,user 543,user_pass 543,543
544,user 544,user_pass 544,544
545,user 545,user_pass 545,545
546,user 546,user_pass 546,546
547,user 547,user_pass 547,547
548,user 548,user_pass 548,548
549,user 549,user_pass 549,549
550,user 550,user_pass 550,550
551,user 551,user_pass 551,551
552,user 552,user_pass 552,552
553,user 553,user_pass 553,553
554,user 554,user_pass 554,554
555,user 555,user_pass 555,555
556,user 556,user_pass 556,556
557,user 557,user_pass 557,557
558,user 558,user_pass 558,558
559,user 559,user_pass 559,559
560,user 560,user_pass 560,560
561,user 561,user_pass 561,561
562,user 562,user_pass 562,562
563,user 563,user_pass 563,563
564,user 564,user_pass 564,564
565,user 565,user_pass 565,565
566,user 566,user_pass 566,566
567,user 567,user_pass 567,567
568,user 568,user_pass 568,568
569,user 569,user_pass 569,569
570,user 570,user_pass 570,570
571,user 571,user_pass 571,571
572,user 572,user_pass 572,572
573,user 573,user_pass 573,573
574,user 574,user_pass 574,574
575,user 575,user_pass 575,575
576,user 576,user_pass 576,576
577,user 577,user_pass 577,577
578,user 578,user_pass 578,578
579,user 579,user_pass 579,579
580,user 580,user_pass 580,580
581,user 581,user_pass 581,581
582,user 582,user_pass 582,582
583,user 583,user_pass 583,583
584,user 584,user_pass 584,584
585,user 585,user_pass 585,585
586,user 586,user_pass 586,586
587,user 587,user_pass 587,587
588,user 588,user_pass 588,588
589,user 589,user_pass 589,589
590,user 590,user_pass 590,590
591,user 591,user_pass 591,591
592,user 592,user_pass 592,592
593,user 593,user_pass 593,593
594,user 594,user_pass 594,594
595,user 595,user_pass 595,595
596,user 596,user_pass 596,596
597,user 597,user_pass 597,597
598,user 598,user_pass 598,598
599,user 599,user_pass 599,599
600,user 600,user_pass 600,600
601,user 601,user_pass 601,601
602,user 602,user_pass 602,602
603,user 603,user_pass 603,603
604,user 604,user_pass 604,604
605,user 605,user_pass 605,605
606,user 606,user_pass 606,606
607,user 607,user_pass 607,607
608,user 608,user_pass 608,608
609,user 609,user_pass 609,609
610,user 610,user_pass 610,610
611,user 611,user_pass 611,611
612,user 612,user_pass 612,612
613,user 613,user_pass 613,613
614,user 614,user_pass 614,614
615,user 615,user_pass 615,615
616,user 616,user_pass 616,616
617,user 617,user_pass 617,617
618,user 618,user_pass 618,618
619,user 619,user_pass 619,619
620,user 620,user_pass 620,620
621,user 621,user_pass 621,621
622,user 622,user_pass 622,622
623,user 623,user_pass 623,623
624,user 624,user_pass 624,624
625,user 625,user_pass 625,625
626,user 626,user_pass 626,626
627,user 627,user_pass 627,627
628,user 628,user_pass 628,628
629,user 629,user_pass 629,629
630,user 630,user_pass 630,630
631,user 631,user_pass 631,631
632,user 632,user_pass 632,632
633,user 633,user_pass 633,633
634,user 634,user_pass 634,634
635,user 635,user_pass 635,635
636,user 636,user_pass 636,636
637,user 637,user_pass 637,637
638,user 638,user_pass 638,638
639,user 639,user_pass 639,639
640,user 640,user_pass 640,640
641,user 641,user_pass 641,641
642,user 642,user_pass 642,642
643,user 643,user_pass 643,643
644,user 644,user_pass 644,644
645,user 645,user_pass 645,645
646,user 646,user_pass 646,646
647,user 647,user_pass 647,647
648,user 648,user_pass 648,648
649,user 649,user_pass 649,649
650,user 650,user_pass 650,650
651,user 651,user_pass 651,651
652,user 652,user_pass 652,652
653,user 653,user_pass 653,653
654,user 654,user_pass 654,654
655,user 655,user_pass 655,655
656,user 656,user_pass 656,656
657,user 657,user_pass 657,657
658,user 658,user_pass 658,658
659,user 659,user_pass 659,659
660,user 660,user_pass 660,660
661,user 661,user_pass 661,661
662,user 662,user_pass 662,662
663,user 663,user_pass 663,663
664,user 664,user_pass 664,664
665,user 665,user_pass 665,665
666,user 666,user_pass 666,666
667,user 667,user_pass 667,667
668,user 668,user_pass 668,668
669,user 669,user_pass 669,669
670,user 670,user_pass 670,670
671,user 671,user_pass 671,671
672,user 672,user_pass 672,672
673,user 673,user_pass 673,673
674,user 674,user_pass 674,674
675,user 675,user_pass 675,675
676,user 676,user_pass 676,676
677,user 677,user_pass 677,677
678,user 678,user_pass 678,678
679,user 679,user_pass 679,679
680,user 680,user_pass 680,680
681,user 681,user_pass 681,681
682,user 682,user_pass 682,682
683,user 683,user_pass 683,683
684,user 684,user_pass 684,684
685,user 685,user_pass 685,685
686,user 686,user_pass 686,686
687,user 687,user_pass 687,687
688,user 688,user_pass 688,688
689,user 689,user_pass 689,689
690,user 690,user_pass 690,690
691,user 691,user_pass 691,691
692,user 692,user_pass 692,692
693,user 693,user_pass 693,693
694,user 694,user_pass 694,694
695,user 695,user_pass 695,695
696,user 696,user_pass 696,696
697,user 697,user_pass 697,697
698,user 698,user_pass 698,698
699,user 699,user_pass 699,699
700,user 700,user_pass 700,700
701,user 701,user_pass 701,701
702,user 702,user_pass 702,702
703,user 703,user_pass 703,703
704,user 704,user_pass 704,704
705,user 705,user_pass 705,705
706,user 706,user_pass 706,706
707,user 707,user_pass 707,707
708,user 708,user_pass 708,708
709,user 709,user_pass 709,709
710,user 710,user_pass 710,710
711,user 711,user_pass 711,711
712,user 712,user_pass 712,712
713,user 713,user_pass 713,713
714,user 714,user_pass 714,714
715,user 715,user_pass 715,715
716,user 716,user_pass 716,716
717,user 717,user_pass 717,717
718,user 718,user_pass 718,718
719,user 719,user_pass 719,719
720,user 720,user_pass 720,720
721,user 721,user_pass 721,721
722,user 722,user_pass 722,722
723,user 723,user_pass 723,723
724,user 724,user_pass 724,724
725,user 725,user_pass 725,725
726,user 726,user_pass 726,726
727,user 727,user_pass 727,727
728,user 728,user_pass 728,728
729,user 729,user_pass 729,729
730,user 730,user_pass 730,730
731,user 731,user_pass 731,731
732,user 732,user_pass 732,732
733,user 733,user_pass 733,733
734,user 734,user_pass 734,734
735,user 735,user_pass 735,735
736,user 736,user_pass 736,736
737,user 737,user_pass 737,737
738,user 738,user_pass 738,738
739,user 739,user_pass 739,739
740,user 740,user_pass 740,740
741,user 741,user_pass 741,741
742,user 742,user_pass 742,742
743,user 743,user_pass 743,743
744,user 744,user_pass 744,744
745,user 745,user_pass 745,745
746,user 746,user_pass 746,746
747,user 747,user_pass 747,747
748,user 748,user_pass 748,748
749,user 749,user_pass 749,749
750,user 750,user_pass 750,750
751,user 751,user_pass 751,751
752,user 752,user_pass 752,752
753,user 753,user_pass 753,753
754,user 754,user_pass 754,754
755,user 755,user_pass 755,755
756,user 756,user_pass 756,756
757,user 757,user_pass 757,757
758,user 758,user_pass 758,758
759,user 759,user_pass 759,759
760,user 760,user_pass 760,760
761,user 761,user_pass 761,761
762,user 762,user_pass 762,762
763,user 763,user_pass 763,763
764,user 764,user_pass 764,764
765,user 765,user_pass 765,765
766,user 766,user_pass 766,766
767,user 767,user_pass 767,767
768,user 768,user_pass 768,768
769,user 769,user_pass 769,769
770,user 770,user_pass 770,770
771,user 771,user_pass 771,771
772,user 772,user_pass 772,772
773,user 773,user_pass 773,773
774,user 774,user_pass 774,774
775,user 775,user_pass 775,775
776,user 776,user_pass 776,776
777,user 777,user_pass 777,777
778,user 778,user_pass 778,778
779,user 779,user_pass 779,779
780,user 780,user_pass 780,780
781,user 781,user_pass 781,781
782,user 782,user_pass 782,782
783,user 783,user_pass 783,783
784,user 784,user_pass 784,784
785,user 785,user_pass 785,785
786,user 786,user_pass 786,786
787,user 787,user_pass 787,787
788,user 788,user_pass 788,788
789,user 789,user_pass 789,789
790,user 790,user_pass 790,790
791,user 791,user_pass 791,791
792,user 792,user_pass 792,792
793,user 793,user_pass 793,793
794,user 794,user_pass 794,794
795,user 795,user_pass 795,795
796,user 796,user_pass 796,796
797,user 797,user_pass 797,797
798,user 798,user_pass 798,798
799,user 799,user_pass 799,799
800,user 800,user_pass 800,800
801,user 801,user_pass 801,801
802,user 802,user_pass 802,802
803,user 803,user_pass 803,803
804,user 804,user_pass 804,804
805,user 805,user_pass 805,805
806,user 806,user_pass 806,806
807,user 807,user_pass 807,807
808,user 808,user_pass 808,808
809,user 809,user_pass 809,809
810,user 810,user_pass 810,810
811,user 811,user_pass 811,811
812,user 812,user_pass 812,812
813,user 813,user_pass 813,813
814,user 814,user_pass 814,814
815,user 815,user_pass 815,815
816,user 816,user_pass 816,816
817,user 817,user_pass 817,817
818,user 818,user_pass 818,818
819,user 819,user_pass 819,819
820,user 820,user_pass 820,820
821,user 821,user_pass 821,821
822,user 822,user_pass 822,822
823,user 823,user_pass 823,823
824,user 824,user_pass 824,824
825,user 825,user_pass 825,825
826,user 826,user_pass 826,826
827,user 827,user_pass 827,827
828,user 828,user_pass 828,828
829,user 829,user_pass 829,829
830,user 830,user_pass 830,830
831,user 831,user_pass 831,831
832,user 832,user_pass 832,832
833,user 833,user_pass 833,833
834,user 834,user_pass 834,834
835,user 835,user_pass 835,835
836,user 836,user_pass 836,836
837,user 837,user_pass 837,837
838,user 838,user_pass 838,838
839,user 839,user_pass 839,839
840,user 840,user_pass 840,840
841,user 841,user_pass 841,841
842,user 842,user_pass 842,842
843,user 843,user_pass 843,843
844,user 844,user_pass 844,844
845,user 845,user_pass 845,845
846,user 846,user_pass 846,846
847,user 847,user_pass 847,847
848,user 848,user_pass 848,848
849,user 849,user_pass 849,849
850,user 850,user_pass 850,850
851,user 851,user_pass 851,851
852,user 852,user_pass 852,852
853,user 853,user_pass 853,853
854,user 854,user_pass 854,854
855,user 855,user_pass 855,855
856,user 856,user_pass 856,856
857,user 857,user_pass 857,857
858,user 858,user_pass 858,858
859,user 859,user_pass 859,859
860,user 860,user_pass 860,860
861,user 861,user_pass 861,861
862,user 862,user_pass 862,862
863,user 863,user_pass 863,863
864,user 864,user_pass 864,864
865,user 865,user_pass 865,865
866,user 866,user_pass 866,866
867,user 867,user_pass 867,867
868,user 868,user_pass 868,868
869,user 869,user_pass 869,869
870,user 870,user_pass 870,870
871,user 871,user_pass 871,871
872,user 872,user_pass 872,872
873,user 873,user_pass 873,873
874,user 874,user_pass 874,874
875,user 875,user_pass 875,875
876,user 876,user_pass 876,876
877,user 877,user_pass 877,877
878,user 878,user_pass 878,878
879,user 879,user_pass 879,879
880,user 880,user_pass 880,880
881,user 881,user_pass 881,881
882,user 882,user_pass 882,882
883,user 883,user_pass 883,883
884,user 884,user_pass 884,884
885,user 885,user_pass 885,885
886,user 886,user_pass 886,886
887,user 887,user_pass 887,887
888,user 888,user_pass 888,888
889,user 889,user_pass 889,889
890,user 890,user_pass 890,890
891,user 891,user_pass 891,891
892,user 892,user_pass 892,892
893,user 893,user_pass 893,893
894,user 894,user_pass 894,894
895,user 895,user_pass 895,895
896,user 896,user_pass 896,896
897,user 897,user_pass 897,897
898,user 898,user_pass 898,898
899,user 899,user_pass 899,899
900,user 900,user_pass 900,900
901,user 901,user_pass 901,901
902,user 902,user_pass 902,902
903,user 903,user_pass 903,903
904,user 904,user_pass 904,904
905,user 905,user_pass 905,905
906,user 906,user_pass 906,906
907,user 907,user_pass 907,907
908,user 908,user_pass 908,908
909,user 909,user_pass 909,909
910,user 910,user_pass 910,910
911,user 911,user_pass 911,911
912,user 912,user_pass 912,912
913,user 913,user_pass 913,913
914,user 914,user_pass 914,914
915,user 915,user_pass 915,915
916,user 916,user_pass 916,916
917,user 917,user_pass 917,917
918,user 918,user_pass 918,918
919,user 919,user_pass 919,919
920,user 920,user_pass 920,920
921,user 921,user_pass 921,921
922,user 922,user_pass 922,922
923,user 923,user_pass 923,923
924,user 924,user_pass 924,924
925,user 925,user_pass 925,925
926,user 926,user_pass 926,926
927,user 927,user_pass 927,927
928,user 928,user_pass 928,928
929,user 929,user_pass 929,929
930,user 930,user_pass 930,930
931,user 931,user_pass 931,931
932,user 932,user_pass 932,932
933,user 933,user_pass 933,933
934,user 934,user_pass 934,934
935,user 935,user_pass 935,935
936,user 936,user_pass 936,936
937,user 937,user_pass 937,937
938,user 938,user_pass 938,938
939,user 939,user_pass 939,939
940,user 940,user_pass 940,940
941,user 941,user_pass 941,941
942,user 942,user_pass 942,942
943,user 943,user_pass 943,943
944,user 944,user_pass 944,944
945,user 945,user_pass 945,945
946,user 946,user_pass 946,946
947,user 947,user_pass 947,947
948,user 948,user_pass 948,948
949,user 949,user_pass 949,949
950,user 950,user_pass 950,950
951,user 951,user_pass 951,951
952,user 952,user_pass 952,952
953,user 953,user_pass 953,953
954,user 954,user_pass 954,954
955,user 955,user_pass 955,955
956,user 956,user_pass 956,956
957,user 957,user_pass 957,957
958,user 958,user_pass 958,958
959,user 959,user_pass 959,959
960,user 960,user_pass 960,960
961,user 961,user_pass 961,961
962,user 962,user_pass 962,962
963,user 963,user_pass 963,963
964,user 964,user_pass 964,964
965,user 965,user_pass 965,965
966,user 966,user_pass 966,966
967,user 967,user_pass 967,967
968,user 968,user_pass 968,968
969,user 969,user_pass 969,969
970,user 970,user_pass 970,970
971,user 971,user_pass 971,971
972,user 972,user_pass 972,972
973,user 973,user_pass 973,973
974,user 974,user_pass 974,974
975,user 975,user_pass 975,975
976,user 976,user_pass 976,976
977,user 977,user_pass 977,977
978,user 978,user_pass 978,978
979,user 979,user_pass 979,979
980,user 980,user_pass 980,980
981,user 981,user_pass 981,981
982,user 982,user_pass 982,982
983,user 983,user_pass 983,983
984,user 984,user_pass 984,984
985,user 985,user_pass 985,985
986,user 986,user_pass 986,986
987,user 987,user_pass 987,987
988,user 988,user_pass 988,988
989,user 989,user_pass 989,989
990,user 990,user_pass 990,990
991,user 991,user_pass 991,991
992,user 992,user_pass 992,992
993,user 993,user_pass 993,993
994,user 994,user_pass 994,994
995,user 995,user_pass 995,995
996,user 996,user_pass 996,996
997,user 997,user_pass 997,997
998,user 998,user_pass 998,998
999,user 999,user_pass 999,999
1000,user 1000,user_pass 1000,1000
1001,user 1001,user_pass 1001,1001
1002,user 1002,user_pass 1002,1002
1003,user 1003,user_pass 1003,1003
1004,user 1004,user_pass 1004,1004
1005,user 1005,user_pass 1005,1005
1006,user 1006,user_pass 1006,1006
1007,user 1007,user_pass 1007,1007
1008,user 1008,user_pass 1008,1008
1009,user 1009,user_pass 1009,1009
1010,user 1010,user_pass 1010,1010
1011,user 1011,user_pass 1011,1011
1012,user 1012,user_pass 1012,1012
1013,user 1013,user_pass 1013,1013
1014,user 1014,user_pass 1014,1014
1015,user 1015,user_pass 1015,1015
1016,user 1016,user_pass 1016,1016
1017,user 1017,user_pass 1017,1017
1018,user 1018,user_pass 1018,1018
1019,user 1019,user_pass 1019,1019
1020,user 1020,user_pass 1020,1020
1021,user 1021,user_pass 1021,1021
1022,user 1022,user_pass 1022,1022
1023,user 1023,user_pass 1023,1023
1024,user 1024,user_pass 1024,1024
1025,user 1025,user_pass 1025,1025
1026,user 1026,user_pass 1026,1026
1027,user 1027,user_pass 1027,1027
1028,user 1028,user_pass 1028,1028
1029,user 1029,user_pass 1029,1029
1030,user 1030,user_pass 1030,1030
1031,user 1031,user_pass 1031,1031
1032,user 1032,user_pass 1032,1032
1033,user 1033,user_pass 1033,1033
1034,user 1034,user_pass 1034,1034
1035,user 1035,user_pass 1035,1035
1036,user 1036,user_pass 1036,1036
1037,user 1037,user_pass 1037,1037
1038,user 1038,user_pass 1038,1038
1039,user 1039,user_pass 1039,1039
1040,user 1040,user_pass 1040,1040
1041,user 1041,user_pass 1041,1041
1042,user 1042,user_pass 1042,1042
1043,user 1043,user_pass 1043,1043
1044,user 1044,user_pass 1044,1044
1045,user 1045,user_pass 1045,1045
1046,user 1046,user_pass 1046,1046
1047,user 1047,user_pass 1047,1047
1048,user 1048,user_pass 1048,1048
1049,user 1049,user_pass 1049,1049
1050,user 1050,user_pass 1050,1050
1051,user 1051,user_pass 1051,1051
1052,user 1052,user_pass 1052,1052
1053,user 1053,user_pass 1053,1053
1054,user 1054,user_pass 1054,1054
1055,user 1055,user_pass 1055,1055
1056,user 1056,user_pass 1056,1056
1057,user 1057,user_pass 1057,1057
1058,user 1058,user_pass 1058,1058
1059,user 1059,user_pass 1059,1059
1060,user 1060,user_pass 1060,1060
1061,user 1061,user_pass 1061,1061
1062,user 1062,user_pass 1062,1062
1063,user 1063,user_pass 1063,1063
1064,user 1064,user_pass 1064,1064
1065,user 1065,user_pass 1065,1065
1066,user 1066,user_pass 1066,1066
1067,user 1067,user_pass 1067,1067
1068,user 1068,user_pass 1068,1068
1069,user 1069,user_pass 1069,1069
1070,user 1070,user_pass 1070,1070
1071,user 1071,user_pass 1071,1071
1072,user 1072,user_pass 1072,1072
1073,user 1073,user_pass 1073,1073
1074,user 1074,user_pass 1074,1074
1075,user 1075,user_pass 1075,1075
1076,user 1076,user_pass 1076,1076
1077,user 1077,user_pass 1077,1077
1078,user 1078,user_pass 1078,1078
1079,user 1079,user_pass 1079,1079
1080,user 1080,user_pass 1080,1080
1081,user 1081,user_pass 1081,1081
1082,user 1082,user_pass 1082,1082
1083,user 1083,user_pass 1083,1083
1084,user 1084,user_pass 1084,1084
1085,user 1085,user_pass 1085,1085
1086,user 1086,user_pass 1086,1086
1087,user 1087,user_pass 1087,1087
1088,user 1088,user_pass 1088,1088
1089,user 1089,user_pass 1089,1089
1090,user 1090,user_pass 1090,1090
1091,user 1091,user_pass 1091,1091
1092,user 1092,user_pass 1092,1092
1093,user 1093,user_pass 1093,1093
1094,user 1094,user_pass 1094,1094
1095,user 1095,user_pass 1095,1095
1096,user 1096,user_pass 1096,1096
1097,user 1097,user_pass 1097,1097
1098,user 1098,user_pass 1098,1098
1099,user 1099,user_pass 1099,1099
1100,user 1100,user_pass 1100,1100
1101,user 1101,user_pass 1101,1101
1102,user 1102,user_pass 1102,1102
1103,user 1103,user_pass 1103,1103
1104,user 1104,user_pass 1104,1104
1105,user 1105,user_pass 1105,1105
1106,user 1106,user_pass 1106,1106
1107,user 1107,user_pass 1107,1107
1108,user 1108,user_pass 1108,1108
1109,user 1109,user_pass 1109,1109
1110,user 1110,user_pass 1110,1110
1111,user 1111,user_pass 1111,1111
1112,user 1112,user_pass 1112,1112
1113,user 1113,user_pass 1113,1113
1114,user 1114,user_pass 1114,1114
1115,user 1115,user_pass 1115,1115
1116,user 1116,user_pass 1116,1116
1117,user 1117,user_pass 1117,1117
1118,user 1118,user_pass 1118,1118
1119,user 1119,user_pass 1119,1119
1120,user 1120,user_pass 1120,1120
1121,user 1121,user_pass 1121,1121
1122,user 1122,user_pass 1122,1122
1123,user 1123,user_pass 1123,1123
1124,user 1124,user_pass 1124,1124
1125,user 1125,user_pass 1125,1125
1126,user 1126,user_pass 1126,1126
1127,user 1127,user_pass 1127,1127
1128,user 1128,user_pass 1128,1128
1129,user 1129,user_pass 1129,1129
1130,user 1130,user_pass 1130,1130
1131,user 1131,user_pass 1131,1131
1132,user 1132,user_pass 1132,1132
1133,user 1133,user_pass 1133,1133
1134,user 1134,user_pass 1134,1134
1135,user 1135,user_pass 1135,1135
1136,user 1136,user_pass 1136,1136
1137,user 1137,user_pass 1137,1137
1138,user 1138,user_pass 1138,1138
1139,user 1139,user_pass 1139,1139
1140,user 1140,user_pass 1140,1140
1141,user 1141,user_pass 1141,1141
1142,user 1142,user_pass 1142,1142
1143,user 1143,user_pass 1143,1143
1144,user 1144,user_pass 1144,1144
1145,user 1145,user_pass 1145,1145
1146,user 1146,user_pass 1146,1146
1147,user 1147,user_pass 1147,1147
1148,user 1148,user_pass 1148,1148
1149,user 1149,user_pass 1149,1149
1150,user 1150,user_pass 1150,1150
1151,user 1151,user_pass 1151,1151
1152,user 1152,user_pass 1152,1152
1153,user 1153,user_pass 1153,1153
1154,user 1154,user_pass 1154,1154
1155,user 1155,user_pass 1155,1155
1156,user 1156,user_pass 1156,1156
1157,user 1157,user_pass 1157,1157
1158,user 1158,user_pass 1158,1158
1159,user 1159,user_pass 1159,1159
1160,user 1160,user_pass 1160,1160
1161,user 1161,user_pass 1161,1161
1162,user 1162,user_pass 1162,1162
1163,user 1163,user_pass 1163,1163
1164,user 1164,user_pass 1164,1164
1165,user 1165,user_pass 1165,1165
1166,user 1166,user_pass 1166,1166
1167,user 1167,user_pass 1167,1167
1168,user 1168,user_pass 1168,1168
1169,user 1169,user_pass 1169,1169
1170,user 1170,user_pass 1170,1170
1171,user 1171,user_pass 1171,1171
1172,user 1172,user_pass 1172,1172
1173,user 1173,user_pass 1173,1173
1174,user 1174,user_pass 1174,1174
1175,user 1175,user_pass 1175,1175
1176,user 1176,user_pass 1176,1176
1177,user 1177,user_pass 1177,1177
1178,user 1178,user_pass 1178,1178
1179,user 1179,user_pass 1179,1179
1180,user 1180,user_pass 1180,1180
1181,user 1181,user_pass 1181,1181
1182,user 1182,user_pass 1182,1182
1183,user 1183,user_pass 1183,1183
1184,user 1184,user_pass 1184,1184
1185,user 1185,user_pass 1185,1185
1186,user 1186,user_pass 1186,1186
1187,user 1187,user_pass 1187,1187
1188,user 1188,user_pass 1188,1188
1189,user 1189,user_pass 1189,1189
1190,user 1190,user_pass 1190,1190
1191,user 1191,user_pass 1191,1191
1192,user 1192,user_pass 1192,1192
1193,user 1193,user_pass 1193,1193
1194,user 1194,user_pass 1194,1194
1195,user 1195,user_pass 1195,1195
1196,user 1196,user_pass 1196,1196
1197,user 1197,user_pass 1197,1197
1198,user 1198,user_pass 1198,1198
1199,user 1199,user_pass 1199,1199
1200,user 1200,user_pass 1200,1200
1201,user 1201,user_pass 1201,1201
1202,user 1202,user_pass 1202,1202
1203,user 1203,user_pass 1203,1203
1204,user 1204,user_pass 1204,1204
1205,user 1205,user_pass 1205,1205
1206,user 1206,user_pass 1206,1206
1207,user 1207,user_pass 1207,1207
1208,user 1208,user_pass 1208,1208
1209,user 1209,user_pass 1209,1209
1210,user 1210,user_pass 1210,1210
1211,user 1211,user_pass 1211,1211
1212,user 1212,user_pass 1212,1212
1213,user 1213,user_pass 1213,1213
1214,user 1214,user_pass 1214,1214
1215,user 1215,user_pass 1215,1215
1216,user 1216,user_pass 1216,1216
1217,user 1217,user_pass 1217,1217
1218,user 1218,user_pass 1218,1218
1219,user 1219,user_pass 1219,1219
1220,user 1220,user_pass 1220,1220
1221,user 1221,user_pass 1221,1221
1222,user 1222,user_pass 1222,1222
1223,user 1223,user_pass 1223,1223
1224,user 1224,user_pass 1224,1224
1225,user 1225,user_pass 1225,1225
1226,user 1226,user_pass 1226,1226
1227,user 1227,user_pass 1227,1227
1228,user 1228,user_pass 1228,1228
1229,user 1229,user_pass 1229,1229
1230,user 1230,user_pass 1230,1230
1231,user 1231,user_pass 1231,1231
1232,user 1232,user_pass 1232,1232
1233,user 1233,user_pass 1233,1233
1234,user 1234,user_pass 1234,1234
1235,user 1235,user_pass 1235,1235
1236,user 1236,user_pass 1236,1236
1237,user 1237,user_pass 1237,1237
1238,user 1238,user_pass 1238,1238
1239,user 1239,user_pass 1239,1239
1240,user 1240,user_pass 1240,1240
1241,user 1241,user_pass 1241,1241
1242,user 1242,user_pass 1242,1242
1243,user 1243,user_pass 1243,1243
1244,user 1244,user_pass 1244,1244
1245,user 1245,user_pass 1245,1245
1246,user 1246,user_pass 1246,1246
1247,user 1247,user_pass 1247,1247
1248,user 1248,user_pass 1248,1248
1249,user 1249,user_pass 1249,1249
1250,user 1250,user_pass 1250,1250
1251,user 1251,user_pass 1251,1251
1252,user 1252,user_pass 1252,1252
1253,user 1253,user_pass 1253,1253
1254,user 1254,user_pass 1254,1254
1255,user 1255,user_pass 1255,1255
1256,user 1256,user_pass 1256,1256
1257,user 1257,user_pass 1257,1257
1258,user 1258,user_pass 1258,1258
1259,user 1259,user_pass 1259,1259
1260,user 1260,user_pass 1260,1260
1261,user 1261,user_pass 1261,1261
1262,user 1262,user_pass 1262,1262
1263,user 1263,user_pass 1263,1263
1264,user 1264,user_pass 1264,1264
1265,user 1265,user_pass 1265,1265
1266,user 1266,user_pass 1266,1266
1267,user 1267,user_pass 1267,1267
1268,user 1268,user_pass 1268,1268
1269,user 1269,user_pass 1269,1269
1270,user 1270,user_pass 1270,1270
1271,user 1271,user_pass 1271,1271
1272,user 1272,user_pass 1272,1272
1273,user 1273,user_pass 1273,1273
1274,user 1274,user_pass 1274,1274
1275,user 1275,user_pass 1275,1275
1276,user 1276,user_pass 1276,1276
1277,user 1277,user_pass 1277,1277
1278,user 1278,user_pass 1278,1278
1279,user 1279,user_pass 1279,1279
1280,user 1280,user_pass 1280,1280
1281,user 1281,user_pass 1281,1281
1282,user 1282,user_pass 1282,1282
1283,user 1283,user_pass 1283,1283
1284,user 1284,user_pass 1284,1284
1285,user 1285,user_pass 1285,1285
1286,user 1286,user_pass 1286,1286
1287,user 1287,user_pass 1287,1287
1288,user 1288,user_pass 1288,1288
1289,user 1289,user_pass 1289,1289
1290,user 1290,user_pass 1290,1290
1291,user 1291,user_pass 1291,1291
1292,user 1292,user_pass 1292,1292
1293,user 1293,user_pass 1293,1293
1294,user 1294,user_pass 1294,1294
1295,user 1295,user_pass 1295,1295
1296,user 1296,user_pass 1296,1296
1297,user 1297,user_pass 1297,1297
1298,user 1298,user_pass 1298,1298
1299,user 1299,user_pass 1299,1299
1300,user 1300,user_pass 1300,1300
1301,user 1301,user_pass 1301,1301
1302,user 1302,user_pass 1302,1302
1303,user 1303,user_pass 1303,1303
1304,user 1304,user_pass 1304,1304
1305,user 1305,user_pass 1305,1305
1306,user 1306,user_pass 1306,1306
1307,user 1307,user_pass 1307,1307
1308,user 1308,user_pass 1308,1308
1309,user 1309,user_pass 1309,1309
1310,user 1310,user_pass 1310,1310
1311,user 1311,user_pass 1311,1311
1312,user 1312,user_pass 1312,1312
1313,user 1313,user_pass 1313,1313
1314,user 1314,user_pass 1314,1314
1315,user 1315,user_pass 1315,1315
1316,user 1316,user_pass 1316,1316
1317,user 1317,user_pass 1317,1317
1318,user 1318,user_pass 1318,1318
1319,user 1319,user_pass 1319,1319
1320,user 1320,user_pass 1320,1320
1321,user 1321,user_pass 1321,1321
1322,user 1322,user_pass 1322,1322
1323,user 1323,user_pass 1323,1323
1324,user 1324,user_pass 1324,1324
1325,user 1325,user_pass 1325,1325
1326,user 1326,user_pass 1326,1326
1327,user 1327,user_pass 1327,1327
1328,user 1328,user_pass 1328,1328
1329,user 1329,user_pass 1329,1329
1330,user 1330,user_pass 1330,1330
1331,user 1331,user_pass 1331,1331
1332,user 1332,user_pass 1332,1332
1333,user 1333,user_pass 1333,1333
1334,user 1334,user_pass 1334,1334
1335,user 1335,user_pass 1335,1335
1336,user 1336,user_pass 1336,1336
1337,user 1337,user_pass 1337,1337
1338,user 1338,user_pass 1338,1338
1339,user 1339,user_pass 1339,1339
1340,user 1340,user_pass 1340,1340
1341,user 1341,user_pass 1341,1341
1342,user 1342,user_pass 1342,1342
1343,user 1343,user_pass 1343,1343
1344,user 1344,user_pass 1344,1344
1345,user 1345,user_pass 1345,1345
1346,user 1346,user_pass 1346,1346
1347,user 1347,user_pass 1347,1347
1348,user 1348,user_pass 1348,1348
1349,user 1349,user_pass 1349,1349
1350,user 1350,user_pass 1350,1350
1351,user 1351,user_pass 1351,1351
1352,user 1352,user_pass 1352,1352
1353,user 1353,user_pass 1353,1353
1354,user 1354,user_pass 1354,1354
1355,user 1355,user_pass 1355,1355
1356,user 1356,user_pass 1356,1356
1357,user 1357,user_pass 1357,1357
1358,user 1358,user_pass 1358,1358
1359,user 1359,user_pass 1359,1359
1360,user 1360,user_pass 1360,1360
1361,user 1361,user_pass 1361,1361
1362,user 1362,user_pass 1362,1362
1363,user 1363,user_pass 1363,1363
1364,user 1364,user_pass 1364,1364
1365,user 1365,user_pass 1365,1365
1366,user 1366,user_pass 1366,1366
1367,user 1367,user_pass 1367,1367
1368,user 1368,user_pass 1368,1368
1369,user 1369,user_pass 1369,1369
1370,user 1370,user_pass 1370,1370
1371,user 1371,user_pass 1371,1371
1372,user 1372,user_pass 1372,1372
1373,user 1373,user_pass 1373,1373
1374,user 1374,user_pass 1374,1374
1375,user 1375,user_pass 1375,1375
1376,user 1376,user_pass 1376,1376
1377,user 1377,user_pass 1377,1377
1378,user 1378,user_pass 1378,1378
1379,user 1379,user_pass 1379,1379
1380,user 1380,user_pass 1380,1380
1381,user 1381,user_pass 1381,1381
1382,user 1382,user_pass 1382,1382
1383,user 1383,user_pass 1383,1383
1384,user 1384,user_pass 1384,1384
1385,user 1385,user_pass 1385,1385
1386,user 1386,user_pass 1386,1386
1387,user 1387,user_pass 1387,1387
1388,user 1388,user_pass 1388,1388
1389,user 1389,user_pass 1389,1389
1390,user 1390,user_pass 1390,1390
1391,user 1391,user_pass 1391,1391
1392,user 1392,user_pass 1392,1392
1393,user 1393,user_pass 1393,1393
1394,user 1394,user_pass 1394,1394
1395,user 1395,user_pass 1395,1395
1396,user 1396,user_pass 1396,1396
1397,user 1397,user_pass 1397,1397
1398,user 1398,user_pass 1398,1398
1399,user 1399,user_pass 1399,1399
1400,user 1400,user_pass 1400,1400
1401,user 1401,user_pass 1401,1401
1402,user 1402,user_pass 1402,1402
1403,user 1403,user_pass 1403,1403
1404,user 1404,user_pass 1404,1404
1405,user 1405,user_pass 1405,1405
1406,user 1406,user_pass 1406,1406
1407,user 1407,user_pass 1407,1407
1408,user 1408,user_pass 1408,1408
1409,user 1409,user_pass 1409,1409
1410,user 1410,user_pass 1410,1410
1411,user 1411,user_pass 1411,1411
1412,user 1412,user_pass 1412,1412
1413,user 1413,user_pass 1413,1413
1414,user 1414,user_pass 1414,1414
1415,user 1415,user_pass 1415,1415
1416,user 1416,user_pass 1416,1416
1417,user 1417,user_pass 1417,1417
1418,user 1418,user_pass 1418,1418
1419,user 1419,user_pass 1419,1419
1420,user 1420,user_pass 1420,1420
1421,user 1421,user_pass 1421,1421
1422,user 1422,user_pass 1422,1422
1423,user 1423,user_pass 1423,1423
1424,user 1424,user_pass 1424,1424
1425,user 1425,user_pass 1425,1425
1426,user 1426,user_pass 1426,1426
1427,user 1427,user_pass 1427,1427
1428,user 1428,user_pass 1428,1428
1429,user 1429,user_pass 1429,1429
1430,user 1430,user_pass 1430,1430
1431,user 1431,user_pass 1431,1431
1432,user 1432,user_pass 1432,1432
1433,user 1433,user_pass 1433,1433
1434,user 1434,user_pass 1434,1434
1435,user 1435,user_pass 1435,1435
1436,user 1436,user_pass 1436,1436
1437,user 1437,user_pass 1437,1437
1438,user 1438,user_pass 1438,1438
1439,user 1439,user_pass 1439,1439
1440,user 1440,user_pass 1440,1440
1441,user 1441,user_pass 1441,1441
1442,user 1442,user_pass 1442,1442
1443,user 1443,user_pass 1443,1443
1444,user 1444,user_pass 1444,1444
1445,user 1445,user_pass 1445,1445
1446,user 1446,user_pass 1446,1446
1447,user 1447,user_pass 1447,1447
1448,user 1448,user_pass 1448,1448
1449,user 1449,user_pass 1449,1449
1450,user 1450,user_pass 1450,1450
1451,user 1451,user_pass 1451,1451
1452,user 1452,user_pass 1452,1452
1453,user 1453,user_pass 1453,1453
1454,user 1454,user_pass 1454,1454
1455,user 1455,user_pass 1455,1455
1456,user 1456,user_pass 1456,1456
1457,user 1457,user_pass 1457,1457
1458,user 1458,user_pass 1458,1458
1459,user 1459,user_pass 1459,1459
1460,user 1460,user_pass 1460,1460
1461,user 1461,user_pass 1461,1461
1462,user 1462,user_pass 1462,1462
1463,user 1463,user_pass 1463,1463
1464,user 1464,user_pass 1464,1464
1465,user 1465,user_pass 1465,1465
1466,user 1466,user_pass 1466,1466
1467,user 1467,user_pass 1467,1467
1468,user 1468,user_pass 1468,1468
1469,user 1469,user_pass 1469,1469
1470,user 1470,user_pass 1470,1470
1471,user 1471,user_pass 1471,1471
1472,user 1472,user_pass 1472,1472
1473,user 1473,user_pass 1473,1473
1474,user 1474,user_pass 1474,1474
1475,user 1475,user_pass 1475,1475
1476,user 1476,user_pass 1476,1476
1477,user 1477,user_pass 1477,1477
1478,user 1478,user_pass 1478,1478
1479,user 1479,user_pass 1479,1479
1480,user 1480,user_pass 1480,1480
1481,user 1481,user_pass 1481,1481
1482,user 1482,user_pass 1482,1482
1483,user 1483,user_pass 1483,1483
1484,user 1484,user_pass 1484,1484
1485,user 1485,user_pass 1485,1485
1486,user 1486,user_pass 1486,1486
1487,user 1487,user_pass 1487,1487
1488,user 1488,user_pass 1488,1488
1489,user 1489,user_pass 1489,1489
1490,user 1490,user_pass 1490,1490
1491,user 1491,user_pass 1491,1491
1492,user 1492,user_pass 1492,1492
1493,user 1493,user_pass 1493,1493
1494,user 1494,user_pass 1494,1494
1495,user 1495,user_pass 1495,1495
1496,user 1496,user_pass 1496,1496
1497,user 1497,user_pass 1497,1497
1498,user 1498,user_pass 1498,1498
1499,user 1499,user_pass 1499,1499
1500,user 1500,user_pass 1500,1500
1501,user 1501,user_pass 1501,1501
1502,user 1502,user_pass 1502,1502
1503,user 1503,user_pass 1503,1503
1504,user 1504,user_pass 1504,1504
1505,user 1505,user_pass 1505,1505
1506,user 1506,user_pass 1506,1506
1507,user 1507,user_pass 1507,1507
1508,user 1508,user_pass 1508,1508
1509,user 1509,user_pass 1509,1509
1510,user 1510,user_pass 1510,1510
1511,user 1511,user_pass 1511,1511
1512,user 1512,user_pass 1512,1512
1513,user 1513,user_pass 1513,1513
1514,user 1514,user_pass 1514,1514
1515,user 1515,user_pass 1515,1515
1516,user 1516,user_pass 1516,1516
1517,user 1517,user_pass 1517,1517
1518,user 1518,user_pass 1518,1518
1519,user 1519,user_pass 1519,1519
1520,user 1520,user_pass 1520,1520
1521,user 1521,user_pass 1521,1521
1522,user 1522,user_pass 1522,1522
1523,user 1523,user_pass 1523,1523
1524,user 1524,user_pass 1524,1524
1525,user 1525,user_pass 1525,1525
1526,user 1526,user_pass 1526,1526
1527,user 1527,user_pass 1527,1527
1528,user 1528,user_pass 1528,1528
1529,user 1529,user_pass 1529,1529
1530,user 1530,user_pass 1530,1530
1531,user 1531,user_pass 1531,1531
1532,user 1532,user_pass 1532,1532
1533,user 1533,user_pass 1533,1533
1534,user 1534,user_pass 1534,1534
1535,user 1535,user_pass 1535,1535
1536,user 1536,user_pass 1536,1536
1537,user 1537,user_pass 1537,1537
1538,user 1538,user_pass 1538,1538
1539,user 1539,user_pass 1539,1539
1540,user 1540,user_pass 1540,1540
1541,user 1541,user_pass 1541,1541
1542,user 1542,user_pass 1542,1542
1543,user 1543,user_pass 1543,1543
1544,user 1544,user_pass 1544,1544
1545,user 1545,user_pass 1545,1545
1546,user 1546,user_pass 1546,1546
1547,user 1547,user_pass 1547,1547
1548,user 1548,user_pass 1548,1548
1549,user 1549,user_pass 1549,1549
1550,user 1550,user_pass 1550,1550
1551,user 1551,user_pass 1551,1551
1552,user 1552,user_pass 1552,1552
1553,user 1553,user_pass 1553,1553
1554,user 1554,user_pass 1554,1554
1555,user 1555,user_pass 1555,1555
1556,user 1556,user_pass 1556,1556
1557,user 1557,user_pass 1557,1557
1558,user 1558,user_pass 1558,1558
1559,user 1559,user_pass 1559,1559
1560,user 1560,user_pass 1560,1560
1561,user 1561,user_pass 1561,1561
1562,user 1562,user_pass 1562,1562
1563,user 1563,user_pass 1563,1563
1564,user 1564,user_pass 1564,1564
1565,user 1565,user_pass 1565,1565
1566,user 1566,user_pass 1566,1566
1567,user 1567,user_pass 1567,1567
1568,user 1568,user_pass 1568,1568
1569,user 1569,user_pass 1569,1569
1570,user 1570,user_pass 1570,1570
1571,user 1571,user_pass 1571,1571
1572,user 1572,user_pass 1572,1572
1573,user 1573,user_pass 1573,1573
1574,user 1574,user_pass 1574,1574
1575,user 1575,user_pass 1575,1575
1576,user 1576,user_pass 1576,1576
1577,user 1577,user_pass 1577,1577
1578,user 1578,user_pass 1578,1578
1579,user 1579,user_pass 1579,1579
1580,user 1580,user_pass 1580,1580
1581,user 1581,user_pass 1581,1581
1582,user 1582,user_pass 1582,1582
1583,user 1583,user_pass 1583,1583
1584,user 1584,user_pass 1584,1584
1585,user 1585,user_pass 1585,1585
1586,user 1586,user_pass 1586,1586
1587,user 1587,user_pass 1587,1587
1588,user 1588,user_pass 1588,1588
1589,user 1589,user_pass 1589,1589
1590,user 1590,user_pass 1590,1590
1591,user 1591,user_pass 1591,1591
1592,user 1592,user_pass 1592,1592
1593,user 1593,user_pass 1593,1593
1594,user 1594,user_pass 1594,1594
1595,user 1595,user_pass 1595,1595
1596,user 1596,user_pass 1596,1596
1597,user 1597,user_pass 1597,1597
1598,user 1598,user_pass 1598,1598
1599,user 1599,user_pass 1599,1599
1600,user 1600,user_pass 1600,1600
1601,user 1601,user_pass 1601,1601
1602,user 1602,user_pass 1602,1602
1603,user 1603,user_pass 1603,1603
1604,user 1604,user_pass 1604,1604
1605,user 1605,user_pass 1605,1605
1606,user 1606,user_pass 1606,1606
1607,user 1607,user_pass 1607,1607
1608,user 1608,user_pass 1608,1608
1609,user 1609,user_pass 1609,1609
1610,user 1610,user_pass 1610,1610
1611,user 1611,user_pass 1611,1611
1612,user 1612,user_pass 1612,1612
1613,user 1613,user_pass 1613,1613
1614,user 1614,user_pass 1614,1614
1615,user 1615,user_pass 1615,1615
1616,user 1616,user_pass 1616,1616
1617,user 1617,user_pass 1617,1617
1618,user 1618,user_pass 1618,1618
1619,user 1619,user_pass 1619,1619
1620,user 1620,user_pass 1620,1620
1621,user 1621,user_pass 1621,1621
1622,user 1622,user_pass 1622,1622
1623,user 1623,user_pass 1623,1623
1624,user 1624,user_pass 1624,1624
1625,user 1625,user_pass 1625,1625
1626,user 1626,user_pass 1626,1626
1627,user 1627,user_pass 1627,1627
1628,user 1628,user_pass 1628,1628
1629,user 1629,user_pass 1629,1629
1630,user 1630,user_pass 1630,1630
1631,user 1631,user_pass 1631,1631
1632,user 1632,user_pass 1632,1632
1633,user 1633,user_pass 1633,1633
1634,user 1634,user_pass 1634,1634
1635,user 1635,user_pass 1635,1635
1636,user 1636,user_pass 1636,1636
1637,user 1637,user_pass 1637,1637
1638,user 1638,user_pass 1638,1638
1639,user 1639,user_pass 1639,1639
1640,user 1640,user_pass 1640,1640
1641,user 1641,user_pass 1641,1641
1642,user 1642,user_pass 1642,1642
1643,user 1643,user_pass 1643,1643
1644,user 1644,user_pass 1644,1644
1645,user 1645,user_pass 1645,1645
1646,user 1646,user_pass 1646,1646
1647,user 1647,user_pass 1647,1647
1648,user 1648,user_pass 1648,1648
1649,user 1649,user_pass 1649,1649
1650,user 1650,user_pass 1650,1650
1651,user 1651,user_pass 1651,1651
1652,user 1652,user_pass 1652,1652
1653,user 1653,user_pass 1653,1653
1654,user 1654,user_pass 1654,1654
1655,user 1655,user_pass 1655,1655
1656,user 1656,user_pass 1656,1656
1657,user 1657,user_pass 1657,1657
1658,user 1658,user_pass 1658,1658
1659,user 1659,user_pass 1659,1659
1660,user 1660,user_pass 1660,1660
1661,user 1661,user_pass 1661,1661
1662,user 1662,user_pass 1662,1662
1663,user 1663,user_pass 1663,1663
1664,user 1664,user_pass 1664,1664
1665,user 1665,user_pass 1665,1665
1666,user 1666,user_pass 1666,1666
