<beans xmlns="http://www.springframework.org/schema/beans"
	xmlns:jdbc="http://www.springframework.org/schema/jdbc" 
	xmlns:xsi="http://www.w3.org/2001/XMLSchema-instance"
	xsi:schemaLocation="http://www.springframework.org/schema/beans 
		http://www.springframework.org/schema/beans/spring-beans-3.2.xsd
		http://www.springframework.org/schema/jdbc 
		http://www.springframework.org/schema/jdbc/spring-jdbc-3.2.xsd">

    <!-- connect to database -->
	<bean id="dataSource"
		class="org.springframework.jdbc.datasource.DriverManagerDataSource">
		<property name="driverClassName" value="com.mysql.jdbc.Driver" />
		<property name="url" value="jdbc:mysql://192.168.56.5:3306/testBatch" />
		<property name="username" value="root" />
		<property name="password" value="root" />
	</bean>

	<bean id="transactionManager"
		class="org.springframework.batch.support.transaction.ResourcelessTransactionManager" />
	
	<!-- create job-meta tables automatically -->
	<jdbc:initialize-database data-source="dataSource">
		<jdbc:script location="org/springframework/batch/core/schema-drop-mysql.sql" />
		<jdbc:script location="org/springframework/batch/core/schema-mysql.sql" />
	</jdbc:initialize-database>
	
</beans>