2501,user 2501,user_pass 2501,2501
2502,user 2502,user_pass 2502,2502
2503,user 2503,user_pass 2503,2503
2504,user 2504,user_pass 2504,2504
2505,user 2505,user_pass 2505,2505
2506,user 2506,user_pass 2506,2506
2507,user 2507,user_pass 2507,2507
2508,user 2508,user_pass 2508,2508
2509,user 2509,user_pass 2509,2509
2510,user 2510,user_pass 2510,2510
2511,user 2511,user_pass 2511,2511
2512,user 2512,user_pass 2512,2512
2513,user 2513,user_pass 2513,2513
2514,user 2514,user_pass 2514,2514
2515,user 2515,user_pass 2515,2515
2516,user 2516,user_pass 2516,2516
2517,user 2517,user_pass 2517,2517
2518,user 2518,user_pass 2518,2518
2519,user 2519,user_pass 2519,2519
2520,user 2520,user_pass 2520,2520
2521,user 2521,user_pass 2521,2521
2522,user 2522,user_pass 2522,2522
2523,user 2523,user_pass 2523,2523
2524,user 2524,user_pass 2524,2524
2525,user 2525,user_pass 2525,2525
2526,user 2526,user_pass 2526,2526
2527,user 2527,user_pass 2527,2527
2528,user 2528,user_pass 2528,2528
2529,user 2529,user_pass 2529,2529
2530,user 2530,user_pass 2530,2530
2531,user 2531,user_pass 2531,2531
2532,user 2532,user_pass 2532,2532
2533,user 2533,user_pass 2533,2533
2534,user 2534,user_pass 2534,2534
2535,user 2535,user_pass 2535,2535
2536,user 2536,user_pass 2536,2536
2537,user 2537,user_pass 2537,2537
2538,user 2538,user_pass 2538,2538
2539,user 2539,user_pass 2539,2539
2540,user 2540,user_pass 2540,2540
2541,user 2541,user_pass 2541,2541
2542,user 2542,user_pass 2542,2542
2543,user 2543,user_pass 2543,2543
2544,user 2544,user_pass 2544,2544
2545,user 2545,user_pass 2545,2545
2546,user 2546,user_pass 2546,2546
2547,user 2547,user_pass 2547,2547
2548,user 2548,user_pass 2548,2548
2549,user 2549,user_pass 2549,2549
2550,user 2550,user_pass 2550,2550
2551,user 2551,user_pass 2551,2551
2552,user 2552,user_pass 2552,2552
2553,user 2553,user_pass 2553,2553
2554,user 2554,user_pass 2554,2554
2555,user 2555,user_pass 2555,2555
2556,user 2556,user_pass 2556,2556
2557,user 2557,user_pass 2557,2557
2558,user 2558,user_pass 2558,2558
2559,user 2559,user_pass 2559,2559
2560,user 2560,user_pass 2560,2560
2561,user 2561,user_pass 2561,2561
2562,user 2562,user_pass 2562,2562
2563,user 2563,user_pass 2563,2563
2564,user 2564,user_pass 2564,2564
2565,user 2565,user_pass 2565,2565
2566,user 2566,user_pass 2566,2566
2567,user 2567,user_pass 2567,2567
2568,user 2568,user_pass 2568,2568
2569,user 2569,user_pass 2569,2569
2570,user 2570,user_pass 2570,2570
2571,user 2571,user_pass 2571,2571
2572,user 2572,user_pass 2572,2572
2573,user 2573,user_pass 2573,2573
2574,user 2574,user_pass 2574,2574
2575,user 2575,user_pass 2575,2575
2576,user 2576,user_pass 2576,2576
2577,user 2577,user_pass 2577,2577
2578,user 2578,user_pass 2578,2578
2579,user 2579,user_pass 2579,2579
2580,user 2580,user_pass 2580,2580
2581,user 2581,user_pass 2581,2581
2582,user 2582,user_pass 2582,2582
2583,user 2583,user_pass 2583,2583
2584,user 2584,user_pass 2584,2584
2585,user 2585,user_pass 2585,2585
2586,user 2586,user_pass 2586,2586
2587,user 2587,user_pass 2587,2587
2588,user 2588,user_pass 2588,2588
2589,user 2589,user_pass 2589,2589
2590,user 2590,user_pass 2590,2590
2591,user 2591,user_pass 2591,2591
2592,user 2592,user_pass 2592,2592
2593,user 2593,user_pass 2593,2593
2594,user 2594,user_pass 2594,2594
2595,user 2595,user_pass 2595,2595
2596,user 2596,user_pass 2596,2596
2597,user 2597,user_pass 2597,2597
2598,user 2598,user_pass 2598,2598
2599,user 2599,user_pass 2599,2599
2600,user 2600,user_pass 2600,2600
2601,user 2601,user_pass 2601,2601
2602,user 2602,user_pass 2602,2602
2603,user 2603,user_pass 2603,2603
2604,user 2604,user_pass 2604,2604
2605,user 2605,user_pass 2605,2605
2606,user 2606,user_pass 2606,2606
2607,user 2607,user_pass 2607,2607
2608,user 2608,user_pass 2608,2608
2609,user 2609,user_pass 2609,2609
2610,user 2610,user_pass 2610,2610
2611,user 2611,user_pass 2611,2611
2612,user 2612,user_pass 2612,2612
2613,user 2613,user_pass 2613,2613
2614,user 2614,user_pass 2614,2614
2615,user 2615,user_pass 2615,2615
2616,user 2616,user_pass 2616,2616
2617,user 2617,user_pass 2617,2617
2618,user 2618,user_pass 2618,2618
2619,user 2619,user_pass 2619,2619
2620,user 2620,user_pass 2620,2620
2621,user 2621,user_pass 2621,2621
2622,user 2622,user_pass 2622,2622
2623,user 2623,user_pass 2623,2623
2624,user 2624,user_pass 2624,2624
2625,user 2625,user_pass 2625,2625
2626,user 2626,user_pass 2626,2626
2627,user 2627,user_pass 2627,2627
2628,user 2628,user_pass 2628,2628
2629,user 2629,user_pass 2629,2629
2630,user 2630,user_pass 2630,2630
2631,user 2631,user_pass 2631,2631
2632,user 2632,user_pass 2632,2632
2633,user 2633,user_pass 2633,2633
2634,user 2634,user_pass 2634,2634
2635,user 2635,user_pass 2635,2635
2636,user 2636,user_pass 2636,2636
2637,user 2637,user_pass 2637,2637
2638,user 2638,user_pass 2638,2638
2639,user 2639,user_pass 2639,2639
2640,user 2640,user_pass 2640,2640
2641,user 2641,user_pass 2641,2641
2642,user 2642,user_pass 2642,2642
2643,user 2643,user_pass 2643,2643
2644,user 2644,user_pass 2644,2644
2645,user 2645,user_pass 2645,2645
2646,user 2646,user_pass 2646,2646
2647,user 2647,user_pass 2647,2647
2648,user 2648,user_pass 2648,2648
2649,user 2649,user_pass 2649,2649
2650,user 2650,user_pass 2650,2650
2651,user 2651,user_pass 2651,2651
2652,user 2652,user_pass 2652,2652
2653,user 2653,user_pass 2653,2653
2654,user 2654,user_pass 2654,2654
2655,user 2655,user_pass 2655,2655
2656,user 2656,user_pass 2656,2656
2657,user 2657,user_pass 2657,2657
2658,user 2658,user_pass 2658,2658
2659,user 2659,user_pass 2659,2659
2660,user 2660,user_pass 2660,2660
2661,user 2661,user_pass 2661,2661
2662,user 2662,user_pass 2662,2662
2663,user 2663,user_pass 2663,2663
2664,user 2664,user_pass 2664,2664
2665,user 2665,user_pass 2665,2665
2666,user 2666,user_pass 2666,2666
2667,user 2667,user_pass 2667,2667
2668,user 2668,user_pass 2668,2668
2669,user 2669,user_pass 2669,2669
2670,user 2670,user_pass 2670,2670
2671,user 2671,user_pass 2671,2671
2672,user 2672,user_pass 2672,2672
2673,user 2673,user_pass 2673,2673
2674,user 2674,user_pass 2674,2674
2675,user 2675,user_pass 2675,2675
2676,user 2676,user_pass 2676,2676
2677,user 2677,user_pass 2677,2677
2678,user 2678,user_pass 2678,2678
2679,user 2679,user_pass 2679,2679
2680,user 2680,user_pass 2680,2680
2681,user 2681,user_pass 2681,2681
2682,user 2682,user_pass 2682,2682
2683,user 2683,user_pass 2683,2683
2684,user 2684,user_pass 2684,2684
2685,user 2685,user_pass 2685,2685
2686,user 2686,user_pass 2686,2686
2687,user 2687,user_pass 2687,2687
2688,user 2688,user_pass 2688,2688
2689,user 2689,user_pass 2689,2689
2690,user 2690,user_pass 2690,2690
2691,user 2691,user_pass 2691,2691
2692,user 2692,user_pass 2692,2692
2693,user 2693,user_pass 2693,2693
2694,user 2694,user_pass 2694,2694
2695,user 2695,user_pass 2695,2695
2696,user 2696,user_pass 2696,2696
2697,user 2697,user_pass 2697,2697
2698,user 2698,user_pass 2698,2698
2699,user 2699,user_pass 2699,2699
2700,user 2700,user_pass 2700,2700
2701,user 2701,user_pass 2701,2701
2702,user 2702,user_pass 2702,2702
2703,user 2703,user_pass 2703,2703
2704,user 2704,user_pass 2704,2704
2705,user 2705,user_pass 2705,2705
2706,user 2706,user_pass 2706,2706
2707,user 2707,user_pass 2707,2707
2708,user 2708,user_pass 2708,2708
2709,user 2709,user_pass 2709,2709
2710,user 2710,user_pass 2710,2710
2711,user 2711,user_pass 2711,2711
2712,user 2712,user_pass 2712,2712
2713,user 2713,user_pass 2713,2713
2714,user 2714,user_pass 2714,2714
2715,user 2715,user_pass 2715,2715
2716,user 2716,user_pass 2716,2716
2717,user 2717,user_pass 2717,2717
2718,user 2718,user_pass 2718,2718
2719,user 2719,user_pass 2719,2719
2720,user 2720,user_pass 2720,2720
2721,user 2721,user_pass 2721,2721
2722,user 2722,user_pass 2722,2722
2723,user 2723,user_pass 2723,2723
2724,user 2724,user_pass 2724,2724
2725,user 2725,user_pass 2725,2725
2726,user 2726,user_pass 2726,2726
2727,user 2727,user_pass 2727,2727
2728,user 2728,user_pass 2728,2728
2729,user 2729,user_pass 2729,2729
2730,user 2730,user_pass 2730,2730
2731,user 2731,user_pass 2731,2731
2732,user 2732,user_pass 2732,2732
2733,user 2733,user_pass 2733,2733
2734,user 2734,user_pass 2734,2734
2735,user 2735,user_pass 2735,2735
2736,user 2736,user_pass 2736,2736
2737,user 2737,user_pass 2737,2737
2738,user 2738,user_pass 2738,2738
2739,user 2739,user_pass 2739,2739
2740,user 2740,user_pass 2740,2740
2741,user 2741,user_pass 2741,2741
2742,user 2742,user_pass 2742,2742
2743,user 2743,user_pass 2743,2743
2744,user 2744,user_pass 2744,2744
2745,user 2745,user_pass 2745,2745
2746,user 2746,user_pass 2746,2746
2747,user 2747,user_pass 2747,2747
2748,user 2748,user_pass 2748,2748
2749,user 2749,user_pass 2749,2749
2750,user 2750,user_pass 2750,2750
2751,user 2751,user_pass 2751,2751
2752,user 2752,user_pass 2752,2752
2753,user 2753,user_pass 2753,2753
2754,user 2754,user_pass 2754,2754
2755,user 2755,user_pass 2755,2755
2756,user 2756,user_pass 2756,2756
2757,user 2757,user_pass 2757,2757
2758,user 2758,user_pass 2758,2758
2759,user 2759,user_pass 2759,2759
2760,user 2760,user_pass 2760,2760
2761,user 2761,user_pass 2761,2761
2762,user 2762,user_pass 2762,2762
2763,user 2763,user_pass 2763,2763
2764,user 2764,user_pass 2764,2764
2765,user 2765,user_pass 2765,2765
2766,user 2766,user_pass 2766,2766
2767,user 2767,user_pass 2767,2767
2768,user 2768,user_pass 2768,2768
2769,user 2769,user_pass 2769,2769
2770,user 2770,user_pass 2770,2770
2771,user 2771,user_pass 2771,2771
2772,user 2772,user_pass 2772,2772
2773,user 2773,user_pass 2773,2773
2774,user 2774,user_pass 2774,2774
2775,user 2775,user_pass 2775,2775
2776,user 2776,user_pass 2776,2776
2777,user 2777,user_pass 2777,2777
2778,user 2778,user_pass 2778,2778
2779,user 2779,user_pass 2779,2779
2780,user 2780,user_pass 2780,2780
2781,user 2781,user_pass 2781,2781
2782,user 2782,user_pass 2782,2782
2783,user 2783,user_pass 2783,2783
2784,user 2784,user_pass 2784,2784
2785,user 2785,user_pass 2785,2785
2786,user 2786,user_pass 2786,2786
2787,user 2787,user_pass 2787,2787
2788,user 2788,user_pass 2788,2788
2789,user 2789,user_pass 2789,2789
2790,user 2790,user_pass 2790,2790
2791,user 2791,user_pass 2791,2791
2792,user 2792,user_pass 2792,2792
2793,user 2793,user_pass 2793,2793
2794,user 2794,user_pass 2794,2794
2795,user 2795,user_pass 2795,2795
2796,user 2796,user_pass 2796,2796
2797,user 2797,user_pass 2797,2797
2798,user 2798,user_pass 2798,2798
2799,user 2799,user_pass 2799,2799
2800,user 2800,user_pass 2800,2800
2801,user 2801,user_pass 2801,2801
2802,user 2802,user_pass 2802,2802
2803,user 2803,user_pass 2803,2803
2804,user 2804,user_pass 2804,2804
2805,user 2805,user_pass 2805,2805
2806,user 2806,user_pass 2806,2806
2807,user 2807,user_pass 2807,2807
2808,user 2808,user_pass 2808,2808
2809,user 2809,user_pass 2809,2809
2810,user 2810,user_pass 2810,2810
2811,user 2811,user_pass 2811,2811
2812,user 2812,user_pass 2812,2812
2813,user 2813,user_pass 2813,2813
2814,user 2814,user_pass 2814,2814
2815,user 2815,user_pass 2815,2815
2816,user 2816,user_pass 2816,2816
2817,user 2817,user_pass 2817,2817
2818,user 2818,user_pass 2818,2818
2819,user 2819,user_pass 2819,2819
2820,user 2820,user_pass 2820,2820
2821,user 2821,user_pass 2821,2821
2822,user 2822,user_pass 2822,2822
2823,user 2823,user_pass 2823,2823
2824,user 2824,user_pass 2824,2824
2825,user 2825,user_pass 2825,2825
2826,user 2826,user_pass 2826,2826
2827,user 2827,user_pass 2827,2827
2828,user 2828,user_pass 2828,2828
2829,user 2829,user_pass 2829,2829
2830,user 2830,user_pass 2830,2830
2831,user 2831,user_pass 2831,2831
2832,user 2832,user_pass 2832,2832
2833,user 2833,user_pass 2833,2833
2834,user 2834,user_pass 2834,2834
2835,user 2835,user_pass 2835,2835
2836,user 2836,user_pass 2836,2836
2837,user 2837,user_pass 2837,2837
2838,user 2838,user_pass 2838,2838
2839,user 2839,user_pass 2839,2839
2840,user 2840,user_pass 2840,2840
2841,user 2841,user_pass 2841,2841
2842,user 2842,user_pass 2842,2842
2843,user 2843,user_pass 2843,2843
2844,user 2844,user_pass 2844,2844
2845,user 2845,user_pass 2845,2845
2846,user 2846,user_pass 2846,2846
2847,user 2847,user_pass 2847,2847
2848,user 2848,user_pass 2848,2848
2849,user 2849,user_pass 2849,2849
2850,user 2850,user_pass 2850,2850
2851,user 2851,user_pass 2851,2851
2852,user 2852,user_pass 2852,2852
2853,user 2853,user_pass 2853,2853
2854,user 2854,user_pass 2854,2854
2855,user 2855,user_pass 2855,2855
2856,user 2856,user_pass 2856,2856
2857,user 2857,user_pass 2857,2857
2858,user 2858,user_pass 2858,2858
2859,user 2859,user_pass 2859,2859
2860,user 2860,user_pass 2860,2860
2861,user 2861,user_pass 2861,2861
2862,user 2862,user_pass 2862,2862
2863,user 2863,user_pass 2863,2863
2864,user 2864,user_pass 2864,2864
2865,user 2865,user_pass 2865,2865
2866,user 2866,user_pass 2866,2866
2867,user 2867,user_pass 2867,2867
2868,user 2868,user_pass 2868,2868
2869,user 2869,user_pass 2869,2869
2870,user 2870,user_pass 2870,2870
2871,user 2871,user_pass 2871,2871
2872,user 2872,user_pass 2872,2872
2873,user 2873,user_pass 2873,2873
2874,user 2874,user_pass 2874,2874
2875,user 2875,user_pass 2875,2875
2876,user 2876,user_pass 2876,2876
2877,user 2877,user_pass 2877,2877
2878,user 2878,user_pass 2878,2878
2879,user 2879,user_pass 2879,2879
2880,user 2880,user_pass 2880,2880
2881,user 2881,user_pass 2881,2881
2882,user 2882,user_pass 2882,2882
2883,user 2883,user_pass 2883,2883
2884,user 2884,user_pass 2884,2884
2885,user 2885,user_pass 2885,2885
2886,user 2886,user_pass 2886,2886
2887,user 2887,user_pass 2887,2887
2888,user 2888,user_pass 2888,2888
2889,user 2889,user_pass 2889,2889
2890,user 2890,user_pass 2890,2890
2891,user 2891,user_pass 2891,2891
2892,user 2892,user_pass 2892,2892
2893,user 2893,user_pass 2893,2893
2894,user 2894,user_pass 2894,2894
2895,user 2895,user_pass 2895,2895
2896,user 2896,user_pass 2896,2896
2897,user 2897,user_pass 2897,2897
2898,user 2898,user_pass 2898,2898
2899,user 2899,user_pass 2899,2899
2900,user 2900,user_pass 2900,2900
2901,user 2901,user_pass 2901,2901
2902,user 2902,user_pass 2902,2902
2903,user 2903,user_pass 2903,2903
2904,user 2904,user_pass 2904,2904
2905,user 2905,user_pass 2905,2905
2906,user 2906,user_pass 2906,2906
2907,user 2907,user_pass 2907,2907
2908,user 2908,user_pass 2908,2908
2909,user 2909,user_pass 2909,2909
2910,user 2910,user_pass 2910,2910
2911,user 2911,user_pass 2911,2911
2912,user 2912,user_pass 2912,2912
2913,user 2913,user_pass 2913,2913
2914,user 2914,user_pass 2914,2914
2915,user 2915,user_pass 2915,2915
2916,user 2916,user_pass 2916,2916
2917,user 2917,user_pass 2917,2917
2918,user 2918,user_pass 2918,2918
2919,user 2919,user_pass 2919,2919
2920,user 2920,user_pass 2920,2920
2921,user 2921,user_pass 2921,2921
2922,user 2922,user_pass 2922,2922
2923,user 2923,user_pass 2923,2923
2924,user 2924,user_pass 2924,2924
2925,user 2925,user_pass 2925,2925
2926,user 2926,user_pass 2926,2926
2927,user 2927,user_pass 2927,2927
2928,user 2928,user_pass 2928,2928
2929,user 2929,user_pass 2929,2929
2930,user 2930,user_pass 2930,2930
2931,user 2931,user_pass 2931,2931
2932,user 2932,user_pass 2932,2932
2933,user 2933,user_pass 2933,2933
2934,user 2934,user_pass 2934,2934
2935,user 2935,user_pass 2935,2935
2936,user 2936,user_pass 2936,2936
2937,user 2937,user_pass 2937,2937
2938,user 2938,user_pass 2938,2938
2939,user 2939,user_pass 2939,2939
2940,user 2940,user_pass 2940,2940
2941,user 2941,user_pass 2941,2941
2942,user 2942,user_pass 2942,2942
2943,user 2943,user_pass 2943,2943
2944,user 2944,user_pass 2944,2944
2945,user 2945,user_pass 2945,2945
2946,user 2946,user_pass 2946,2946
2947,user 2947,user_pass 2947,2947
2948,user 2948,user_pass 2948,2948
2949,user 2949,user_pass 2949,2949
2950,user 2950,user_pass 2950,2950
2951,user 2951,user_pass 2951,2951
2952,user 2952,user_pass 2952,2952
2953,user 2953,user_pass 2953,2953
2954,user 2954,user_pass 2954,2954
2955,user 2955,user_pass 2955,2955
2956,user 2956,user_pass 2956,2956
2957,user 2957,user_pass 2957,2957
2958,user 2958,user_pass 2958,2958
2959,user 2959,user_pass 2959,2959
2960,user 2960,user_pass 2960,2960
2961,user 2961,user_pass 2961,2961
2962,user 2962,user_pass 2962,2962
2963,user 2963,user_pass 2963,2963
2964,user 2964,user_pass 2964,2964
2965,user 2965,user_pass 2965,2965
2966,user 2966,user_pass 2966,2966
2967,user 2967,user_pass 2967,2967
2968,user 2968,user_pass 2968,2968
2969,user 2969,user_pass 2969,2969
2970,user 2970,user_pass 2970,2970
2971,user 2971,user_pass 2971,2971
2972,user 2972,user_pass 2972,2972
2973,user 2973,user_pass 2973,2973
2974,user 2974,user_pass 2974,2974
2975,user 2975,user_pass 2975,2975
2976,user 2976,user_pass 2976,2976
2977,user 2977,user_pass 2977,2977
2978,user 2978,user_pass 2978,2978
2979,user 2979,user_pass 2979,2979
2980,user 2980,user_pass 2980,2980
2981,user 2981,user_pass 2981,2981
2982,user 2982,user_pass 2982,2982
2983,user 2983,user_pass 2983,2983
2984,user 2984,user_pass 2984,2984
2985,user 2985,user_pass 2985,2985
2986,user 2986,user_pass 2986,2986
2987,user 2987,user_pass 2987,2987
2988,user 2988,user_pass 2988,2988
2989,user 2989,user_pass 2989,2989
2990,user 2990,user_pass 2990,2990
2991,user 2991,user_pass 2991,2991
2992,user 2992,user_pass 2992,2992
2993,user 2993,user_pass 2993,2993
2994,user 2994,user_pass 2994,2994
2995,user 2995,user_pass 2995,2995
2996,user 2996,user_pass 2996,2996
2997,user 2997,user_pass 2997,2997
2998,user 2998,user_pass 2998,2998
2999,user 2999,user_pass 2999,2999
3000,user 3000,user_pass 3000,3000
