2001,user 2001,user_pass 2001,2001
2002,user 2002,user_pass 2002,2002
2003,user 2003,user_pass 2003,2003
2004,user 2004,user_pass 2004,2004
2005,user 2005,user_pass 2005,2005
2006,user 2006,user_pass 2006,2006
2007,user 2007,user_pass 2007,2007
2008,user 2008,user_pass 2008,2008
2009,user 2009,user_pass 2009,2009
2010,user 2010,user_pass 2010,2010
2011,user 2011,user_pass 2011,2011
2012,user 2012,user_pass 2012,2012
2013,user 2013,user_pass 2013,2013
2014,user 2014,user_pass 2014,2014
2015,user 2015,user_pass 2015,2015
2016,user 2016,user_pass 2016,2016
2017,user 2017,user_pass 2017,2017
2018,user 2018,user_pass 2018,2018
2019,user 2019,user_pass 2019,2019
2020,user 2020,user_pass 2020,2020
2021,user 2021,user_pass 2021,2021
2022,user 2022,user_pass 2022,2022
2023,user 2023,user_pass 2023,2023
2024,user 2024,user_pass 2024,2024
2025,user 2025,user_pass 2025,2025
2026,user 2026,user_pass 2026,2026
2027,user 2027,user_pass 2027,2027
2028,user 2028,user_pass 2028,2028
2029,user 2029,user_pass 2029,2029
2030,user 2030,user_pass 2030,2030
2031,user 2031,user_pass 2031,2031
2032,user 2032,user_pass 2032,2032
2033,user 2033,user_pass 2033,2033
2034,user 2034,user_pass 2034,2034
2035,user 2035,user_pass 2035,2035
2036,user 2036,user_pass 2036,2036
2037,user 2037,user_pass 2037,2037
2038,user 2038,user_pass 2038,2038
2039,user 2039,user_pass 2039,2039
2040,user 2040,user_pass 2040,2040
2041,user 2041,user_pass 2041,2041
2042,user 2042,user_pass 2042,2042
2043,user 2043,user_pass 2043,2043
2044,user 2044,user_pass 2044,2044
2045,user 2045,user_pass 2045,2045
2046,user 2046,user_pass 2046,2046
2047,user 2047,user_pass 2047,2047
2048,user 2048,user_pass 2048,2048
2049,user 2049,user_pass 2049,2049
2050,user 2050,user_pass 2050,2050
2051,user 2051,user_pass 2051,2051
2052,user 2052,user_pass 2052,2052
2053,user 2053,user_pass 2053,2053
2054,user 2054,user_pass 2054,2054
2055,user 2055,user_pass 2055,2055
2056,user 2056,user_pass 2056,2056
2057,user 2057,user_pass 2057,2057
2058,user 2058,user_pass 2058,2058
2059,user 2059,user_pass 2059,2059
2060,user 2060,user_pass 2060,2060
2061,user 2061,user_pass 2061,2061
2062,user 2062,user_pass 2062,2062
2063,user 2063,user_pass 2063,2063
2064,user 2064,user_pass 2064,2064
2065,user 2065,user_pass 2065,2065
2066,user 2066,user_pass 2066,2066
2067,user 2067,user_pass 2067,2067
2068,user 2068,user_pass 2068,2068
2069,user 2069,user_pass 2069,2069
2070,user 2070,user_pass 2070,2070
2071,user 2071,user_pass 2071,2071
2072,user 2072,user_pass 2072,2072
2073,user 2073,user_pass 2073,2073
2074,user 2074,user_pass 2074,2074
2075,user 2075,user_pass 2075,2075
2076,user 2076,user_pass 2076,2076
2077,user 2077,user_pass 2077,2077
2078,user 2078,user_pass 2078,2078
2079,user 2079,user_pass 2079,2079
2080,user 2080,user_pass 2080,2080
2081,user 2081,user_pass 2081,2081
2082,user 2082,user_pass 2082,2082
2083,user 2083,user_pass 2083,2083
2084,user 2084,user_pass 2084,2084
2085,user 2085,user_pass 2085,2085
2086,user 2086,user_pass 2086,2086
2087,user 2087,user_pass 2087,2087
2088,user 2088,user_pass 2088,2088
2089,user 2089,user_pass 2089,2089
2090,user 2090,user_pass 2090,2090
2091,user 2091,user_pass 2091,2091
2092,user 2092,user_pass 2092,2092
2093,user 2093,user_pass 2093,2093
2094,user 2094,user_pass 2094,2094
2095,user 2095,user_pass 2095,2095
2096,user 2096,user_pass 2096,2096
2097,user 2097,user_pass 2097,2097
2098,user 2098,user_pass 2098,2098
2099,user 2099,user_pass 2099,2099
2100,user 2100,user_pass 2100,2100
2101,user 2101,user_pass 2101,2101
2102,user 2102,user_pass 2102,2102
2103,user 2103,user_pass 2103,2103
2104,user 2104,user_pass 2104,2104
2105,user 2105,user_pass 2105,2105
2106,user 2106,user_pass 2106,2106
2107,user 2107,user_pass 2107,2107
2108,user 2108,user_pass 2108,2108
2109,user 2109,user_pass 2109,2109
2110,user 2110,user_pass 2110,2110
2111,user 2111,user_pass 2111,2111
2112,user 2112,user_pass 2112,2112
2113,user 2113,user_pass 2113,2113
2114,user 2114,user_pass 2114,2114
2115,user 2115,user_pass 2115,2115
2116,user 2116,user_pass 2116,2116
2117,user 2117,user_pass 2117,2117
2118,user 2118,user_pass 2118,2118
2119,user 2119,user_pass 2119,2119
2120,user 2120,user_pass 2120,2120
2121,user 2121,user_pass 2121,2121
2122,user 2122,user_pass 2122,2122
2123,user 2123,user_pass 2123,2123
2124,user 2124,user_pass 2124,2124
2125,user 2125,user_pass 2125,2125
2126,user 2126,user_pass 2126,2126
2127,user 2127,user_pass 2127,2127
2128,user 2128,user_pass 2128,2128
2129,user 2129,user_pass 2129,2129
2130,user 2130,user_pass 2130,2130
2131,user 2131,user_pass 2131,2131
2132,user 2132,user_pass 2132,2132
2133,user 2133,user_pass 2133,2133
2134,user 2134,user_pass 2134,2134
2135,user 2135,user_pass 2135,2135
2136,user 2136,user_pass 2136,2136
2137,user 2137,user_pass 2137,2137
2138,user 2138,user_pass 2138,2138
2139,user 2139,user_pass 2139,2139
2140,user 2140,user_pass 2140,2140
2141,user 2141,user_pass 2141,2141
2142,user 2142,user_pass 2142,2142
2143,user 2143,user_pass 2143,2143
2144,user 2144,user_pass 2144,2144
2145,user 2145,user_pass 2145,2145
2146,user 2146,user_pass 2146,2146
2147,user 2147,user_pass 2147,2147
2148,user 2148,user_pass 2148,2148
2149,user 2149,user_pass 2149,2149
2150,user 2150,user_pass 2150,2150
2151,user 2151,user_pass 2151,2151
2152,user 2152,user_pass 2152,2152
2153,user 2153,user_pass 2153,2153
2154,user 2154,user_pass 2154,2154
2155,user 2155,user_pass 2155,2155
2156,user 2156,user_pass 2156,2156
2157,user 2157,user_pass 2157,2157
2158,user 2158,user_pass 2158,2158
2159,user 2159,user_pass 2159,2159
2160,user 2160,user_pass 2160,2160
2161,user 2161,user_pass 2161,2161
2162,user 2162,user_pass 2162,2162
2163,user 2163,user_pass 2163,2163
2164,user 2164,user_pass 2164,2164
2165,user 2165,user_pass 2165,2165
2166,user 2166,user_pass 2166,2166
2167,user 2167,user_pass 2167,2167
2168,user 2168,user_pass 2168,2168
2169,user 2169,user_pass 2169,2169
2170,user 2170,user_pass 2170,2170
2171,user 2171,user_pass 2171,2171
2172,user 2172,user_pass 2172,2172
2173,user 2173,user_pass 2173,2173
2174,user 2174,user_pass 2174,2174
2175,user 2175,user_pass 2175,2175
2176,user 2176,user_pass 2176,2176
2177,user 2177,user_pass 2177,2177
2178,user 2178,user_pass 2178,2178
2179,user 2179,user_pass 2179,2179
2180,user 2180,user_pass 2180,2180
2181,user 2181,user_pass 2181,2181
2182,user 2182,user_pass 2182,2182
2183,user 2183,user_pass 2183,2183
2184,user 2184,user_pass 2184,2184
2185,user 2185,user_pass 2185,2185
2186,user 2186,user_pass 2186,2186
2187,user 2187,user_pass 2187,2187
2188,user 2188,user_pass 2188,2188
2189,user 2189,user_pass 2189,2189
2190,user 2190,user_pass 2190,2190
2191,user 2191,user_pass 2191,2191
2192,user 2192,user_pass 2192,2192
2193,user 2193,user_pass 2193,2193
2194,user 2194,user_pass 2194,2194
2195,user 2195,user_pass 2195,2195
2196,user 2196,user_pass 2196,2196
2197,user 2197,user_pass 2197,2197
2198,user 2198,user_pass 2198,2198
2199,user 2199,user_pass 2199,2199
2200,user 2200,user_pass 2200,2200
2201,user 2201,user_pass 2201,2201
2202,user 2202,user_pass 2202,2202
2203,user 2203,user_pass 2203,2203
2204,user 2204,user_pass 2204,2204
2205,user 2205,user_pass 2205,2205
2206,user 2206,user_pass 2206,2206
2207,user 2207,user_pass 2207,2207
2208,user 2208,user_pass 2208,2208
2209,user 2209,user_pass 2209,2209
2210,user 2210,user_pass 2210,2210
2211,user 2211,user_pass 2211,2211
2212,user 2212,user_pass 2212,2212
2213,user 2213,user_pass 2213,2213
2214,user 2214,user_pass 2214,2214
2215,user 2215,user_pass 2215,2215
2216,user 2216,user_pass 2216,2216
2217,user 2217,user_pass 2217,2217
2218,user 2218,user_pass 2218,2218
2219,user 2219,user_pass 2219,2219
2220,user 2220,user_pass 2220,2220
2221,user 2221,user_pass 2221,2221
2222,user 2222,user_pass 2222,2222
2223,user 2223,user_pass 2223,2223
2224,user 2224,user_pass 2224,2224
2225,user 2225,user_pass 2225,2225
2226,user 2226,user_pass 2226,2226
2227,user 2227,user_pass 2227,2227
2228,user 2228,user_pass 2228,2228
2229,user 2229,user_pass 2229,2229
2230,user 2230,user_pass 2230,2230
2231,user 2231,user_pass 2231,2231
2232,user 2232,user_pass 2232,2232
2233,user 2233,user_pass 2233,2233
2234,user 2234,user_pass 2234,2234
2235,user 2235,user_pass 2235,2235
2236,user 2236,user_pass 2236,2236
2237,user 2237,user_pass 2237,2237
2238,user 2238,user_pass 2238,2238
2239,user 2239,user_pass 2239,2239
2240,user 2240,user_pass 2240,2240
2241,user 2241,user_pass 2241,2241
2242,user 2242,user_pass 2242,2242
2243,user 2243,user_pass 2243,2243
2244,user 2244,user_pass 2244,2244
2245,user 2245,user_pass 2245,2245
2246,user 2246,user_pass 2246,2246
2247,user 2247,user_pass 2247,2247
2248,user 2248,user_pass 2248,2248
2249,user 2249,user_pass 2249,2249
2250,user 2250,user_pass 2250,2250
2251,user 2251,user_pass 2251,2251
2252,user 2252,user_pass 2252,2252
2253,user 2253,user_pass 2253,2253
2254,user 2254,user_pass 2254,2254
2255,user 2255,user_pass 2255,2255
2256,user 2256,user_pass 2256,2256
2257,user 2257,user_pass 2257,2257
2258,user 2258,user_pass 2258,2258
2259,user 2259,user_pass 2259,2259
2260,user 2260,user_pass 2260,2260
2261,user 2261,user_pass 2261,2261
2262,user 2262,user_pass 2262,2262
2263,user 2263,user_pass 2263,2263
2264,user 2264,user_pass 2264,2264
2265,user 2265,user_pass 2265,2265
2266,user 2266,user_pass 2266,2266
2267,user 2267,user_pass 2267,2267
2268,user 2268,user_pass 2268,2268
2269,user 2269,user_pass 2269,2269
2270,user 2270,user_pass 2270,2270
2271,user 2271,user_pass 2271,2271
2272,user 2272,user_pass 2272,2272
2273,user 2273,user_pass 2273,2273
2274,user 2274,user_pass 2274,2274
2275,user 2275,user_pass 2275,2275
2276,user 2276,user_pass 2276,2276
2277,user 2277,user_pass 2277,2277
2278,user 2278,user_pass 2278,2278
2279,user 2279,user_pass 2279,2279
2280,user 2280,user_pass 2280,2280
2281,user 2281,user_pass 2281,2281
2282,user 2282,user_pass 2282,2282
2283,user 2283,user_pass 2283,2283
2284,user 2284,user_pass 2284,2284
2285,user 2285,user_pass 2285,2285
2286,user 2286,user_pass 2286,2286
2287,user 2287,user_pass 2287,2287
2288,user 2288,user_pass 2288,2288
2289,user 2289,user_pass 2289,2289
2290,user 2290,user_pass 2290,2290
2291,user 2291,user_pass 2291,2291
2292,user 2292,user_pass 2292,2292
2293,user 2293,user_pass 2293,2293
2294,user 2294,user_pass 2294,2294
2295,user 2295,user_pass 2295,2295
2296,user 2296,user_pass 2296,2296
2297,user 2297,user_pass 2297,2297
2298,user 2298,user_pass 2298,2298
2299,user 2299,user_pass 2299,2299
2300,user 2300,user_pass 2300,2300
2301,user 2301,user_pass 2301,2301
2302,user 2302,user_pass 2302,2302
2303,user 2303,user_pass 2303,2303
2304,user 2304,user_pass 2304,2304
2305,user 2305,user_pass 2305,2305
2306,user 2306,user_pass 2306,2306
2307,user 2307,user_pass 2307,2307
2308,user 2308,user_pass 2308,2308
2309,user 2309,user_pass 2309,2309
2310,user 2310,user_pass 2310,2310
2311,user 2311,user_pass 2311,2311
2312,user 2312,user_pass 2312,2312
2313,user 2313,user_pass 2313,2313
2314,user 2314,user_pass 2314,2314
2315,user 2315,user_pass 2315,2315
2316,user 2316,user_pass 2316,2316
2317,user 2317,user_pass 2317,2317
2318,user 2318,user_pass 2318,2318
2319,user 2319,user_pass 2319,2319
2320,user 2320,user_pass 2320,2320
2321,user 2321,user_pass 2321,2321
2322,user 2322,user_pass 2322,2322
2323,user 2323,user_pass 2323,2323
2324,user 2324,user_pass 2324,2324
2325,user 2325,user_pass 2325,2325
2326,user 2326,user_pass 2326,2326
2327,user 2327,user_pass 2327,2327
2328,user 2328,user_pass 2328,2328
2329,user 2329,user_pass 2329,2329
2330,user 2330,user_pass 2330,2330
2331,user 2331,user_pass 2331,2331
2332,user 2332,user_pass 2332,2332
2333,user 2333,user_pass 2333,2333
2334,user 2334,user_pass 2334,2334
2335,user 2335,user_pass 2335,2335
2336,user 2336,user_pass 2336,2336
2337,user 2337,user_pass 2337,2337
2338,user 2338,user_pass 2338,2338
2339,user 2339,user_pass 2339,2339
2340,user 2340,user_pass 2340,2340
2341,user 2341,user_pass 2341,2341
2342,user 2342,user_pass 2342,2342
2343,user 2343,user_pass 2343,2343
2344,user 2344,user_pass 2344,2344
2345,user 2345,user_pass 2345,2345
2346,user 2346,user_pass 2346,2346
2347,user 2347,user_pass 2347,2347
2348,user 2348,user_pass 2348,2348
2349,user 2349,user_pass 2349,2349
2350,user 2350,user_pass 2350,2350
2351,user 2351,user_pass 2351,2351
2352,user 2352,user_pass 2352,2352
2353,user 2353,user_pass 2353,2353
2354,user 2354,user_pass 2354,2354
2355,user 2355,user_pass 2355,2355
2356,user 2356,user_pass 2356,2356
2357,user 2357,user_pass 2357,2357
2358,user 2358,user_pass 2358,2358
2359,user 2359,user_pass 2359,2359
2360,user 2360,user_pass 2360,2360
2361,user 2361,user_pass 2361,2361
2362,user 2362,user_pass 2362,2362
2363,user 2363,user_pass 2363,2363
2364,user 2364,user_pass 2364,2364
2365,user 2365,user_pass 2365,2365
2366,user 2366,user_pass 2366,2366
2367,user 2367,user_pass 2367,2367
2368,user 2368,user_pass 2368,2368
2369,user 2369,user_pass 2369,2369
2370,user 2370,user_pass 2370,2370
2371,user 2371,user_pass 2371,2371
2372,user 2372,user_pass 2372,2372
2373,user 2373,user_pass 2373,2373
2374,user 2374,user_pass 2374,2374
2375,user 2375,user_pass 2375,2375
2376,user 2376,user_pass 2376,2376
2377,user 2377,user_pass 2377,2377
2378,user 2378,user_pass 2378,2378
2379,user 2379,user_pass 2379,2379
2380,user 2380,user_pass 2380,2380
2381,user 2381,user_pass 2381,2381
2382,user 2382,user_pass 2382,2382
2383,user 2383,user_pass 2383,2383
2384,user 2384,user_pass 2384,2384
2385,user 2385,user_pass 2385,2385
2386,user 2386,user_pass 2386,2386
2387,user 2387,user_pass 2387,2387
2388,user 2388,user_pass 2388,2388
2389,user 2389,user_pass 2389,2389
2390,user 2390,user_pass 2390,2390
2391,user 2391,user_pass 2391,2391
2392,user 2392,user_pass 2392,2392
2393,user 2393,user_pass 2393,2393
2394,user 2394,user_pass 2394,2394
2395,user 2395,user_pass 2395,2395
2396,user 2396,user_pass 2396,2396
2397,user 2397,user_pass 2397,2397
2398,user 2398,user_pass 2398,2398
2399,user 2399,user_pass 2399,2399
2400,user 2400,user_pass 2400,2400
2401,user 2401,user_pass 2401,2401
2402,user 2402,user_pass 2402,2402
2403,user 2403,user_pass 2403,2403
2404,user 2404,user_pass 2404,2404
2405,user 2405,user_pass 2405,2405
2406,user 2406,user_pass 2406,2406
2407,user 2407,user_pass 2407,2407
2408,user 2408,user_pass 2408,2408
2409,user 2409,user_pass 2409,2409
2410,user 2410,user_pass 2410,2410
2411,user 2411,user_pass 2411,2411
2412,user 2412,user_pass 2412,2412
2413,user 2413,user_pass 2413,2413
2414,user 2414,user_pass 2414,2414
2415,user 2415,user_pass 2415,2415
2416,user 2416,user_pass 2416,2416
2417,user 2417,user_pass 2417,2417
2418,user 2418,user_pass 2418,2418
2419,user 2419,user_pass 2419,2419
2420,user 2420,user_pass 2420,2420
2421,user 2421,user_pass 2421,2421
2422,user 2422,user_pass 2422,2422
2423,user 2423,user_pass 2423,2423
2424,user 2424,user_pass 2424,2424
2425,user 2425,user_pass 2425,2425
2426,user 2426,user_pass 2426,2426
2427,user 2427,user_pass 2427,2427
2428,user 2428,user_pass 2428,2428
2429,user 2429,user_pass 2429,2429
2430,user 2430,user_pass 2430,2430
2431,user 2431,user_pass 2431,2431
2432,user 2432,user_pass 2432,2432
2433,user 2433,user_pass 2433,2433
2434,user 2434,user_pass 2434,2434
2435,user 2435,user_pass 2435,2435
2436,user 2436,user_pass 2436,2436
2437,user 2437,user_pass 2437,2437
2438,user 2438,user_pass 2438,2438
2439,user 2439,user_pass 2439,2439
2440,user 2440,user_pass 2440,2440
2441,user 2441,user_pass 2441,2441
2442,user 2442,user_pass 2442,2442
2443,user 2443,user_pass 2443,2443
2444,user 2444,user_pass 2444,2444
2445,user 2445,user_pass 2445,2445
2446,user 2446,user_pass 2446,2446
2447,user 2447,user_pass 2447,2447
2448,user 2448,user_pass 2448,2448
2449,user 2449,user_pass 2449,2449
2450,user 2450,user_pass 2450,2450
2451,user 2451,user_pass 2451,2451
2452,user 2452,user_pass 2452,2452
2453,user 2453,user_pass 2453,2453
2454,user 2454,user_pass 2454,2454
2455,user 2455,user_pass 2455,2455
2456,user 2456,user_pass 2456,2456
2457,user 2457,user_pass 2457,2457
2458,user 2458,user_pass 2458,2458
2459,user 2459,user_pass 2459,2459
2460,user 2460,user_pass 2460,2460
2461,user 2461,user_pass 2461,2461
2462,user 2462,user_pass 2462,2462
2463,user 2463,user_pass 2463,2463
2464,user 2464,user_pass 2464,2464
2465,user 2465,user_pass 2465,2465
2466,user 2466,user_pass 2466,2466
2467,user 2467,user_pass 2467,2467
2468,user 2468,user_pass 2468,2468
2469,user 2469,user_pass 2469,2469
2470,user 2470,user_pass 2470,2470
2471,user 2471,user_pass 2471,2471
2472,user 2472,user_pass 2472,2472
2473,user 2473,user_pass 2473,2473
2474,user 2474,user_pass 2474,2474
2475,user 2475,user_pass 2475,2475
2476,user 2476,user_pass 2476,2476
2477,user 2477,user_pass 2477,2477
2478,user 2478,user_pass 2478,2478
2479,user 2479,user_pass 2479,2479
2480,user 2480,user_pass 2480,2480
2481,user 2481,user_pass 2481,2481
2482,user 2482,user_pass 2482,2482
2483,user 2483,user_pass 2483,2483
2484,user 2484,user_pass 2484,2484
2485,user 2485,user_pass 2485,2485
2486,user 2486,user_pass 2486,2486
2487,user 2487,user_pass 2487,2487
2488,user 2488,user_pass 2488,2488
2489,user 2489,user_pass 2489,2489
2490,user 2490,user_pass 2490,2490
2491,user 2491,user_pass 2491,2491
2492,user 2492,user_pass 2492,2492
2493,user 2493,user_pass 2493,2493
2494,user 2494,user_pass 2494,2494
2495,user 2495,user_pass 2495,2495
2496,user 2496,user_pass 2496,2496
2497,user 2497,user_pass 2497,2497
2498,user 2498,user_pass 2498,2498
2499,user 2499,user_pass 2499,2499
2500,user 2500,user_pass 2500,2500
