1001,user 1001,user_pass 1001,1001
1002,user 1002,user_pass 1002,1002
1003,user 1003,user_pass 1003,1003
1004,user 1004,user_pass 1004,1004
1005,user 1005,user_pass 1005,1005
1006,user 1006,user_pass 1006,1006
1007,user 1007,user_pass 1007,1007
1008,user 1008,user_pass 1008,1008
1009,user 1009,user_pass 1009,1009
1010,user 1010,user_pass 1010,1010
1011,user 1011,user_pass 1011,1011
1012,user 1012,user_pass 1012,1012
1013,user 1013,user_pass 1013,1013
1014,user 1014,user_pass 1014,1014
1015,user 1015,user_pass 1015,1015
1016,user 1016,user_pass 1016,1016
1017,user 1017,user_pass 1017,1017
1018,user 1018,user_pass 1018,1018
1019,user 1019,user_pass 1019,1019
1020,user 1020,user_pass 1020,1020
1021,user 1021,user_pass 1021,1021
1022,user 1022,user_pass 1022,1022
1023,user 1023,user_pass 1023,1023
1024,user 1024,user_pass 1024,1024
1025,user 1025,user_pass 1025,1025
1026,user 1026,user_pass 1026,1026
1027,user 1027,user_pass 1027,1027
1028,user 1028,user_pass 1028,1028
1029,user 1029,user_pass 1029,1029
1030,user 1030,user_pass 1030,1030
1031,user 1031,user_pass 1031,1031
1032,user 1032,user_pass 1032,1032
1033,user 1033,user_pass 1033,1033
1034,user 1034,user_pass 1034,1034
1035,user 1035,user_pass 1035,1035
1036,user 1036,user_pass 1036,1036
1037,user 1037,user_pass 1037,1037
1038,user 1038,user_pass 1038,1038
1039,user 1039,user_pass 1039,1039
1040,user 1040,user_pass 1040,1040
1041,user 1041,user_pass 1041,1041
1042,user 1042,user_pass 1042,1042
1043,user 1043,user_pass 1043,1043
1044,user 1044,user_pass 1044,1044
1045,user 1045,user_pass 1045,1045
1046,user 1046,user_pass 1046,1046
1047,user 1047,user_pass 1047,1047
1048,user 1048,user_pass 1048,1048
1049,user 1049,user_pass 1049,1049
1050,user 1050,user_pass 1050,1050
1051,user 1051,user_pass 1051,1051
1052,user 1052,user_pass 1052,1052
1053,user 1053,user_pass 1053,1053
1054,user 1054,user_pass 1054,1054
1055,user 1055,user_pass 1055,1055
1056,user 1056,user_pass 1056,1056
1057,user 1057,user_pass 1057,1057
1058,user 1058,user_pass 1058,1058
1059,user 1059,user_pass 1059,1059
1060,user 1060,user_pass 1060,1060
1061,user 1061,user_pass 1061,1061
1062,user 1062,user_pass 1062,1062
1063,user 1063,user_pass 1063,1063
1064,user 1064,user_pass 1064,1064
1065,user 1065,user_pass 1065,1065
1066,user 1066,user_pass 1066,1066
1067,user 1067,user_pass 1067,1067
1068,user 1068,user_pass 1068,1068
1069,user 1069,user_pass 1069,1069
1070,user 1070,user_pass 1070,1070
1071,user 1071,user_pass 1071,1071
1072,user 1072,user_pass 1072,1072
1073,user 1073,user_pass 1073,1073
1074,user 1074,user_pass 1074,1074
1075,user 1075,user_pass 1075,1075
1076,user 1076,user_pass 1076,1076
1077,user 1077,user_pass 1077,1077
1078,user 1078,user_pass 1078,1078
1079,user 1079,user_pass 1079,1079
1080,user 1080,user_pass 1080,1080
1081,user 1081,user_pass 1081,1081
1082,user 1082,user_pass 1082,1082
1083,user 1083,user_pass 1083,1083
1084,user 1084,user_pass 1084,1084
1085,user 1085,user_pass 1085,1085
1086,user 1086,user_pass 1086,1086
1087,user 1087,user_pass 1087,1087
1088,user 1088,user_pass 1088,1088
1089,user 1089,user_pass 1089,1089
1090,user 1090,user_pass 1090,1090
1091,user 1091,user_pass 1091,1091
1092,user 1092,user_pass 1092,1092
1093,user 1093,user_pass 1093,1093
1094,user 1094,user_pass 1094,1094
1095,user 1095,user_pass 1095,1095
1096,user 1096,user_pass 1096,1096
1097,user 1097,user_pass 1097,1097
1098,user 1098,user_pass 1098,1098
1099,user 1099,user_pass 1099,1099
1100,user 1100,user_pass 1100,1100
1101,user 1101,user_pass 1101,1101
1102,user 1102,user_pass 1102,1102
1103,user 1103,user_pass 1103,1103
1104,user 1104,user_pass 1104,1104
1105,user 1105,user_pass 1105,1105
1106,user 1106,user_pass 1106,1106
1107,user 1107,user_pass 1107,1107
1108,user 1108,user_pass 1108,1108
1109,user 1109,user_pass 1109,1109
1110,user 1110,user_pass 1110,1110
1111,user 1111,user_pass 1111,1111
1112,user 1112,user_pass 1112,1112
1113,user 1113,user_pass 1113,1113
1114,user 1114,user_pass 1114,1114
1115,user 1115,user_pass 1115,1115
1116,user 1116,user_pass 1116,1116
1117,user 1117,user_pass 1117,1117
1118,user 1118,user_pass 1118,1118
1119,user 1119,user_pass 1119,1119
1120,user 1120,user_pass 1120,1120
1121,user 1121,user_pass 1121,1121
1122,user 1122,user_pass 1122,1122
1123,user 1123,user_pass 1123,1123
1124,user 1124,user_pass 1124,1124
1125,user 1125,user_pass 1125,1125
1126,user 1126,user_pass 1126,1126
1127,user 1127,user_pass 1127,1127
1128,user 1128,user_pass 1128,1128
1129,user 1129,user_pass 1129,1129
1130,user 1130,user_pass 1130,1130
1131,user 1131,user_pass 1131,1131
1132,user 1132,user_pass 1132,1132
1133,user 1133,user_pass 1133,1133
1134,user 1134,user_pass 1134,1134
1135,user 1135,user_pass 1135,1135
1136,user 1136,user_pass 1136,1136
1137,user 1137,user_pass 1137,1137
1138,user 1138,user_pass 1138,1138
1139,user 1139,user_pass 1139,1139
1140,user 1140,user_pass 1140,1140
1141,user 1141,user_pass 1141,1141
1142,user 1142,user_pass 1142,1142
1143,user 1143,user_pass 1143,1143
1144,user 1144,user_pass 1144,1144
1145,user 1145,user_pass 1145,1145
1146,user 1146,user_pass 1146,1146
1147,user 1147,user_pass 1147,1147
1148,user 1148,user_pass 1148,1148
1149,user 1149,user_pass 1149,1149
1150,user 1150,user_pass 1150,1150
1151,user 1151,user_pass 1151,1151
1152,user 1152,user_pass 1152,1152
1153,user 1153,user_pass 1153,1153
1154,user 1154,user_pass 1154,1154
1155,user 1155,user_pass 1155,1155
1156,user 1156,user_pass 1156,1156
1157,user 1157,user_pass 1157,1157
1158,user 1158,user_pass 1158,1158
1159,user 1159,user_pass 1159,1159
1160,user 1160,user_pass 1160,1160
1161,user 1161,user_pass 1161,1161
1162,user 1162,user_pass 1162,1162
1163,user 1163,user_pass 1163,1163
1164,user 1164,user_pass 1164,1164
1165,user 1165,user_pass 1165,1165
1166,user 1166,user_pass 1166,1166
1167,user 1167,user_pass 1167,1167
1168,user 1168,user_pass 1168,1168
1169,user 1169,user_pass 1169,1169
1170,user 1170,user_pass 1170,1170
1171,user 1171,user_pass 1171,1171
1172,user 1172,user_pass 1172,1172
1173,user 1173,user_pass 1173,1173
1174,user 1174,user_pass 1174,1174
1175,user 1175,user_pass 1175,1175
1176,user 1176,user_pass 1176,1176
1177,user 1177,user_pass 1177,1177
1178,user 1178,user_pass 1178,1178
1179,user 1179,user_pass 1179,1179
1180,user 1180,user_pass 1180,1180
1181,user 1181,user_pass 1181,1181
1182,user 1182,user_pass 1182,1182
1183,user 1183,user_pass 1183,1183
1184,user 1184,user_pass 1184,1184
1185,user 1185,user_pass 1185,1185
1186,user 1186,user_pass 1186,1186
1187,user 1187,user_pass 1187,1187
1188,user 1188,user_pass 1188,1188
1189,user 1189,user_pass 1189,1189
1190,user 1190,user_pass 1190,1190
1191,user 1191,user_pass 1191,1191
1192,user 1192,user_pass 1192,1192
1193,user 1193,user_pass 1193,1193
1194,user 1194,user_pass 1194,1194
1195,user 1195,user_pass 1195,1195
1196,user 1196,user_pass 1196,1196
1197,user 1197,user_pass 1197,1197
1198,user 1198,user_pass 1198,1198
1199,user 1199,user_pass 1199,1199
1200,user 1200,user_pass 1200,1200
1201,user 1201,user_pass 1201,1201
1202,user 1202,user_pass 1202,1202
1203,user 1203,user_pass 1203,1203
1204,user 1204,user_pass 1204,1204
1205,user 1205,user_pass 1205,1205
1206,user 1206,user_pass 1206,1206
1207,user 1207,user_pass 1207,1207
1208,user 1208,user_pass 1208,1208
1209,user 1209,user_pass 1209,1209
1210,user 1210,user_pass 1210,1210
1211,user 1211,user_pass 1211,1211
1212,user 1212,user_pass 1212,1212
1213,user 1213,user_pass 1213,1213
1214,user 1214,user_pass 1214,1214
1215,user 1215,user_pass 1215,1215
1216,user 1216,user_pass 1216,1216
1217,user 1217,user_pass 1217,1217
1218,user 1218,user_pass 1218,1218
1219,user 1219,user_pass 1219,1219
1220,user 1220,user_pass 1220,1220
1221,user 1221,user_pass 1221,1221
1222,user 1222,user_pass 1222,1222
1223,user 1223,user_pass 1223,1223
1224,user 1224,user_pass 1224,1224
1225,user 1225,user_pass 1225,1225
1226,user 1226,user_pass 1226,1226
1227,user 1227,user_pass 1227,1227
1228,user 1228,user_pass 1228,1228
1229,user 1229,user_pass 1229,1229
1230,user 1230,user_pass 1230,1230
1231,user 1231,user_pass 1231,1231
1232,user 1232,user_pass 1232,1232
1233,user 1233,user_pass 1233,1233
1234,user 1234,user_pass 1234,1234
1235,user 1235,user_pass 1235,1235
1236,user 1236,user_pass 1236,1236
1237,user 1237,user_pass 1237,1237
1238,user 1238,user_pass 1238,1238
1239,user 1239,user_pass 1239,1239
1240,user 1240,user_pass 1240,1240
1241,user 1241,user_pass 1241,1241
1242,user 1242,user_pass 1242,1242
1243,user 1243,user_pass 1243,1243
1244,user 1244,user_pass 1244,1244
1245,user 1245,user_pass 1245,1245
1246,user 1246,user_pass 1246,1246
1247,user 1247,user_pass 1247,1247
1248,user 1248,user_pass 1248,1248
1249,user 1249,user_pass 1249,1249
1250,user 1250,user_pass 1250,1250
1251,user 1251,user_pass 1251,1251
1252,user 1252,user_pass 1252,1252
1253,user 1253,user_pass 1253,1253
1254,user 1254,user_pass 1254,1254
1255,user 1255,user_pass 1255,1255
1256,user 1256,user_pass 1256,1256
1257,user 1257,user_pass 1257,1257
1258,user 1258,user_pass 1258,1258
1259,user 1259,user_pass 1259,1259
1260,user 1260,user_pass 1260,1260
1261,user 1261,user_pass 1261,1261
1262,user 1262,user_pass 1262,1262
1263,user 1263,user_pass 1263,1263
1264,user 1264,user_pass 1264,1264
1265,user 1265,user_pass 1265,1265
1266,user 1266,user_pass 1266,1266
1267,user 1267,user_pass 1267,1267
1268,user 1268,user_pass 1268,1268
1269,user 1269,user_pass 1269,1269
1270,user 1270,user_pass 1270,1270
1271,user 1271,user_pass 1271,1271
1272,user 1272,user_pass 1272,1272
1273,user 1273,user_pass 1273,1273
1274,user 1274,user_pass 1274,1274
1275,user 1275,user_pass 1275,1275
1276,user 1276,user_pass 1276,1276
1277,user 1277,user_pass 1277,1277
1278,user 1278,user_pass 1278,1278
1279,user 1279,user_pass 1279,1279
1280,user 1280,user_pass 1280,1280
1281,user 1281,user_pass 1281,1281
1282,user 1282,user_pass 1282,1282
1283,user 1283,user_pass 1283,1283
1284,user 1284,user_pass 1284,1284
1285,user 1285,user_pass 1285,1285
1286,user 1286,user_pass 1286,1286
1287,user 1287,user_pass 1287,1287
1288,user 1288,user_pass 1288,1288
1289,user 1289,user_pass 1289,1289
1290,user 1290,user_pass 1290,1290
1291,user 1291,user_pass 1291,1291
1292,user 1292,user_pass 1292,1292
1293,user 1293,user_pass 1293,1293
1294,user 1294,user_pass 1294,1294
1295,user 1295,user_pass 1295,1295
1296,user 1296,user_pass 1296,1296
1297,user 1297,user_pass 1297,1297
1298,user 1298,user_pass 1298,1298
1299,user 1299,user_pass 1299,1299
1300,user 1300,user_pass 1300,1300
1301,user 1301,user_pass 1301,1301
1302,user 1302,user_pass 1302,1302
1303,user 1303,user_pass 1303,1303
1304,user 1304,user_pass 1304,1304
1305,user 1305,user_pass 1305,1305
1306,user 1306,user_pass 1306,1306
1307,user 1307,user_pass 1307,1307
1308,user 1308,user_pass 1308,1308
1309,user 1309,user_pass 1309,1309
1310,user 1310,user_pass 1310,1310
1311,user 1311,user_pass 1311,1311
1312,user 1312,user_pass 1312,1312
1313,user 1313,user_pass 1313,1313
1314,user 1314,user_pass 1314,1314
1315,user 1315,user_pass 1315,1315
1316,user 1316,user_pass 1316,1316
1317,user 1317,user_pass 1317,1317
1318,user 1318,user_pass 1318,1318
1319,user 1319,user_pass 1319,1319
1320,user 1320,user_pass 1320,1320
1321,user 1321,user_pass 1321,1321
1322,user 1322,user_pass 1322,1322
1323,user 1323,user_pass 1323,1323
1324,user 1324,user_pass 1324,1324
1325,user 1325,user_pass 1325,1325
1326,user 1326,user_pass 1326,1326
1327,user 1327,user_pass 1327,1327
1328,user 1328,user_pass 1328,1328
1329,user 1329,user_pass 1329,1329
1330,user 1330,user_pass 1330,1330
1331,user 1331,user_pass 1331,1331
1332,user 1332,user_pass 1332,1332
1333,user 1333,user_pass 1333,1333
1334,user 1334,user_pass 1334,1334
1335,user 1335,user_pass 1335,1335
1336,user 1336,user_pass 1336,1336
1337,user 1337,user_pass 1337,1337
1338,user 1338,user_pass 1338,1338
1339,user 1339,user_pass 1339,1339
1340,user 1340,user_pass 1340,1340
1341,user 1341,user_pass 1341,1341
1342,user 1342,user_pass 1342,1342
1343,user 1343,user_pass 1343,1343
1344,user 1344,user_pass 1344,1344
1345,user 1345,user_pass 1345,1345
1346,user 1346,user_pass 1346,1346
1347,user 1347,user_pass 1347,1347
1348,user 1348,user_pass 1348,1348
1349,user 1349,user_pass 1349,1349
1350,user 1350,user_pass 1350,1350
1351,user 1351,user_pass 1351,1351
1352,user 1352,user_pass 1352,1352
1353,user 1353,user_pass 1353,1353
1354,user 1354,user_pass 1354,1354
1355,user 1355,user_pass 1355,1355
1356,user 1356,user_pass 1356,1356
1357,user 1357,user_pass 1357,1357
1358,user 1358,user_pass 1358,1358
1359,user 1359,user_pass 1359,1359
1360,user 1360,user_pass 1360,1360
1361,user 1361,user_pass 1361,1361
1362,user 1362,user_pass 1362,1362
1363,user 1363,user_pass 1363,1363
1364,user 1364,user_pass 1364,1364
1365,user 1365,user_pass 1365,1365
1366,user 1366,user_pass 1366,1366
1367,user 1367,user_pass 1367,1367
1368,user 1368,user_pass 1368,1368
1369,user 1369,user_pass 1369,1369
1370,user 1370,user_pass 1370,1370
1371,user 1371,user_pass 1371,1371
1372,user 1372,user_pass 1372,1372
1373,user 1373,user_pass 1373,1373
1374,user 1374,user_pass 1374,1374
1375,user 1375,user_pass 1375,1375
1376,user 1376,user_pass 1376,1376
1377,user 1377,user_pass 1377,1377
1378,user 1378,user_pass 1378,1378
1379,user 1379,user_pass 1379,1379
1380,user 1380,user_pass 1380,1380
1381,user 1381,user_pass 1381,1381
1382,user 1382,user_pass 1382,1382
1383,user 1383,user_pass 1383,1383
1384,user 1384,user_pass 1384,1384
1385,user 1385,user_pass 1385,1385
1386,user 1386,user_pass 1386,1386
1387,user 1387,user_pass 1387,1387
1388,user 1388,user_pass 1388,1388
1389,user 1389,user_pass 1389,1389
1390,user 1390,user_pass 1390,1390
1391,user 1391,user_pass 1391,1391
1392,user 1392,user_pass 1392,1392
1393,user 1393,user_pass 1393,1393
1394,user 1394,user_pass 1394,1394
1395,user 1395,user_pass 1395,1395
1396,user 1396,user_pass 1396,1396
1397,user 1397,user_pass 1397,1397
1398,user 1398,user_pass 1398,1398
1399,user 1399,user_pass 1399,1399
1400,user 1400,user_pass 1400,1400
1401,user 1401,user_pass 1401,1401
1402,user 1402,user_pass 1402,1402
1403,user 1403,user_pass 1403,1403
1404,user 1404,user_pass 1404,1404
1405,user 1405,user_pass 1405,1405
1406,user 1406,user_pass 1406,1406
1407,user 1407,user_pass 1407,1407
1408,user 1408,user_pass 1408,1408
1409,user 1409,user_pass 1409,1409
1410,user 1410,user_pass 1410,1410
1411,user 1411,user_pass 1411,1411
1412,user 1412,user_pass 1412,1412
1413,user 1413,user_pass 1413,1413
1414,user 1414,user_pass 1414,1414
1415,user 1415,user_pass 1415,1415
1416,user 1416,user_pass 1416,1416
1417,user 1417,user_pass 1417,1417
1418,user 1418,user_pass 1418,1418
1419,user 1419,user_pass 1419,1419
1420,user 1420,user_pass 1420,1420
1421,user 1421,user_pass 1421,1421
1422,user 1422,user_pass 1422,1422
1423,user 1423,user_pass 1423,1423
1424,user 1424,user_pass 1424,1424
1425,user 1425,user_pass 1425,1425
1426,user 1426,user_pass 1426,1426
1427,user 1427,user_pass 1427,1427
1428,user 1428,user_pass 1428,1428
1429,user 1429,user_pass 1429,1429
1430,user 1430,user_pass 1430,1430
1431,user 1431,user_pass 1431,1431
1432,user 1432,user_pass 1432,1432
1433,user 1433,user_pass 1433,1433
1434,user 1434,user_pass 1434,1434
1435,user 1435,user_pass 1435,1435
1436,user 1436,user_pass 1436,1436
1437,user 1437,user_pass 1437,1437
1438,user 1438,user_pass 1438,1438
1439,user 1439,user_pass 1439,1439
1440,user 1440,user_pass 1440,1440
1441,user 1441,user_pass 1441,1441
1442,user 1442,user_pass 1442,1442
1443,user 1443,user_pass 1443,1443
1444,user 1444,user_pass 1444,1444
1445,user 1445,user_pass 1445,1445
1446,user 1446,user_pass 1446,1446
1447,user 1447,user_pass 1447,1447
1448,user 1448,user_pass 1448,1448
1449,user 1449,user_pass 1449,1449
1450,user 1450,user_pass 1450,1450
1451,user 1451,user_pass 1451,1451
1452,user 1452,user_pass 1452,1452
1453,user 1453,user_pass 1453,1453
1454,user 1454,user_pass 1454,1454
1455,user 1455,user_pass 1455,1455
1456,user 1456,user_pass 1456,1456
1457,user 1457,user_pass 1457,1457
1458,user 1458,user_pass 1458,1458
1459,user 1459,user_pass 1459,1459
1460,user 1460,user_pass 1460,1460
1461,user 1461,user_pass 1461,1461
1462,user 1462,user_pass 1462,1462
1463,user 1463,user_pass 1463,1463
1464,user 1464,user_pass 1464,1464
1465,user 1465,user_pass 1465,1465
1466,user 1466,user_pass 1466,1466
1467,user 1467,user_pass 1467,1467
1468,user 1468,user_pass 1468,1468
1469,user 1469,user_pass 1469,1469
1470,user 1470,user_pass 1470,1470
1471,user 1471,user_pass 1471,1471
1472,user 1472,user_pass 1472,1472
1473,user 1473,user_pass 1473,1473
1474,user 1474,user_pass 1474,1474
1475,user 1475,user_pass 1475,1475
1476,user 1476,user_pass 1476,1476
1477,user 1477,user_pass 1477,1477
1478,user 1478,user_pass 1478,1478
1479,user 1479,user_pass 1479,1479
1480,user 1480,user_pass 1480,1480
1481,user 1481,user_pass 1481,1481
1482,user 1482,user_pass 1482,1482
1483,user 1483,user_pass 1483,1483
1484,user 1484,user_pass 1484,1484
1485,user 1485,user_pass 1485,1485
1486,user 1486,user_pass 1486,1486
1487,user 1487,user_pass 1487,1487
1488,user 1488,user_pass 1488,1488
1489,user 1489,user_pass 1489,1489
1490,user 1490,user_pass 1490,1490
1491,user 1491,user_pass 1491,1491
1492,user 1492,user_pass 1492,1492
1493,user 1493,user_pass 1493,1493
1494,user 1494,user_pass 1494,1494
1495,user 1495,user_pass 1495,1495
1496,user 1496,user_pass 1496,1496
1497,user 1497,user_pass 1497,1497
1498,user 1498,user_pass 1498,1498
1499,user 1499,user_pass 1499,1499
1500,user 1500,user_pass 1500,1500
