4001,user 4001,user_pass 4001,4001
4002,user 4002,user_pass 4002,4002
4003,user 4003,user_pass 4003,4003
4004,user 4004,user_pass 4004,4004
4005,user 4005,user_pass 4005,4005
4006,user 4006,user_pass 4006,4006
4007,user 4007,user_pass 4007,4007
4008,user 4008,user_pass 4008,4008
4009,user 4009,user_pass 4009,4009
4010,user 4010,user_pass 4010,4010
4011,user 4011,user_pass 4011,4011
4012,user 4012,user_pass 4012,4012
4013,user 4013,user_pass 4013,4013
4014,user 4014,user_pass 4014,4014
4015,user 4015,user_pass 4015,4015
4016,user 4016,user_pass 4016,4016
4017,user 4017,user_pass 4017,4017
4018,user 4018,user_pass 4018,4018
4019,user 4019,user_pass 4019,4019
4020,user 4020,user_pass 4020,4020
4021,user 4021,user_pass 4021,4021
4022,user 4022,user_pass 4022,4022
4023,user 4023,user_pass 4023,4023
4024,user 4024,user_pass 4024,4024
4025,user 4025,user_pass 4025,4025
4026,user 4026,user_pass 4026,4026
4027,user 4027,user_pass 4027,4027
4028,user 4028,user_pass 4028,4028
4029,user 4029,user_pass 4029,4029
4030,user 4030,user_pass 4030,4030
4031,user 4031,user_pass 4031,4031
4032,user 4032,user_pass 4032,4032
4033,user 4033,user_pass 4033,4033
4034,user 4034,user_pass 4034,4034
4035,user 4035,user_pass 4035,4035
4036,user 4036,user_pass 4036,4036
4037,user 4037,user_pass 4037,4037
4038,user 4038,user_pass 4038,4038
4039,user 4039,user_pass 4039,4039
4040,user 4040,user_pass 4040,4040
4041,user 4041,user_pass 4041,4041
4042,user 4042,user_pass 4042,4042
4043,user 4043,user_pass 4043,4043
4044,user 4044,user_pass 4044,4044
4045,user 4045,user_pass 4045,4045
4046,user 4046,user_pass 4046,4046
4047,user 4047,user_pass 4047,4047
4048,user 4048,user_pass 4048,4048
4049,user 4049,user_pass 4049,4049
4050,user 4050,user_pass 4050,4050
4051,user 4051,user_pass 4051,4051
4052,user 4052,user_pass 4052,4052
4053,user 4053,user_pass 4053,4053
4054,user 4054,user_pass 4054,4054
4055,user 4055,user_pass 4055,4055
4056,user 4056,user_pass 4056,4056
4057,user 4057,user_pass 4057,4057
4058,user 4058,user_pass 4058,4058
4059,user 4059,user_pass 4059,4059
4060,user 4060,user_pass 4060,4060
4061,user 4061,user_pass 4061,4061
4062,user 4062,user_pass 4062,4062
4063,user 4063,user_pass 4063,4063
4064,user 4064,user_pass 4064,4064
4065,user 4065,user_pass 4065,4065
4066,user 4066,user_pass 4066,4066
4067,user 4067,user_pass 4067,4067
4068,user 4068,user_pass 4068,4068
4069,user 4069,user_pass 4069,4069
4070,user 4070,user_pass 4070,4070
4071,user 4071,user_pass 4071,4071
4072,user 4072,user_pass 4072,4072
4073,user 4073,user_pass 4073,4073
4074,user 4074,user_pass 4074,4074
4075,user 4075,user_pass 4075,4075
4076,user 4076,user_pass 4076,4076
4077,user 4077,user_pass 4077,4077
4078,user 4078,user_pass 4078,4078
4079,user 4079,user_pass 4079,4079
4080,user 4080,user_pass 4080,4080
4081,user 4081,user_pass 4081,4081
4082,user 4082,user_pass 4082,4082
4083,user 4083,user_pass 4083,4083
4084,user 4084,user_pass 4084,4084
4085,user 4085,user_pass 4085,4085
4086,user 4086,user_pass 4086,4086
4087,user 4087,user_pass 4087,4087
4088,user 4088,user_pass 4088,4088
4089,user 4089,user_pass 4089,4089
4090,user 4090,user_pass 4090,4090
4091,user 4091,user_pass 4091,4091
4092,user 4092,user_pass 4092,4092
4093,user 4093,user_pass 4093,4093
4094,user 4094,user_pass 4094,4094
4095,user 4095,user_pass 4095,4095
4096,user 4096,user_pass 4096,4096
4097,user 4097,user_pass 4097,4097
4098,user 4098,user_pass 4098,4098
4099,user 4099,user_pass 4099,4099
4100,user 4100,user_pass 4100,4100
4101,user 4101,user_pass 4101,4101
4102,user 4102,user_pass 4102,4102
4103,user 4103,user_pass 4103,4103
4104,user 4104,user_pass 4104,4104
4105,user 4105,user_pass 4105,4105
4106,user 4106,user_pass 4106,4106
4107,user 4107,user_pass 4107,4107
4108,user 4108,user_pass 4108,4108
4109,user 4109,user_pass 4109,4109
4110,user 4110,user_pass 4110,4110
4111,user 4111,user_pass 4111,4111
4112,user 4112,user_pass 4112,4112
4113,user 4113,user_pass 4113,4113
4114,user 4114,user_pass 4114,4114
4115,user 4115,user_pass 4115,4115
4116,user 4116,user_pass 4116,4116
4117,user 4117,user_pass 4117,4117
4118,user 4118,user_pass 4118,4118
4119,user 4119,user_pass 4119,4119
4120,user 4120,user_pass 4120,4120
4121,user 4121,user_pass 4121,4121
4122,user 4122,user_pass 4122,4122
4123,user 4123,user_pass 4123,4123
4124,user 4124,user_pass 4124,4124
4125,user 4125,user_pass 4125,4125
4126,user 4126,user_pass 4126,4126
4127,user 4127,user_pass 4127,4127
4128,user 4128,user_pass 4128,4128
4129,user 4129,user_pass 4129,4129
4130,user 4130,user_pass 4130,4130
4131,user 4131,user_pass 4131,4131
4132,user 4132,user_pass 4132,4132
4133,user 4133,user_pass 4133,4133
4134,user 4134,user_pass 4134,4134
4135,user 4135,user_pass 4135,4135
4136,user 4136,user_pass 4136,4136
4137,user 4137,user_pass 4137,4137
4138,user 4138,user_pass 4138,4138
4139,user 4139,user_pass 4139,4139
4140,user 4140,user_pass 4140,4140
4141,user 4141,user_pass 4141,4141
4142,user 4142,user_pass 4142,4142
4143,user 4143,user_pass 4143,4143
4144,user 4144,user_pass 4144,4144
4145,user 4145,user_pass 4145,4145
4146,user 4146,user_pass 4146,4146
4147,user 4147,user_pass 4147,4147
4148,user 4148,user_pass 4148,4148
4149,user 4149,user_pass 4149,4149
4150,user 4150,user_pass 4150,4150
4151,user 4151,user_pass 4151,4151
4152,user 4152,user_pass 4152,4152
4153,user 4153,user_pass 4153,4153
4154,user 4154,user_pass 4154,4154
4155,user 4155,user_pass 4155,4155
4156,user 4156,user_pass 4156,4156
4157,user 4157,user_pass 4157,4157
4158,user 4158,user_pass 4158,4158
4159,user 4159,user_pass 4159,4159
4160,user 4160,user_pass 4160,4160
4161,user 4161,user_pass 4161,4161
4162,user 4162,user_pass 4162,4162
4163,user 4163,user_pass 4163,4163
4164,user 4164,user_pass 4164,4164
4165,user 4165,user_pass 4165,4165
4166,user 4166,user_pass 4166,4166
4167,user 4167,user_pass 4167,4167
4168,user 4168,user_pass 4168,4168
4169,user 4169,user_pass 4169,4169
4170,user 4170,user_pass 4170,4170
4171,user 4171,user_pass 4171,4171
4172,user 4172,user_pass 4172,4172
4173,user 4173,user_pass 4173,4173
4174,user 4174,user_pass 4174,4174
4175,user 4175,user_pass 4175,4175
4176,user 4176,user_pass 4176,4176
4177,user 4177,user_pass 4177,4177
4178,user 4178,user_pass 4178,4178
4179,user 4179,user_pass 4179,4179
4180,user 4180,user_pass 4180,4180
4181,user 4181,user_pass 4181,4181
4182,user 4182,user_pass 4182,4182
4183,user 4183,user_pass 4183,4183
4184,user 4184,user_pass 4184,4184
4185,user 4185,user_pass 4185,4185
4186,user 4186,user_pass 4186,4186
4187,user 4187,user_pass 4187,4187
4188,user 4188,user_pass 4188,4188
4189,user 4189,user_pass 4189,4189
4190,user 4190,user_pass 4190,4190
4191,user 4191,user_pass 4191,4191
4192,user 4192,user_pass 4192,4192
4193,user 4193,user_pass 4193,4193
4194,user 4194,user_pass 4194,4194
4195,user 4195,user_pass 4195,4195
4196,user 4196,user_pass 4196,4196
4197,user 4197,user_pass 4197,4197
4198,user 4198,user_pass 4198,4198
4199,user 4199,user_pass 4199,4199
4200,user 4200,user_pass 4200,4200
4201,user 4201,user_pass 4201,4201
4202,user 4202,user_pass 4202,4202
4203,user 4203,user_pass 4203,4203
4204,user 4204,user_pass 4204,4204
4205,user 4205,user_pass 4205,4205
4206,user 4206,user_pass 4206,4206
4207,user 4207,user_pass 4207,4207
4208,user 4208,user_pass 4208,4208
4209,user 4209,user_pass 4209,4209
4210,user 4210,user_pass 4210,4210
4211,user 4211,user_pass 4211,4211
4212,user 4212,user_pass 4212,4212
4213,user 4213,user_pass 4213,4213
4214,user 4214,user_pass 4214,4214
4215,user 4215,user_pass 4215,4215
4216,user 4216,user_pass 4216,4216
4217,user 4217,user_pass 4217,4217
4218,user 4218,user_pass 4218,4218
4219,user 4219,user_pass 4219,4219
4220,user 4220,user_pass 4220,4220
4221,user 4221,user_pass 4221,4221
4222,user 4222,user_pass 4222,4222
4223,user 4223,user_pass 4223,4223
4224,user 4224,user_pass 4224,4224
4225,user 4225,user_pass 4225,4225
4226,user 4226,user_pass 4226,4226
4227,user 4227,user_pass 4227,4227
4228,user 4228,user_pass 4228,4228
4229,user 4229,user_pass 4229,4229
4230,user 4230,user_pass 4230,4230
4231,user 4231,user_pass 4231,4231
4232,user 4232,user_pass 4232,4232
4233,user 4233,user_pass 4233,4233
4234,user 4234,user_pass 4234,4234
4235,user 4235,user_pass 4235,4235
4236,user 4236,user_pass 4236,4236
4237,user 4237,user_pass 4237,4237
4238,user 4238,user_pass 4238,4238
4239,user 4239,user_pass 4239,4239
4240,user 4240,user_pass 4240,4240
4241,user 4241,user_pass 4241,4241
4242,user 4242,user_pass 4242,4242
4243,user 4243,user_pass 4243,4243
4244,user 4244,user_pass 4244,4244
4245,user 4245,user_pass 4245,4245
4246,user 4246,user_pass 4246,4246
4247,user 4247,user_pass 4247,4247
4248,user 4248,user_pass 4248,4248
4249,user 4249,user_pass 4249,4249
4250,user 4250,user_pass 4250,4250
4251,user 4251,user_pass 4251,4251
4252,user 4252,user_pass 4252,4252
4253,user 4253,user_pass 4253,4253
4254,user 4254,user_pass 4254,4254
4255,user 4255,user_pass 4255,4255
4256,user 4256,user_pass 4256,4256
4257,user 4257,user_pass 4257,4257
4258,user 4258,user_pass 4258,4258
4259,user 4259,user_pass 4259,4259
4260,user 4260,user_pass 4260,4260
4261,user 4261,user_pass 4261,4261
4262,user 4262,user_pass 4262,4262
4263,user 4263,user_pass 4263,4263
4264,user 4264,user_pass 4264,4264
4265,user 4265,user_pass 4265,4265
4266,user 4266,user_pass 4266,4266
4267,user 4267,user_pass 4267,4267
4268,user 4268,user_pass 4268,4268
4269,user 4269,user_pass 4269,4269
4270,user 4270,user_pass 4270,4270
4271,user 4271,user_pass 4271,4271
4272,user 4272,user_pass 4272,4272
4273,user 4273,user_pass 4273,4273
4274,user 4274,user_pass 4274,4274
4275,user 4275,user_pass 4275,4275
4276,user 4276,user_pass 4276,4276
4277,user 4277,user_pass 4277,4277
4278,user 4278,user_pass 4278,4278
4279,user 4279,user_pass 4279,4279
4280,user 4280,user_pass 4280,4280
4281,user 4281,user_pass 4281,4281
4282,user 4282,user_pass 4282,4282
4283,user 4283,user_pass 4283,4283
4284,user 4284,user_pass 4284,4284
4285,user 4285,user_pass 4285,4285
4286,user 4286,user_pass 4286,4286
4287,user 4287,user_pass 4287,4287
4288,user 4288,user_pass 4288,4288
4289,user 4289,user_pass 4289,4289
4290,user 4290,user_pass 4290,4290
4291,user 4291,user_pass 4291,4291
4292,user 4292,user_pass 4292,4292
4293,user 4293,user_pass 4293,4293
4294,user 4294,user_pass 4294,4294
4295,user 4295,user_pass 4295,4295
4296,user 4296,user_pass 4296,4296
4297,user 4297,user_pass 4297,4297
4298,user 4298,user_pass 4298,4298
4299,user 4299,user_pass 4299,4299
4300,user 4300,user_pass 4300,4300
4301,user 4301,user_pass 4301,4301
4302,user 4302,user_pass 4302,4302
4303,user 4303,user_pass 4303,4303
4304,user 4304,user_pass 4304,4304
4305,user 4305,user_pass 4305,4305
4306,user 4306,user_pass 4306,4306
4307,user 4307,user_pass 4307,4307
4308,user 4308,user_pass 4308,4308
4309,user 4309,user_pass 4309,4309
4310,user 4310,user_pass 4310,4310
4311,user 4311,user_pass 4311,4311
4312,user 4312,user_pass 4312,4312
4313,user 4313,user_pass 4313,4313
4314,user 4314,user_pass 4314,4314
4315,user 4315,user_pass 4315,4315
4316,user 4316,user_pass 4316,4316
4317,user 4317,user_pass 4317,4317
4318,user 4318,user_pass 4318,4318
4319,user 4319,user_pass 4319,4319
4320,user 4320,user_pass 4320,4320
4321,user 4321,user_pass 4321,4321
4322,user 4322,user_pass 4322,4322
4323,user 4323,user_pass 4323,4323
4324,user 4324,user_pass 4324,4324
4325,user 4325,user_pass 4325,4325
4326,user 4326,user_pass 4326,4326
4327,user 4327,user_pass 4327,4327
4328,user 4328,user_pass 4328,4328
4329,user 4329,user_pass 4329,4329
4330,user 4330,user_pass 4330,4330
4331,user 4331,user_pass 4331,4331
4332,user 4332,user_pass 4332,4332
4333,user 4333,user_pass 4333,4333
4334,user 4334,user_pass 4334,4334
4335,user 4335,user_pass 4335,4335
4336,user 4336,user_pass 4336,4336
4337,user 4337,user_pass 4337,4337
4338,user 4338,user_pass 4338,4338
4339,user 4339,user_pass 4339,4339
4340,user 4340,user_pass 4340,4340
4341,user 4341,user_pass 4341,4341
4342,user 4342,user_pass 4342,4342
4343,user 4343,user_pass 4343,4343
4344,user 4344,user_pass 4344,4344
4345,user 4345,user_pass 4345,4345
4346,user 4346,user_pass 4346,4346
4347,user 4347,user_pass 4347,4347
4348,user 4348,user_pass 4348,4348
4349,user 4349,user_pass 4349,4349
4350,user 4350,user_pass 4350,4350
4351,user 4351,user_pass 4351,4351
4352,user 4352,user_pass 4352,4352
4353,user 4353,user_pass 4353,4353
4354,user 4354,user_pass 4354,4354
4355,user 4355,user_pass 4355,4355
4356,user 4356,user_pass 4356,4356
4357,user 4357,user_pass 4357,4357
4358,user 4358,user_pass 4358,4358
4359,user 4359,user_pass 4359,4359
4360,user 4360,user_pass 4360,4360
4361,user 4361,user_pass 4361,4361
4362,user 4362,user_pass 4362,4362
4363,user 4363,user_pass 4363,4363
4364,user 4364,user_pass 4364,4364
4365,user 4365,user_pass 4365,4365
4366,user 4366,user_pass 4366,4366
4367,user 4367,user_pass 4367,4367
4368,user 4368,user_pass 4368,4368
4369,user 4369,user_pass 4369,4369
4370,user 4370,user_pass 4370,4370
4371,user 4371,user_pass 4371,4371
4372,user 4372,user_pass 4372,4372
4373,user 4373,user_pass 4373,4373
4374,user 4374,user_pass 4374,4374
4375,user 4375,user_pass 4375,4375
4376,user 4376,user_pass 4376,4376
4377,user 4377,user_pass 4377,4377
4378,user 4378,user_pass 4378,4378
4379,user 4379,user_pass 4379,4379
4380,user 4380,user_pass 4380,4380
4381,user 4381,user_pass 4381,4381
4382,user 4382,user_pass 4382,4382
4383,user 4383,user_pass 4383,4383
4384,user 4384,user_pass 4384,4384
4385,user 4385,user_pass 4385,4385
4386,user 4386,user_pass 4386,4386
4387,user 4387,user_pass 4387,4387
4388,user 4388,user_pass 4388,4388
4389,user 4389,user_pass 4389,4389
4390,user 4390,user_pass 4390,4390
4391,user 4391,user_pass 4391,4391
4392,user 4392,user_pass 4392,4392
4393,user 4393,user_pass 4393,4393
4394,user 4394,user_pass 4394,4394
4395,user 4395,user_pass 4395,4395
4396,user 4396,user_pass 4396,4396
4397,user 4397,user_pass 4397,4397
4398,user 4398,user_pass 4398,4398
4399,user 4399,user_pass 4399,4399
4400,user 4400,user_pass 4400,4400
4401,user 4401,user_pass 4401,4401
4402,user 4402,user_pass 4402,4402
4403,user 4403,user_pass 4403,4403
4404,user 4404,user_pass 4404,4404
4405,user 4405,user_pass 4405,4405
4406,user 4406,user_pass 4406,4406
4407,user 4407,user_pass 4407,4407
4408,user 4408,user_pass 4408,4408
4409,user 4409,user_pass 4409,4409
4410,user 4410,user_pass 4410,4410
4411,user 4411,user_pass 4411,4411
4412,user 4412,user_pass 4412,4412
4413,user 4413,user_pass 4413,4413
4414,user 4414,user_pass 4414,4414
4415,user 4415,user_pass 4415,4415
4416,user 4416,user_pass 4416,4416
4417,user 4417,user_pass 4417,4417
4418,user 4418,user_pass 4418,4418
4419,user 4419,user_pass 4419,4419
4420,user 4420,user_pass 4420,4420
4421,user 4421,user_pass 4421,4421
4422,user 4422,user_pass 4422,4422
4423,user 4423,user_pass 4423,4423
4424,user 4424,user_pass 4424,4424
4425,user 4425,user_pass 4425,4425
4426,user 4426,user_pass 4426,4426
4427,user 4427,user_pass 4427,4427
4428,user 4428,user_pass 4428,4428
4429,user 4429,user_pass 4429,4429
4430,user 4430,user_pass 4430,4430
4431,user 4431,user_pass 4431,4431
4432,user 4432,user_pass 4432,4432
4433,user 4433,user_pass 4433,4433
4434,user 4434,user_pass 4434,4434
4435,user 4435,user_pass 4435,4435
4436,user 4436,user_pass 4436,4436
4437,user 4437,user_pass 4437,4437
4438,user 4438,user_pass 4438,4438
4439,user 4439,user_pass 4439,4439
4440,user 4440,user_pass 4440,4440
4441,user 4441,user_pass 4441,4441
4442,user 4442,user_pass 4442,4442
4443,user 4443,user_pass 4443,4443
4444,user 4444,user_pass 4444,4444
4445,user 4445,user_pass 4445,4445
4446,user 4446,user_pass 4446,4446
4447,user 4447,user_pass 4447,4447
4448,user 4448,user_pass 4448,4448
4449,user 4449,user_pass 4449,4449
4450,user 4450,user_pass 4450,4450
4451,user 4451,user_pass 4451,4451
4452,user 4452,user_pass 4452,4452
4453,user 4453,user_pass 4453,4453
4454,user 4454,user_pass 4454,4454
4455,user 4455,user_pass 4455,4455
4456,user 4456,user_pass 4456,4456
4457,user 4457,user_pass 4457,4457
4458,user 4458,user_pass 4458,4458
4459,user 4459,user_pass 4459,4459
4460,user 4460,user_pass 4460,4460
4461,user 4461,user_pass 4461,4461
4462,user 4462,user_pass 4462,4462
4463,user 4463,user_pass 4463,4463
4464,user 4464,user_pass 4464,4464
4465,user 4465,user_pass 4465,4465
4466,user 4466,user_pass 4466,4466
4467,user 4467,user_pass 4467,4467
4468,user 4468,user_pass 4468,4468
4469,user 4469,user_pass 4469,4469
4470,user 4470,user_pass 4470,4470
4471,user 4471,user_pass 4471,4471
4472,user 4472,user_pass 4472,4472
4473,user 4473,user_pass 4473,4473
4474,user 4474,user_pass 4474,4474
4475,user 4475,user_pass 4475,4475
4476,user 4476,user_pass 4476,4476
4477,user 4477,user_pass 4477,4477
4478,user 4478,user_pass 4478,4478
4479,user 4479,user_pass 4479,4479
4480,user 4480,user_pass 4480,4480
4481,user 4481,user_pass 4481,4481
4482,user 4482,user_pass 4482,4482
4483,user 4483,user_pass 4483,4483
4484,user 4484,user_pass 4484,4484
4485,user 4485,user_pass 4485,4485
4486,user 4486,user_pass 4486,4486
4487,user 4487,user_pass 4487,4487
4488,user 4488,user_pass 4488,4488
4489,user 4489,user_pass 4489,4489
4490,user 4490,user_pass 4490,4490
4491,user 4491,user_pass 4491,4491
4492,user 4492,user_pass 4492,4492
4493,user 4493,user_pass 4493,4493
4494,user 4494,user_pass 4494,4494
4495,user 4495,user_pass 4495,4495
4496,user 4496,user_pass 4496,4496
4497,user 4497,user_pass 4497,4497
4498,user 4498,user_pass 4498,4498
4499,user 4499,user_pass 4499,4499
4500,user 4500,user_pass 4500,4500
