1,user 1,user_pass 1,1
2,user 2,user_pass 2,2
3,user 3,user_pass 3,3
4,user 4,user_pass 4,4
5,user 5,user_pass 5,5
6,user 6,user_pass 6,6
7,user 7,user_pass 7,7
8,user 8,user_pass 8,8
9,user 9,user_pass 9,9
10,user 10,user_pass 10,10
11,user 11,user_pass 11,11
12,user 12,user_pass 12,12
13,user 13,user_pass 13,13
14,user 14,user_pass 14,14
15,user 15,user_pass 15,15
16,user 16,user_pass 16,16
17,user 17,user_pass 17,17
18,user 18,user_pass 18,18
19,user 19,user_pass 19,19
20,user 20,user_pass 20,20
21,user 21,user_pass 21,21
22,user 22,user_pass 22,22
23,user 23,user_pass 23,23
24,user 24,user_pass 24,24
25,user 25,user_pass 25,25
26,user 26,user_pass 26,26
27,user 27,user_pass 27,27
28,user 28,user_pass 28,28
29,user 29,user_pass 29,29
30,user 30,user_pass 30,30
31,user 31,user_pass 31,31
32,user 32,user_pass 32,32
33,user 33,user_pass 33,33
34,user 34,user_pass 34,34
35,user 35,user_pass 35,35
36,user 36,user_pass 36,36
37,user 37,user_pass 37,37
38,user 38,user_pass 38,38
39,user 39,user_pass 39,39
40,user 40,user_pass 40,40
41,user 41,user_pass 41,41
42,user 42,user_pass 42,42
43,user 43,user_pass 43,43
44,user 44,user_pass 44,44
45,user 45,user_pass 45,45
46,user 46,user_pass 46,46
47,user 47,user_pass 47,47
48,user 48,user_pass 48,48
49,user 49,user_pass 49,49
50,user 50,user_pass 50,50
51,user 51,user_pass 51,51
52,user 52,user_pass 52,52
53,user 53,user_pass 53,53
54,user 54,user_pass 54,54
55,user 55,user_pass 55,55
56,user 56,user_pass 56,56
57,user 57,user_pass 57,57
58,user 58,user_pass 58,58
59,user 59,user_pass 59,59
60,user 60,user_pass 60,60
61,user 61,user_pass 61,61
62,user 62,user_pass 62,62
63,user 63,user_pass 63,63
64,user 64,user_pass 64,64
65,user 65,user_pass 65,65
66,user 66,user_pass 66,66
67,user 67,user_pass 67,67
68,user 68,user_pass 68,68
69,user 69,user_pass 69,69
70,user 70,user_pass 70,70
71,user 71,user_pass 71,71
72,user 72,user_pass 72,72
73,user 73,user_pass 73,73
74,user 74,user_pass 74,74
75,user 75,user_pass 75,75
76,user 76,user_pass 76,76
77,user 77,user_pass 77,77
78,user 78,user_pass 78,78
79,user 79,user_pass 79,79
80,user 80,user_pass 80,80
81,user 81,user_pass 81,81
82,user 82,user_pass 82,82
83,user 83,user_pass 83,83
84,user 84,user_pass 84,84
85,user 85,user_pass 85,85
86,user 86,user_pass 86,86
87,user 87,user_pass 87,87
88,user 88,user_pass 88,88
89,user 89,user_pass 89,89
90,user 90,user_pass 90,90
91,user 91,user_pass 91,91
92,user 92,user_pass 92,92
93,user 93,user_pass 93,93
94,user 94,user_pass 94,94
95,user 95,user_pass 95,95
96,user 96,user_pass 96,96
97,user 97,user_pass 97,97
98,user 98,user_pass 98,98
99,user 99,user_pass 99,99
100,user 100,user_pass 100,100
101,user 101,user_pass 101,101
102,user 102,user_pass 102,102
103,user 103,user_pass 103,103
104,user 104,user_pass 104,104
105,user 105,user_pass 105,105
106,user 106,user_pass 106,106
107,user 107,user_pass 107,107
108,user 108,user_pass 108,108
109,user 109,user_pass 109,109
110,user 110,user_pass 110,110
111,user 111,user_pass 111,111
112,user 112,user_pass 112,112
113,user 113,user_pass 113,113
114,user 114,user_pass 114,114
115,user 115,user_pass 115,115
116,user 116,user_pass 116,116
117,user 117,user_pass 117,117
118,user 118,user_pass 118,118
119,user 119,user_pass 119,119
120,user 120,user_pass 120,120
121,user 121,user_pass 121,121
122,user 122,user_pass 122,122
123,user 123,user_pass 123,123
124,user 124,user_pass 124,124
125,user 125,user_pass 125,125
126,user 126,user_pass 126,126
127,user 127,user_pass 127,127
128,user 128,user_pass 128,128
129,user 129,user_pass 129,129
130,user 130,user_pass 130,130
131,user 131,user_pass 131,131
132,user 132,user_pass 132,132
133,user 133,user_pass 133,133
134,user 134,user_pass 134,134
135,user 135,user_pass 135,135
136,user 136,user_pass 136,136
137,user 137,user_pass 137,137
138,user 138,user_pass 138,138
139,user 139,user_pass 139,139
140,user 140,user_pass 140,140
141,user 141,user_pass 141,141
142,user 142,user_pass 142,142
143,user 143,user_pass 143,143
144,user 144,user_pass 144,144
145,user 145,user_pass 145,145
146,user 146,user_pass 146,146
147,user 147,user_pass 147,147
148,user 148,user_pass 148,148
149,user 149,user_pass 149,149
150,user 150,user_pass 150,150
151,user 151,user_pass 151,151
152,user 152,user_pass 152,152
153,user 153,user_pass 153,153
154,user 154,user_pass 154,154
155,user 155,user_pass 155,155
156,user 156,user_pass 156,156
157,user 157,user_pass 157,157
158,user 158,user_pass 158,158
159,user 159,user_pass 159,159
160,user 160,user_pass 160,160
161,user 161,user_pass 161,161
162,user 162,user_pass 162,162
163,user 163,user_pass 163,163
164,user 164,user_pass 164,164
165,user 165,user_pass 165,165
166,user 166,user_pass 166,166
167,user 167,user_pass 167,167
168,user 168,user_pass 168,168
169,user 169,user_pass 169,169
170,user 170,user_pass 170,170
171,user 171,user_pass 171,171
172,user 172,user_pass 172,172
173,user 173,user_pass 173,173
174,user 174,user_pass 174,174
175,user 175,user_pass 175,175
176,user 176,user_pass 176,176
177,user 177,user_pass 177,177
178,user 178,user_pass 178,178
179,user 179,user_pass 179,179
180,user 180,user_pass 180,180
181,user 181,user_pass 181,181
182,user 182,user_pass 182,182
183,user 183,user_pass 183,183
184,user 184,user_pass 184,184
185,user 185,user_pass 185,185
186,user 186,user_pass 186,186
187,user 187,user_pass 187,187
188,user 188,user_pass 188,188
189,user 189,user_pass 189,189
190,user 190,user_pass 190,190
191,user 191,user_pass 191,191
192,user 192,user_pass 192,192
193,user 193,user_pass 193,193
194,user 194,user_pass 194,194
195,user 195,user_pass 195,195
196,user 196,user_pass 196,196
197,user 197,user_pass 197,197
198,user 198,user_pass 198,198
199,user 199,user_pass 199,199
200,user 200,user_pass 200,200
201,user 201,user_pass 201,201
202,user 202,user_pass 202,202
203,user 203,user_pass 203,203
204,user 204,user_pass 204,204
205,user 205,user_pass 205,205
206,user 206,user_pass 206,206
207,user 207,user_pass 207,207
208,user 208,user_pass 208,208
209,user 209,user_pass 209,209
210,user 210,user_pass 210,210
211,user 211,user_pass 211,211
212,user 212,user_pass 212,212
213,user 213,user_pass 213,213
214,user 214,user_pass 214,214
215,user 215,user_pass 215,215
216,user 216,user_pass 216,216
217,user 217,user_pass 217,217
218,user 218,user_pass 218,218
219,user 219,user_pass 219,219
220,user 220,user_pass 220,220
221,user 221,user_pass 221,221
222,user 222,user_pass 222,222
223,user 223,user_pass 223,223
224,user 224,user_pass 224,224
225,user 225,user_pass 225,225
226,user 226,user_pass 226,226
227,user 227,user_pass 227,227
228,user 228,user_pass 228,228
229,user 229,user_pass 229,229
230,user 230,user_pass 230,230
231,user 231,user_pass 231,231
232,user 232,user_pass 232,232
233,user 233,user_pass 233,233
234,user 234,user_pass 234,234
235,user 235,user_pass 235,235
236,user 236,user_pass 236,236
237,user 237,user_pass 237,237
238,user 238,user_pass 238,238
239,user 239,user_pass 239,239
240,user 240,user_pass 240,240
241,user 241,user_pass 241,241
242,user 242,user_pass 242,242
243,user 243,user_pass 243,243
244,user 244,user_pass 244,244
245,user 245,user_pass 245,245
246,user 246,user_pass 246,246
247,user 247,user_pass 247,247
248,user 248,user_pass 248,248
249,user 249,user_pass 249,249
250,user 250,user_pass 250,250
251,user 251,user_pass 251,251
252,user 252,user_pass 252,252
253,user 253,user_pass 253,253
254,user 254,user_pass 254,254
255,user 255,user_pass 255,255
256,user 256,user_pass 256,256
257,user 257,user_pass 257,257
258,user 258,user_pass 258,258
259,user 259,user_pass 259,259
260,user 260,user_pass 260,260
261,user 261,user_pass 261,261
262,user 262,user_pass 262,262
263,user 263,user_pass 263,263
264,user 264,user_pass 264,264
265,user 265,user_pass 265,265
266,user 266,user_pass 266,266
267,user 267,user_pass 267,267
268,user 268,user_pass 268,268
269,user 269,user_pass 269,269
270,user 270,user_pass 270,270
271,user 271,user_pass 271,271
272,user 272,user_pass 272,272
273,user 273,user_pass 273,273
274,user 274,user_pass 274,274
275,user 275,user_pass 275,275
276,user 276,user_pass 276,276
277,user 277,user_pass 277,277
278,user 278,user_pass 278,278
279,user 279,user_pass 279,279
280,user 280,user_pass 280,280
281,user 281,user_pass 281,281
282,user 282,user_pass 282,282
283,user 283,user_pass 283,283
284,user 284,user_pass 284,284
285,user 285,user_pass 285,285
286,user 286,user_pass 286,286
287,user 287,user_pass 287,287
288,user 288,user_pass 288,288
289,user 289,user_pass 289,289
290,user 290,user_pass 290,290
291,user 291,user_pass 291,291
292,user 292,user_pass 292,292
293,user 293,user_pass 293,293
294,user 294,user_pass 294,294
295,user 295,user_pass 295,295
296,user 296,user_pass 296,296
297,user 297,user_pass 297,297
298,user 298,user_pass 298,298
299,user 299,user_pass 299,299
300,user 300,user_pass 300,300
301,user 301,user_pass 301,301
302,user 302,user_pass 302,302
303,user 303,user_pass 303,303
304,user 304,user_pass 304,304
305,user 305,user_pass 305,305
306,user 306,user_pass 306,306
307,user 307,user_pass 307,307
308,user 308,user_pass 308,308
309,user 309,user_pass 309,309
310,user 310,user_pass 310,310
311,user 311,user_pass 311,311
312,user 312,user_pass 312,312
313,user 313,user_pass 313,313
314,user 314,user_pass 314,314
315,user 315,user_pass 315,315
316,user 316,user_pass 316,316
317,user 317,user_pass 317,317
318,user 318,user_pass 318,318
319,user 319,user_pass 319,319
320,user 320,user_pass 320,320
321,user 321,user_pass 321,321
322,user 322,user_pass 322,322
323,user 323,user_pass 323,323
324,user 324,user_pass 324,324
325,user 325,user_pass 325,325
326,user 326,user_pass 326,326
327,user 327,user_pass 327,327
328,user 328,user_pass 328,328
329,user 329,user_pass 329,329
330,user 330,user_pass 330,330
331,user 331,user_pass 331,331
332,user 332,user_pass 332,332
333,user 333,user_pass 333,333
334,user 334,user_pass 334,334
335,user 335,user_pass 335,335
336,user 336,user_pass 336,336
337,user 337,user_pass 337,337
338,user 338,user_pass 338,338
339,user 339,user_pass 339,339
340,user 340,user_pass 340,340
341,user 341,user_pass 341,341
342,user 342,user_pass 342,342
343,user 343,user_pass 343,343
344,user 344,user_pass 344,344
345,user 345,user_pass 345,345
346,user 346,user_pass 346,346
347,user 347,user_pass 347,347
348,user 348,user_pass 348,348
349,user 349,user_pass 349,349
350,user 350,user_pass 350,350
351,user 351,user_pass 351,351
352,user 352,user_pass 352,352
353,user 353,user_pass 353,353
354,user 354,user_pass 354,354
355,user 355,user_pass 355,355
356,user 356,user_pass 356,356
357,user 357,user_pass 357,357
358,user 358,user_pass 358,358
359,user 359,user_pass 359,359
360,user 360,user_pass 360,360
361,user 361,user_pass 361,361
362,user 362,user_pass 362,362
363,user 363,user_pass 363,363
364,user 364,user_pass 364,364
365,user 365,user_pass 365,365
366,user 366,user_pass 366,366
367,user 367,user_pass 367,367
368,user 368,user_pass 368,368
369,user 369,user_pass 369,369
370,user 370,user_pass 370,370
371,user 371,user_pass 371,371
372,user 372,user_pass 372,372
373,user 373,user_pass 373,373
374,user 374,user_pass 374,374
375,user 375,user_pass 375,375
376,user 376,user_pass 376,376
377,user 377,user_pass 377,377
378,user 378,user_pass 378,378
379,user 379,user_pass 379,379
380,user 380,user_pass 380,380
381,user 381,user_pass 381,381
382,user 382,user_pass 382,382
383,user 383,user_pass 383,383
384,user 384,user_pass 384,384
385,user 385,user_pass 385,385
386,user 386,user_pass 386,386
387,user 387,user_pass 387,387
388,user 388,user_pass 388,388
389,user 389,user_pass 389,389
390,user 390,user_pass 390,390
391,user 391,user_pass 391,391
392,user 392,user_pass 392,392
393,user 393,user_pass 393,393
394,user 394,user_pass 394,394
395,user 395,user_pass 395,395
396,user 396,user_pass 396,396
397,user 397,user_pass 397,397
398,user 398,user_pass 398,398
399,user 399,user_pass 399,399
400,user 400,user_pass 400,400
401,user 401,user_pass 401,401
402,user 402,user_pass 402,402
403,user 403,user_pass 403,403
404,user 404,user_pass 404,404
405,user 405,user_pass 405,405
406,user 406,user_pass 406,406
407,user 407,user_pass 407,407
408,user 408,user_pass 408,408
409,user 409,user_pass 409,409
410,user 410,user_pass 410,410
411,user 411,user_pass 411,411
412,user 412,user_pass 412,412
413,user 413,user_pass 413,413
414,user 414,user_pass 414,414
415,user 415,user_pass 415,415
416,user 416,user_pass 416,416
417,user 417,user_pass 417,417
418,user 418,user_pass 418,418
419,user 419,user_pass 419,419
420,user 420,user_pass 420,420
421,user 421,user_pass 421,421
422,user 422,user_pass 422,422
423,user 423,user_pass 423,423
424,user 424,user_pass 424,424
425,user 425,user_pass 425,425
426,user 426,user_pass 426,426
427,user 427,user_pass 427,427
428,user 428,user_pass 428,428
429,user 429,user_pass 429,429
430,user 430,user_pass 430,430
431,user 431,user_pass 431,431
432,user 432,user_pass 432,432
433,user 433,user_pass 433,433
434,user 434,user_pass 434,434
435,user 435,user_pass 435,435
436,user 436,user_pass 436,436
437,user 437,user_pass 437,437
438,user 438,user_pass 438,438
439,user 439,user_pass 439,439
440,user 440,user_pass 440,440
441,user 441,user_pass 441,441
442,user 442,user_pass 442,442
443,user 443,user_pass 443,443
444,user 444,user_pass 444,444
445,user 445,user_pass 445,445
446,user 446,user_pass 446,446
447,user 447,user_pass 447,447
448,user 448,user_pass 448,448
449,user 449,user_pass 449,449
450,user 450,user_pass 450,450
451,user 451,user_pass 451,451
452,user 452,user_pass 452,452
453,user 453,user_pass 453,453
454,user 454,user_pass 454,454
455,user 455,user_pass 455,455
456,user 456,user_pass 456,456
457,user 457,user_pass 457,457
458,user 458,user_pass 458,458
459,user 459,user_pass 459,459
460,user 460,user_pass 460,460
461,user 461,user_pass 461,461
462,user 462,user_pass 462,462
463,user 463,user_pass 463,463
464,user 464,user_pass 464,464
465,user 465,user_pass 465,465
466,user 466,user_pass 466,466
467,user 467,user_pass 467,467
468,user 468,user_pass 468,468
469,user 469,user_pass 469,469
470,user 470,user_pass 470,470
471,user 471,user_pass 471,471
472,user 472,user_pass 472,472
473,user 473,user_pass 473,473
474,user 474,user_pass 474,474
475,user 475,user_pass 475,475
476,user 476,user_pass 476,476
477,user 477,user_pass 477,477
478,user 478,user_pass 478,478
479,user 479,user_pass 479,479
480,user 480,user_pass 480,480
481,user 481,user_pass 481,481
482,user 482,user_pass 482,482
483,user 483,user_pass 483,483
484,user 484,user_pass 484,484
485,user 485,user_pass 485,485
486,user 486,user_pass 486,486
487,user 487,user_pass 487,487
488,user 488,user_pass 488,488
489,user 489,user_pass 489,489
490,user 490,user_pass 490,490
491,user 491,user_pass 491,491
492,user 492,user_pass 492,492
493,user 493,user_pass 493,493
494,user 494,user_pass 494,494
495,user 495,user_pass 495,495
496,user 496,user_pass 496,496
497,user 497,user_pass 497,497
498,user 498,user_pass 498,498
499,user 499,user_pass 499,499
500,user 500,user_pass 500,500
