3001,user 3001,user_pass 3001,3001
3002,user 3002,user_pass 3002,3002
3003,user 3003,user_pass 3003,3003
3004,user 3004,user_pass 3004,3004
3005,user 3005,user_pass 3005,3005
3006,user 3006,user_pass 3006,3006
3007,user 3007,user_pass 3007,3007
3008,user 3008,user_pass 3008,3008
3009,user 3009,user_pass 3009,3009
3010,user 3010,user_pass 3010,3010
3011,user 3011,user_pass 3011,3011
3012,user 3012,user_pass 3012,3012
3013,user 3013,user_pass 3013,3013
3014,user 3014,user_pass 3014,3014
3015,user 3015,user_pass 3015,3015
3016,user 3016,user_pass 3016,3016
3017,user 3017,user_pass 3017,3017
3018,user 3018,user_pass 3018,3018
3019,user 3019,user_pass 3019,3019
3020,user 3020,user_pass 3020,3020
3021,user 3021,user_pass 3021,3021
3022,user 3022,user_pass 3022,3022
3023,user 3023,user_pass 3023,3023
3024,user 3024,user_pass 3024,3024
3025,user 3025,user_pass 3025,3025
3026,user 3026,user_pass 3026,3026
3027,user 3027,user_pass 3027,3027
3028,user 3028,user_pass 3028,3028
3029,user 3029,user_pass 3029,3029
3030,user 3030,user_pass 3030,3030
3031,user 3031,user_pass 3031,3031
3032,user 3032,user_pass 3032,3032
3033,user 3033,user_pass 3033,3033
3034,user 3034,user_pass 3034,3034
3035,user 3035,user_pass 3035,3035
3036,user 3036,user_pass 3036,3036
3037,user 3037,user_pass 3037,3037
3038,user 3038,user_pass 3038,3038
3039,user 3039,user_pass 3039,3039
3040,user 3040,user_pass 3040,3040
3041,user 3041,user_pass 3041,3041
3042,user 3042,user_pass 3042,3042
3043,user 3043,user_pass 3043,3043
3044,user 3044,user_pass 3044,3044
3045,user 3045,user_pass 3045,3045
3046,user 3046,user_pass 3046,3046
3047,user 3047,user_pass 3047,3047
3048,user 3048,user_pass 3048,3048
3049,user 3049,user_pass 3049,3049
3050,user 3050,user_pass 3050,3050
3051,user 3051,user_pass 3051,3051
3052,user 3052,user_pass 3052,3052
3053,user 3053,user_pass 3053,3053
3054,user 3054,user_pass 3054,3054
3055,user 3055,user_pass 3055,3055
3056,user 3056,user_pass 3056,3056
3057,user 3057,user_pass 3057,3057
3058,user 3058,user_pass 3058,3058
3059,user 3059,user_pass 3059,3059
3060,user 3060,user_pass 3060,3060
3061,user 3061,user_pass 3061,3061
3062,user 3062,user_pass 3062,3062
3063,user 3063,user_pass 3063,3063
3064,user 3064,user_pass 3064,3064
3065,user 3065,user_pass 3065,3065
3066,user 3066,user_pass 3066,3066
3067,user 3067,user_pass 3067,3067
3068,user 3068,user_pass 3068,3068
3069,user 3069,user_pass 3069,3069
3070,user 3070,user_pass 3070,3070
3071,user 3071,user_pass 3071,3071
3072,user 3072,user_pass 3072,3072
3073,user 3073,user_pass 3073,3073
3074,user 3074,user_pass 3074,3074
3075,user 3075,user_pass 3075,3075
3076,user 3076,user_pass 3076,3076
3077,user 3077,user_pass 3077,3077
3078,user 3078,user_pass 3078,3078
3079,user 3079,user_pass 3079,3079
3080,user 3080,user_pass 3080,3080
3081,user 3081,user_pass 3081,3081
3082,user 3082,user_pass 3082,3082
3083,user 3083,user_pass 3083,3083
3084,user 3084,user_pass 3084,3084
3085,user 3085,user_pass 3085,3085
3086,user 3086,user_pass 3086,3086
3087,user 3087,user_pass 3087,3087
3088,user 3088,user_pass 3088,3088
3089,user 3089,user_pass 3089,3089
3090,user 3090,user_pass 3090,3090
3091,user 3091,user_pass 3091,3091
3092,user 3092,user_pass 3092,3092
3093,user 3093,user_pass 3093,3093
3094,user 3094,user_pass 3094,3094
3095,user 3095,user_pass 3095,3095
3096,user 3096,user_pass 3096,3096
3097,user 3097,user_pass 3097,3097
3098,user 3098,user_pass 3098,3098
3099,user 3099,user_pass 3099,3099
3100,user 3100,user_pass 3100,3100
3101,user 3101,user_pass 3101,3101
3102,user 3102,user_pass 3102,3102
3103,user 3103,user_pass 3103,3103
3104,user 3104,user_pass 3104,3104
3105,user 3105,user_pass 3105,3105
3106,user 3106,user_pass 3106,3106
3107,user 3107,user_pass 3107,3107
3108,user 3108,user_pass 3108,3108
3109,user 3109,user_pass 3109,3109
3110,user 3110,user_pass 3110,3110
3111,user 3111,user_pass 3111,3111
3112,user 3112,user_pass 3112,3112
3113,user 3113,user_pass 3113,3113
3114,user 3114,user_pass 3114,3114
3115,user 3115,user_pass 3115,3115
3116,user 3116,user_pass 3116,3116
3117,user 3117,user_pass 3117,3117
3118,user 3118,user_pass 3118,3118
3119,user 3119,user_pass 3119,3119
3120,user 3120,user_pass 3120,3120
3121,user 3121,user_pass 3121,3121
3122,user 3122,user_pass 3122,3122
3123,user 3123,user_pass 3123,3123
3124,user 3124,user_pass 3124,3124
3125,user 3125,user_pass 3125,3125
3126,user 3126,user_pass 3126,3126
3127,user 3127,user_pass 3127,3127
3128,user 3128,user_pass 3128,3128
3129,user 3129,user_pass 3129,3129
3130,user 3130,user_pass 3130,3130
3131,user 3131,user_pass 3131,3131
3132,user 3132,user_pass 3132,3132
3133,user 3133,user_pass 3133,3133
3134,user 3134,user_pass 3134,3134
3135,user 3135,user_pass 3135,3135
3136,user 3136,user_pass 3136,3136
3137,user 3137,user_pass 3137,3137
3138,user 3138,user_pass 3138,3138
3139,user 3139,user_pass 3139,3139
3140,user 3140,user_pass 3140,3140
3141,user 3141,user_pass 3141,3141
3142,user 3142,user_pass 3142,3142
3143,user 3143,user_pass 3143,3143
3144,user 3144,user_pass 3144,3144
3145,user 3145,user_pass 3145,3145
3146,user 3146,user_pass 3146,3146
3147,user 3147,user_pass 3147,3147
3148,user 3148,user_pass 3148,3148
3149,user 3149,user_pass 3149,3149
3150,user 3150,user_pass 3150,3150
3151,user 3151,user_pass 3151,3151
3152,user 3152,user_pass 3152,3152
3153,user 3153,user_pass 3153,3153
3154,user 3154,user_pass 3154,3154
3155,user 3155,user_pass 3155,3155
3156,user 3156,user_pass 3156,3156
3157,user 3157,user_pass 3157,3157
3158,user 3158,user_pass 3158,3158
3159,user 3159,user_pass 3159,3159
3160,user 3160,user_pass 3160,3160
3161,user 3161,user_pass 3161,3161
3162,user 3162,user_pass 3162,3162
3163,user 3163,user_pass 3163,3163
3164,user 3164,user_pass 3164,3164
3165,user 3165,user_pass 3165,3165
3166,user 3166,user_pass 3166,3166
3167,user 3167,user_pass 3167,3167
3168,user 3168,user_pass 3168,3168
3169,user 3169,user_pass 3169,3169
3170,user 3170,user_pass 3170,3170
3171,user 3171,user_pass 3171,3171
3172,user 3172,user_pass 3172,3172
3173,user 3173,user_pass 3173,3173
3174,user 3174,user_pass 3174,3174
3175,user 3175,user_pass 3175,3175
3176,user 3176,user_pass 3176,3176
3177,user 3177,user_pass 3177,3177
3178,user 3178,user_pass 3178,3178
3179,user 3179,user_pass 3179,3179
3180,user 3180,user_pass 3180,3180
3181,user 3181,user_pass 3181,3181
3182,user 3182,user_pass 3182,3182
3183,user 3183,user_pass 3183,3183
3184,user 3184,user_pass 3184,3184
3185,user 3185,user_pass 3185,3185
3186,user 3186,user_pass 3186,3186
3187,user 3187,user_pass 3187,3187
3188,user 3188,user_pass 3188,3188
3189,user 3189,user_pass 3189,3189
3190,user 3190,user_pass 3190,3190
3191,user 3191,user_pass 3191,3191
3192,user 3192,user_pass 3192,3192
3193,user 3193,user_pass 3193,3193
3194,user 3194,user_pass 3194,3194
3195,user 3195,user_pass 3195,3195
3196,user 3196,user_pass 3196,3196
3197,user 3197,user_pass 3197,3197
3198,user 3198,user_pass 3198,3198
3199,user 3199,user_pass 3199,3199
3200,user 3200,user_pass 3200,3200
3201,user 3201,user_pass 3201,3201
3202,user 3202,user_pass 3202,3202
3203,user 3203,user_pass 3203,3203
3204,user 3204,user_pass 3204,3204
3205,user 3205,user_pass 3205,3205
3206,user 3206,user_pass 3206,3206
3207,user 3207,user_pass 3207,3207
3208,user 3208,user_pass 3208,3208
3209,user 3209,user_pass 3209,3209
3210,user 3210,user_pass 3210,3210
3211,user 3211,user_pass 3211,3211
3212,user 3212,user_pass 3212,3212
3213,user 3213,user_pass 3213,3213
3214,user 3214,user_pass 3214,3214
3215,user 3215,user_pass 3215,3215
3216,user 3216,user_pass 3216,3216
3217,user 3217,user_pass 3217,3217
3218,user 3218,user_pass 3218,3218
3219,user 3219,user_pass 3219,3219
3220,user 3220,user_pass 3220,3220
3221,user 3221,user_pass 3221,3221
3222,user 3222,user_pass 3222,3222
3223,user 3223,user_pass 3223,3223
3224,user 3224,user_pass 3224,3224
3225,user 3225,user_pass 3225,3225
3226,user 3226,user_pass 3226,3226
3227,user 3227,user_pass 3227,3227
3228,user 3228,user_pass 3228,3228
3229,user 3229,user_pass 3229,3229
3230,user 3230,user_pass 3230,3230
3231,user 3231,user_pass 3231,3231
3232,user 3232,user_pass 3232,3232
3233,user 3233,user_pass 3233,3233
3234,user 3234,user_pass 3234,3234
3235,user 3235,user_pass 3235,3235
3236,user 3236,user_pass 3236,3236
3237,user 3237,user_pass 3237,3237
3238,user 3238,user_pass 3238,3238
3239,user 3239,user_pass 3239,3239
3240,user 3240,user_pass 3240,3240
3241,user 3241,user_pass 3241,3241
3242,user 3242,user_pass 3242,3242
3243,user 3243,user_pass 3243,3243
3244,user 3244,user_pass 3244,3244
3245,user 3245,user_pass 3245,3245
3246,user 3246,user_pass 3246,3246
3247,user 3247,user_pass 3247,3247
3248,user 3248,user_pass 3248,3248
3249,user 3249,user_pass 3249,3249
3250,user 3250,user_pass 3250,3250
3251,user 3251,user_pass 3251,3251
3252,user 3252,user_pass 3252,3252
3253,user 3253,user_pass 3253,3253
3254,user 3254,user_pass 3254,3254
3255,user 3255,user_pass 3255,3255
3256,user 3256,user_pass 3256,3256
3257,user 3257,user_pass 3257,3257
3258,user 3258,user_pass 3258,3258
3259,user 3259,user_pass 3259,3259
3260,user 3260,user_pass 3260,3260
3261,user 3261,user_pass 3261,3261
3262,user 3262,user_pass 3262,3262
3263,user 3263,user_pass 3263,3263
3264,user 3264,user_pass 3264,3264
3265,user 3265,user_pass 3265,3265
3266,user 3266,user_pass 3266,3266
3267,user 3267,user_pass 3267,3267
3268,user 3268,user_pass 3268,3268
3269,user 3269,user_pass 3269,3269
3270,user 3270,user_pass 3270,3270
3271,user 3271,user_pass 3271,3271
3272,user 3272,user_pass 3272,3272
3273,user 3273,user_pass 3273,3273
3274,user 3274,user_pass 3274,3274
3275,user 3275,user_pass 3275,3275
3276,user 3276,user_pass 3276,3276
3277,user 3277,user_pass 3277,3277
3278,user 3278,user_pass 3278,3278
3279,user 3279,user_pass 3279,3279
3280,user 3280,user_pass 3280,3280
3281,user 3281,user_pass 3281,3281
3282,user 3282,user_pass 3282,3282
3283,user 3283,user_pass 3283,3283
3284,user 3284,user_pass 3284,3284
3285,user 3285,user_pass 3285,3285
3286,user 3286,user_pass 3286,3286
3287,user 3287,user_pass 3287,3287
3288,user 3288,user_pass 3288,3288
3289,user 3289,user_pass 3289,3289
3290,user 3290,user_pass 3290,3290
3291,user 3291,user_pass 3291,3291
3292,user 3292,user_pass 3292,3292
3293,user 3293,user_pass 3293,3293
3294,user 3294,user_pass 3294,3294
3295,user 3295,user_pass 3295,3295
3296,user 3296,user_pass 3296,3296
3297,user 3297,user_pass 3297,3297
3298,user 3298,user_pass 3298,3298
3299,user 3299,user_pass 3299,3299
3300,user 3300,user_pass 3300,3300
3301,user 3301,user_pass 3301,3301
3302,user 3302,user_pass 3302,3302
3303,user 3303,user_pass 3303,3303
3304,user 3304,user_pass 3304,3304
3305,user 3305,user_pass 3305,3305
3306,user 3306,user_pass 3306,3306
3307,user 3307,user_pass 3307,3307
3308,user 3308,user_pass 3308,3308
3309,user 3309,user_pass 3309,3309
3310,user 3310,user_pass 3310,3310
3311,user 3311,user_pass 3311,3311
3312,user 3312,user_pass 3312,3312
3313,user 3313,user_pass 3313,3313
3314,user 3314,user_pass 3314,3314
3315,user 3315,user_pass 3315,3315
3316,user 3316,user_pass 3316,3316
3317,user 3317,user_pass 3317,3317
3318,user 3318,user_pass 3318,3318
3319,user 3319,user_pass 3319,3319
3320,user 3320,user_pass 3320,3320
3321,user 3321,user_pass 3321,3321
3322,user 3322,user_pass 3322,3322
3323,user 3323,user_pass 3323,3323
3324,user 3324,user_pass 3324,3324
3325,user 3325,user_pass 3325,3325
3326,user 3326,user_pass 3326,3326
3327,user 3327,user_pass 3327,3327
3328,user 3328,user_pass 3328,3328
3329,user 3329,user_pass 3329,3329
3330,user 3330,user_pass 3330,3330
3331,user 3331,user_pass 3331,3331
3332,user 3332,user_pass 3332,3332
3333,user 3333,user_pass 3333,3333
3334,user 3334,user_pass 3334,3334
3335,user 3335,user_pass 3335,3335
3336,user 3336,user_pass 3336,3336
3337,user 3337,user_pass 3337,3337
3338,user 3338,user_pass 3338,3338
3339,user 3339,user_pass 3339,3339
3340,user 3340,user_pass 3340,3340
3341,user 3341,user_pass 3341,3341
3342,user 3342,user_pass 3342,3342
3343,user 3343,user_pass 3343,3343
3344,user 3344,user_pass 3344,3344
3345,user 3345,user_pass 3345,3345
3346,user 3346,user_pass 3346,3346
3347,user 3347,user_pass 3347,3347
3348,user 3348,user_pass 3348,3348
3349,user 3349,user_pass 3349,3349
3350,user 3350,user_pass 3350,3350
3351,user 3351,user_pass 3351,3351
3352,user 3352,user_pass 3352,3352
3353,user 3353,user_pass 3353,3353
3354,user 3354,user_pass 3354,3354
3355,user 3355,user_pass 3355,3355
3356,user 3356,user_pass 3356,3356
3357,user 3357,user_pass 3357,3357
3358,user 3358,user_pass 3358,3358
3359,user 3359,user_pass 3359,3359
3360,user 3360,user_pass 3360,3360
3361,user 3361,user_pass 3361,3361
3362,user 3362,user_pass 3362,3362
3363,user 3363,user_pass 3363,3363
3364,user 3364,user_pass 3364,3364
3365,user 3365,user_pass 3365,3365
3366,user 3366,user_pass 3366,3366
3367,user 3367,user_pass 3367,3367
3368,user 3368,user_pass 3368,3368
3369,user 3369,user_pass 3369,3369
3370,user 3370,user_pass 3370,3370
3371,user 3371,user_pass 3371,3371
3372,user 3372,user_pass 3372,3372
3373,user 3373,user_pass 3373,3373
3374,user 3374,user_pass 3374,3374
3375,user 3375,user_pass 3375,3375
3376,user 3376,user_pass 3376,3376
3377,user 3377,user_pass 3377,3377
3378,user 3378,user_pass 3378,3378
3379,user 3379,user_pass 3379,3379
3380,user 3380,user_pass 3380,3380
3381,user 3381,user_pass 3381,3381
3382,user 3382,user_pass 3382,3382
3383,user 3383,user_pass 3383,3383
3384,user 3384,user_pass 3384,3384
3385,user 3385,user_pass 3385,3385
3386,user 3386,user_pass 3386,3386
3387,user 3387,user_pass 3387,3387
3388,user 3388,user_pass 3388,3388
3389,user 3389,user_pass 3389,3389
3390,user 3390,user_pass 3390,3390
3391,user 3391,user_pass 3391,3391
3392,user 3392,user_pass 3392,3392
3393,user 3393,user_pass 3393,3393
3394,user 3394,user_pass 3394,3394
3395,user 3395,user_pass 3395,3395
3396,user 3396,user_pass 3396,3396
3397,user 3397,user_pass 3397,3397
3398,user 3398,user_pass 3398,3398
3399,user 3399,user_pass 3399,3399
3400,user 3400,user_pass 3400,3400
3401,user 3401,user_pass 3401,3401
3402,user 3402,user_pass 3402,3402
3403,user 3403,user_pass 3403,3403
3404,user 3404,user_pass 3404,3404
3405,user 3405,user_pass 3405,3405
3406,user 3406,user_pass 3406,3406
3407,user 3407,user_pass 3407,3407
3408,user 3408,user_pass 3408,3408
3409,user 3409,user_pass 3409,3409
3410,user 3410,user_pass 3410,3410
3411,user 3411,user_pass 3411,3411
3412,user 3412,user_pass 3412,3412
3413,user 3413,user_pass 3413,3413
3414,user 3414,user_pass 3414,3414
3415,user 3415,user_pass 3415,3415
3416,user 3416,user_pass 3416,3416
3417,user 3417,user_pass 3417,3417
3418,user 3418,user_pass 3418,3418
3419,user 3419,user_pass 3419,3419
3420,user 3420,user_pass 3420,3420
3421,user 3421,user_pass 3421,3421
3422,user 3422,user_pass 3422,3422
3423,user 3423,user_pass 3423,3423
3424,user 3424,user_pass 3424,3424
3425,user 3425,user_pass 3425,3425
3426,user 3426,user_pass 3426,3426
3427,user 3427,user_pass 3427,3427
3428,user 3428,user_pass 3428,3428
3429,user 3429,user_pass 3429,3429
3430,user 3430,user_pass 3430,3430
3431,user 3431,user_pass 3431,3431
3432,user 3432,user_pass 3432,3432
3433,user 3433,user_pass 3433,3433
3434,user 3434,user_pass 3434,3434
3435,user 3435,user_pass 3435,3435
3436,user 3436,user_pass 3436,3436
3437,user 3437,user_pass 3437,3437
3438,user 3438,user_pass 3438,3438
3439,user 3439,user_pass 3439,3439
3440,user 3440,user_pass 3440,3440
3441,user 3441,user_pass 3441,3441
3442,user 3442,user_pass 3442,3442
3443,user 3443,user_pass 3443,3443
3444,user 3444,user_pass 3444,3444
3445,user 3445,user_pass 3445,3445
3446,user 3446,user_pass 3446,3446
3447,user 3447,user_pass 3447,3447
3448,user 3448,user_pass 3448,3448
3449,user 3449,user_pass 3449,3449
3450,user 3450,user_pass 3450,3450
3451,user 3451,user_pass 3451,3451
3452,user 3452,user_pass 3452,3452
3453,user 3453,user_pass 3453,3453
3454,user 3454,user_pass 3454,3454
3455,user 3455,user_pass 3455,3455
3456,user 3456,user_pass 3456,3456
3457,user 3457,user_pass 3457,3457
3458,user 3458,user_pass 3458,3458
3459,user 3459,user_pass 3459,3459
3460,user 3460,user_pass 3460,3460
3461,user 3461,user_pass 3461,3461
3462,user 3462,user_pass 3462,3462
3463,user 3463,user_pass 3463,3463
3464,user 3464,user_pass 3464,3464
3465,user 3465,user_pass 3465,3465
3466,user 3466,user_pass 3466,3466
3467,user 3467,user_pass 3467,3467
3468,user 3468,user_pass 3468,3468
3469,user 3469,user_pass 3469,3469
3470,user 3470,user_pass 3470,3470
3471,user 3471,user_pass 3471,3471
3472,user 3472,user_pass 3472,3472
3473,user 3473,user_pass 3473,3473
3474,user 3474,user_pass 3474,3474
3475,user 3475,user_pass 3475,3475
3476,user 3476,user_pass 3476,3476
3477,user 3477,user_pass 3477,3477
3478,user 3478,user_pass 3478,3478
3479,user 3479,user_pass 3479,3479
3480,user 3480,user_pass 3480,3480
3481,user 3481,user_pass 3481,3481
3482,user 3482,user_pass 3482,3482
3483,user 3483,user_pass 3483,3483
3484,user 3484,user_pass 3484,3484
3485,user 3485,user_pass 3485,3485
3486,user 3486,user_pass 3486,3486
3487,user 3487,user_pass 3487,3487
3488,user 3488,user_pass 3488,3488
3489,user 3489,user_pass 3489,3489
3490,user 3490,user_pass 3490,3490
3491,user 3491,user_pass 3491,3491
3492,user 3492,user_pass 3492,3492
3493,user 3493,user_pass 3493,3493
3494,user 3494,user_pass 3494,3494
3495,user 3495,user_pass 3495,3495
3496,user 3496,user_pass 3496,3496
3497,user 3497,user_pass 3497,3497
3498,user 3498,user_pass 3498,3498
3499,user 3499,user_pass 3499,3499
3500,user 3500,user_pass 3500,3500
