3501,user 3501,user_pass 3501,3501
3502,user 3502,user_pass 3502,3502
3503,user 3503,user_pass 3503,3503
3504,user 3504,user_pass 3504,3504
3505,user 3505,user_pass 3505,3505
3506,user 3506,user_pass 3506,3506
3507,user 3507,user_pass 3507,3507
3508,user 3508,user_pass 3508,3508
3509,user 3509,user_pass 3509,3509
3510,user 3510,user_pass 3510,3510
3511,user 3511,user_pass 3511,3511
3512,user 3512,user_pass 3512,3512
3513,user 3513,user_pass 3513,3513
3514,user 3514,user_pass 3514,3514
3515,user 3515,user_pass 3515,3515
3516,user 3516,user_pass 3516,3516
3517,user 3517,user_pass 3517,3517
3518,user 3518,user_pass 3518,3518
3519,user 3519,user_pass 3519,3519
3520,user 3520,user_pass 3520,3520
3521,user 3521,user_pass 3521,3521
3522,user 3522,user_pass 3522,3522
3523,user 3523,user_pass 3523,3523
3524,user 3524,user_pass 3524,3524
3525,user 3525,user_pass 3525,3525
3526,user 3526,user_pass 3526,3526
3527,user 3527,user_pass 3527,3527
3528,user 3528,user_pass 3528,3528
3529,user 3529,user_pass 3529,3529
3530,user 3530,user_pass 3530,3530
3531,user 3531,user_pass 3531,3531
3532,user 3532,user_pass 3532,3532
3533,user 3533,user_pass 3533,3533
3534,user 3534,user_pass 3534,3534
3535,user 3535,user_pass 3535,3535
3536,user 3536,user_pass 3536,3536
3537,user 3537,user_pass 3537,3537
3538,user 3538,user_pass 3538,3538
3539,user 3539,user_pass 3539,3539
3540,user 3540,user_pass 3540,3540
3541,user 3541,user_pass 3541,3541
3542,user 3542,user_pass 3542,3542
3543,user 3543,user_pass 3543,3543
3544,user 3544,user_pass 3544,3544
3545,user 3545,user_pass 3545,3545
3546,user 3546,user_pass 3546,3546
3547,user 3547,user_pass 3547,3547
3548,user 3548,user_pass 3548,3548
3549,user 3549,user_pass 3549,3549
3550,user 3550,user_pass 3550,3550
3551,user 3551,user_pass 3551,3551
3552,user 3552,user_pass 3552,3552
3553,user 3553,user_pass 3553,3553
3554,user 3554,user_pass 3554,3554
3555,user 3555,user_pass 3555,3555
3556,user 3556,user_pass 3556,3556
3557,user 3557,user_pass 3557,3557
3558,user 3558,user_pass 3558,3558
3559,user 3559,user_pass 3559,3559
3560,user 3560,user_pass 3560,3560
3561,user 3561,user_pass 3561,3561
3562,user 3562,user_pass 3562,3562
3563,user 3563,user_pass 3563,3563
3564,user 3564,user_pass 3564,3564
3565,user 3565,user_pass 3565,3565
3566,user 3566,user_pass 3566,3566
3567,user 3567,user_pass 3567,3567
3568,user 3568,user_pass 3568,3568
3569,user 3569,user_pass 3569,3569
3570,user 3570,user_pass 3570,3570
3571,user 3571,user_pass 3571,3571
3572,user 3572,user_pass 3572,3572
3573,user 3573,user_pass 3573,3573
3574,user 3574,user_pass 3574,3574
3575,user 3575,user_pass 3575,3575
3576,user 3576,user_pass 3576,3576
3577,user 3577,user_pass 3577,3577
3578,user 3578,user_pass 3578,3578
3579,user 3579,user_pass 3579,3579
3580,user 3580,user_pass 3580,3580
3581,user 3581,user_pass 3581,3581
3582,user 3582,user_pass 3582,3582
3583,user 3583,user_pass 3583,3583
3584,user 3584,user_pass 3584,3584
3585,user 3585,user_pass 3585,3585
3586,user 3586,user_pass 3586,3586
3587,user 3587,user_pass 3587,3587
3588,user 3588,user_pass 3588,3588
3589,user 3589,user_pass 3589,3589
3590,user 3590,user_pass 3590,3590
3591,user 3591,user_pass 3591,3591
3592,user 3592,user_pass 3592,3592
3593,user 3593,user_pass 3593,3593
3594,user 3594,user_pass 3594,3594
3595,user 3595,user_pass 3595,3595
3596,user 3596,user_pass 3596,3596
3597,user 3597,user_pass 3597,3597
3598,user 3598,user_pass 3598,3598
3599,user 3599,user_pass 3599,3599
3600,user 3600,user_pass 3600,3600
3601,user 3601,user_pass 3601,3601
3602,user 3602,user_pass 3602,3602
3603,user 3603,user_pass 3603,3603
3604,user 3604,user_pass 3604,3604
3605,user 3605,user_pass 3605,3605
3606,user 3606,user_pass 3606,3606
3607,user 3607,user_pass 3607,3607
3608,user 3608,user_pass 3608,3608
3609,user 3609,user_pass 3609,3609
3610,user 3610,user_pass 3610,3610
3611,user 3611,user_pass 3611,3611
3612,user 3612,user_pass 3612,3612
3613,user 3613,user_pass 3613,3613
3614,user 3614,user_pass 3614,3614
3615,user 3615,user_pass 3615,3615
3616,user 3616,user_pass 3616,3616
3617,user 3617,user_pass 3617,3617
3618,user 3618,user_pass 3618,3618
3619,user 3619,user_pass 3619,3619
3620,user 3620,user_pass 3620,3620
3621,user 3621,user_pass 3621,3621
3622,user 3622,user_pass 3622,3622
3623,user 3623,user_pass 3623,3623
3624,user 3624,user_pass 3624,3624
3625,user 3625,user_pass 3625,3625
3626,user 3626,user_pass 3626,3626
3627,user 3627,user_pass 3627,3627
3628,user 3628,user_pass 3628,3628
3629,user 3629,user_pass 3629,3629
3630,user 3630,user_pass 3630,3630
3631,user 3631,user_pass 3631,3631
3632,user 3632,user_pass 3632,3632
3633,user 3633,user_pass 3633,3633
3634,user 3634,user_pass 3634,3634
3635,user 3635,user_pass 3635,3635
3636,user 3636,user_pass 3636,3636
3637,user 3637,user_pass 3637,3637
3638,user 3638,user_pass 3638,3638
3639,user 3639,user_pass 3639,3639
3640,user 3640,user_pass 3640,3640
3641,user 3641,user_pass 3641,3641
3642,user 3642,user_pass 3642,3642
3643,user 3643,user_pass 3643,3643
3644,user 3644,user_pass 3644,3644
3645,user 3645,user_pass 3645,3645
3646,user 3646,user_pass 3646,3646
3647,user 3647,user_pass 3647,3647
3648,user 3648,user_pass 3648,3648
3649,user 3649,user_pass 3649,3649
3650,user 3650,user_pass 3650,3650
3651,user 3651,user_pass 3651,3651
3652,user 3652,user_pass 3652,3652
3653,user 3653,user_pass 3653,3653
3654,user 3654,user_pass 3654,3654
3655,user 3655,user_pass 3655,3655
3656,user 3656,user_pass 3656,3656
3657,user 3657,user_pass 3657,3657
3658,user 3658,user_pass 3658,3658
3659,user 3659,user_pass 3659,3659
3660,user 3660,user_pass 3660,3660
3661,user 3661,user_pass 3661,3661
3662,user 3662,user_pass 3662,3662
3663,user 3663,user_pass 3663,3663
3664,user 3664,user_pass 3664,3664
3665,user 3665,user_pass 3665,3665
3666,user 3666,user_pass 3666,3666
3667,user 3667,user_pass 3667,3667
3668,user 3668,user_pass 3668,3668
3669,user 3669,user_pass 3669,3669
3670,user 3670,user_pass 3670,3670
3671,user 3671,user_pass 3671,3671
3672,user 3672,user_pass 3672,3672
3673,user 3673,user_pass 3673,3673
3674,user 3674,user_pass 3674,3674
3675,user 3675,user_pass 3675,3675
3676,user 3676,user_pass 3676,3676
3677,user 3677,user_pass 3677,3677
3678,user 3678,user_pass 3678,3678
3679,user 3679,user_pass 3679,3679
3680,user 3680,user_pass 3680,3680
3681,user 3681,user_pass 3681,3681
3682,user 3682,user_pass 3682,3682
3683,user 3683,user_pass 3683,3683
3684,user 3684,user_pass 3684,3684
3685,user 3685,user_pass 3685,3685
3686,user 3686,user_pass 3686,3686
3687,user 3687,user_pass 3687,3687
3688,user 3688,user_pass 3688,3688
3689,user 3689,user_pass 3689,3689
3690,user 3690,user_pass 3690,3690
3691,user 3691,user_pass 3691,3691
3692,user 3692,user_pass 3692,3692
3693,user 3693,user_pass 3693,3693
3694,user 3694,user_pass 3694,3694
3695,user 3695,user_pass 3695,3695
3696,user 3696,user_pass 3696,3696
3697,user 3697,user_pass 3697,3697
3698,user 3698,user_pass 3698,3698
3699,user 3699,user_pass 3699,3699
3700,user 3700,user_pass 3700,3700
3701,user 3701,user_pass 3701,3701
3702,user 3702,user_pass 3702,3702
3703,user 3703,user_pass 3703,3703
3704,user 3704,user_pass 3704,3704
3705,user 3705,user_pass 3705,3705
3706,user 3706,user_pass 3706,3706
3707,user 3707,user_pass 3707,3707
3708,user 3708,user_pass 3708,3708
3709,user 3709,user_pass 3709,3709
3710,user 3710,user_pass 3710,3710
3711,user 3711,user_pass 3711,3711
3712,user 3712,user_pass 3712,3712
3713,user 3713,user_pass 3713,3713
3714,user 3714,user_pass 3714,3714
3715,user 3715,user_pass 3715,3715
3716,user 3716,user_pass 3716,3716
3717,user 3717,user_pass 3717,3717
3718,user 3718,user_pass 3718,3718
3719,user 3719,user_pass 3719,3719
3720,user 3720,user_pass 3720,3720
3721,user 3721,user_pass 3721,3721
3722,user 3722,user_pass 3722,3722
3723,user 3723,user_pass 3723,3723
3724,user 3724,user_pass 3724,3724
3725,user 3725,user_pass 3725,3725
3726,user 3726,user_pass 3726,3726
3727,user 3727,user_pass 3727,3727
3728,user 3728,user_pass 3728,3728
3729,user 3729,user_pass 3729,3729
3730,user 3730,user_pass 3730,3730
3731,user 3731,user_pass 3731,3731
3732,user 3732,user_pass 3732,3732
3733,user 3733,user_pass 3733,3733
3734,user 3734,user_pass 3734,3734
3735,user 3735,user_pass 3735,3735
3736,user 3736,user_pass 3736,3736
3737,user 3737,user_pass 3737,3737
3738,user 3738,user_pass 3738,3738
3739,user 3739,user_pass 3739,3739
3740,user 3740,user_pass 3740,3740
3741,user 3741,user_pass 3741,3741
3742,user 3742,user_pass 3742,3742
3743,user 3743,user_pass 3743,3743
3744,user 3744,user_pass 3744,3744
3745,user 3745,user_pass 3745,3745
3746,user 3746,user_pass 3746,3746
3747,user 3747,user_pass 3747,3747
3748,user 3748,user_pass 3748,3748
3749,user 3749,user_pass 3749,3749
3750,user 3750,user_pass 3750,3750
3751,user 3751,user_pass 3751,3751
3752,user 3752,user_pass 3752,3752
3753,user 3753,user_pass 3753,3753
3754,user 3754,user_pass 3754,3754
3755,user 3755,user_pass 3755,3755
3756,user 3756,user_pass 3756,3756
3757,user 3757,user_pass 3757,3757
3758,user 3758,user_pass 3758,3758
3759,user 3759,user_pass 3759,3759
3760,user 3760,user_pass 3760,3760
3761,user 3761,user_pass 3761,3761
3762,user 3762,user_pass 3762,3762
3763,user 3763,user_pass 3763,3763
3764,user 3764,user_pass 3764,3764
3765,user 3765,user_pass 3765,3765
3766,user 3766,user_pass 3766,3766
3767,user 3767,user_pass 3767,3767
3768,user 3768,user_pass 3768,3768
3769,user 3769,user_pass 3769,3769
3770,user 3770,user_pass 3770,3770
3771,user 3771,user_pass 3771,3771
3772,user 3772,user_pass 3772,3772
3773,user 3773,user_pass 3773,3773
3774,user 3774,user_pass 3774,3774
3775,user 3775,user_pass 3775,3775
3776,user 3776,user_pass 3776,3776
3777,user 3777,user_pass 3777,3777
3778,user 3778,user_pass 3778,3778
3779,user 3779,user_pass 3779,3779
3780,user 3780,user_pass 3780,3780
3781,user 3781,user_pass 3781,3781
3782,user 3782,user_pass 3782,3782
3783,user 3783,user_pass 3783,3783
3784,user 3784,user_pass 3784,3784
3785,user 3785,user_pass 3785,3785
3786,user 3786,user_pass 3786,3786
3787,user 3787,user_pass 3787,3787
3788,user 3788,user_pass 3788,3788
3789,user 3789,user_pass 3789,3789
3790,user 3790,user_pass 3790,3790
3791,user 3791,user_pass 3791,3791
3792,user 3792,user_pass 3792,3792
3793,user 3793,user_pass 3793,3793
3794,user 3794,user_pass 3794,3794
3795,user 3795,user_pass 3795,3795
3796,user 3796,user_pass 3796,3796
3797,user 3797,user_pass 3797,3797
3798,user 3798,user_pass 3798,3798
3799,user 3799,user_pass 3799,3799
3800,user 3800,user_pass 3800,3800
3801,user 3801,user_pass 3801,3801
3802,user 3802,user_pass 3802,3802
3803,user 3803,user_pass 3803,3803
3804,user 3804,user_pass 3804,3804
3805,user 3805,user_pass 3805,3805
3806,user 3806,user_pass 3806,3806
3807,user 3807,user_pass 3807,3807
3808,user 3808,user_pass 3808,3808
3809,user 3809,user_pass 3809,3809
3810,user 3810,user_pass 3810,3810
3811,user 3811,user_pass 3811,3811
3812,user 3812,user_pass 3812,3812
3813,user 3813,user_pass 3813,3813
3814,user 3814,user_pass 3814,3814
3815,user 3815,user_pass 3815,3815
3816,user 3816,user_pass 3816,3816
3817,user 3817,user_pass 3817,3817
3818,user 3818,user_pass 3818,3818
3819,user 3819,user_pass 3819,3819
3820,user 3820,user_pass 3820,3820
3821,user 3821,user_pass 3821,3821
3822,user 3822,user_pass 3822,3822
3823,user 3823,user_pass 3823,3823
3824,user 3824,user_pass 3824,3824
3825,user 3825,user_pass 3825,3825
3826,user 3826,user_pass 3826,3826
3827,user 3827,user_pass 3827,3827
3828,user 3828,user_pass 3828,3828
3829,user 3829,user_pass 3829,3829
3830,user 3830,user_pass 3830,3830
3831,user 3831,user_pass 3831,3831
3832,user 3832,user_pass 3832,3832
3833,user 3833,user_pass 3833,3833
3834,user 3834,user_pass 3834,3834
3835,user 3835,user_pass 3835,3835
3836,user 3836,user_pass 3836,3836
3837,user 3837,user_pass 3837,3837
3838,user 3838,user_pass 3838,3838
3839,user 3839,user_pass 3839,3839
3840,user 3840,user_pass 3840,3840
3841,user 3841,user_pass 3841,3841
3842,user 3842,user_pass 3842,3842
3843,user 3843,user_pass 3843,3843
3844,user 3844,user_pass 3844,3844
3845,user 3845,user_pass 3845,3845
3846,user 3846,user_pass 3846,3846
3847,user 3847,user_pass 3847,3847
3848,user 3848,user_pass 3848,3848
3849,user 3849,user_pass 3849,3849
3850,user 3850,user_pass 3850,3850
3851,user 3851,user_pass 3851,3851
3852,user 3852,user_pass 3852,3852
3853,user 3853,user_pass 3853,3853
3854,user 3854,user_pass 3854,3854
3855,user 3855,user_pass 3855,3855
3856,user 3856,user_pass 3856,3856
3857,user 3857,user_pass 3857,3857
3858,user 3858,user_pass 3858,3858
3859,user 3859,user_pass 3859,3859
3860,user 3860,user_pass 3860,3860
3861,user 3861,user_pass 3861,3861
3862,user 3862,user_pass 3862,3862
3863,user 3863,user_pass 3863,3863
3864,user 3864,user_pass 3864,3864
3865,user 3865,user_pass 3865,3865
3866,user 3866,user_pass 3866,3866
3867,user 3867,user_pass 3867,3867
3868,user 3868,user_pass 3868,3868
3869,user 3869,user_pass 3869,3869
3870,user 3870,user_pass 3870,3870
3871,user 3871,user_pass 3871,3871
3872,user 3872,user_pass 3872,3872
3873,user 3873,user_pass 3873,3873
3874,user 3874,user_pass 3874,3874
3875,user 3875,user_pass 3875,3875
3876,user 3876,user_pass 3876,3876
3877,user 3877,user_pass 3877,3877
3878,user 3878,user_pass 3878,3878
3879,user 3879,user_pass 3879,3879
3880,user 3880,user_pass 3880,3880
3881,user 3881,user_pass 3881,3881
3882,user 3882,user_pass 3882,3882
3883,user 3883,user_pass 3883,3883
3884,user 3884,user_pass 3884,3884
3885,user 3885,user_pass 3885,3885
3886,user 3886,user_pass 3886,3886
3887,user 3887,user_pass 3887,3887
3888,user 3888,user_pass 3888,3888
3889,user 3889,user_pass 3889,3889
3890,user 3890,user_pass 3890,3890
3891,user 3891,user_pass 3891,3891
3892,user 3892,user_pass 3892,3892
3893,user 3893,user_pass 3893,3893
3894,user 3894,user_pass 3894,3894
3895,user 3895,user_pass 3895,3895
3896,user 3896,user_pass 3896,3896
3897,user 3897,user_pass 3897,3897
3898,user 3898,user_pass 3898,3898
3899,user 3899,user_pass 3899,3899
3900,user 3900,user_pass 3900,3900
3901,user 3901,user_pass 3901,3901
3902,user 3902,user_pass 3902,3902
3903,user 3903,user_pass 3903,3903
3904,user 3904,user_pass 3904,3904
3905,user 3905,user_pass 3905,3905
3906,user 3906,user_pass 3906,3906
3907,user 3907,user_pass 3907,3907
3908,user 3908,user_pass 3908,3908
3909,user 3909,user_pass 3909,3909
3910,user 3910,user_pass 3910,3910
3911,user 3911,user_pass 3911,3911
3912,user 3912,user_pass 3912,3912
3913,user 3913,user_pass 3913,3913
3914,user 3914,user_pass 3914,3914
3915,user 3915,user_pass 3915,3915
3916,user 3916,user_pass 3916,3916
3917,user 3917,user_pass 3917,3917
3918,user 3918,user_pass 3918,3918
3919,user 3919,user_pass 3919,3919
3920,user 3920,user_pass 3920,3920
3921,user 3921,user_pass 3921,3921
3922,user 3922,user_pass 3922,3922
3923,user 3923,user_pass 3923,3923
3924,user 3924,user_pass 3924,3924
3925,user 3925,user_pass 3925,3925
3926,user 3926,user_pass 3926,3926
3927,user 3927,user_pass 3927,3927
3928,user 3928,user_pass 3928,3928
3929,user 3929,user_pass 3929,3929
3930,user 3930,user_pass 3930,3930
3931,user 3931,user_pass 3931,3931
3932,user 3932,user_pass 3932,3932
3933,user 3933,user_pass 3933,3933
3934,user 3934,user_pass 3934,3934
3935,user 3935,user_pass 3935,3935
3936,user 3936,user_pass 3936,3936
3937,user 3937,user_pass 3937,3937
3938,user 3938,user_pass 3938,3938
3939,user 3939,user_pass 3939,3939
3940,user 3940,user_pass 3940,3940
3941,user 3941,user_pass 3941,3941
3942,user 3942,user_pass 3942,3942
3943,user 3943,user_pass 3943,3943
3944,user 3944,user_pass 3944,3944
3945,user 3945,user_pass 3945,3945
3946,user 3946,user_pass 3946,3946
3947,user 3947,user_pass 3947,3947
3948,user 3948,user_pass 3948,3948
3949,user 3949,user_pass 3949,3949
3950,user 3950,user_pass 3950,3950
3951,user 3951,user_pass 3951,3951
3952,user 3952,user_pass 3952,3952
3953,user 3953,user_pass 3953,3953
3954,user 3954,user_pass 3954,3954
3955,user 3955,user_pass 3955,3955
3956,user 3956,user_pass 3956,3956
3957,user 3957,user_pass 3957,3957
3958,user 3958,user_pass 3958,3958
3959,user 3959,user_pass 3959,3959
3960,user 3960,user_pass 3960,3960
3961,user 3961,user_pass 3961,3961
3962,user 3962,user_pass 3962,3962
3963,user 3963,user_pass 3963,3963
3964,user 3964,user_pass 3964,3964
3965,user 3965,user_pass 3965,3965
3966,user 3966,user_pass 3966,3966
3967,user 3967,user_pass 3967,3967
3968,user 3968,user_pass 3968,3968
3969,user 3969,user_pass 3969,3969
3970,user 3970,user_pass 3970,3970
3971,user 3971,user_pass 3971,3971
3972,user 3972,user_pass 3972,3972
3973,user 3973,user_pass 3973,3973
3974,user 3974,user_pass 3974,3974
3975,user 3975,user_pass 3975,3975
3976,user 3976,user_pass 3976,3976
3977,user 3977,user_pass 3977,3977
3978,user 3978,user_pass 3978,3978
3979,user 3979,user_pass 3979,3979
3980,user 3980,user_pass 3980,3980
3981,user 3981,user_pass 3981,3981
3982,user 3982,user_pass 3982,3982
3983,user 3983,user_pass 3983,3983
3984,user 3984,user_pass 3984,3984
3985,user 3985,user_pass 3985,3985
3986,user 3986,user_pass 3986,3986
3987,user 3987,user_pass 3987,3987
3988,user 3988,user_pass 3988,3988
3989,user 3989,user_pass 3989,3989
3990,user 3990,user_pass 3990,3990
3991,user 3991,user_pass 3991,3991
3992,user 3992,user_pass 3992,3992
3993,user 3993,user_pass 3993,3993
3994,user 3994,user_pass 3994,3994
3995,user 3995,user_pass 3995,3995
3996,user 3996,user_pass 3996,3996
3997,user 3997,user_pass 3997,3997
3998,user 3998,user_pass 3998,3998
3999,user 3999,user_pass 3999,3999
4000,user 4000,user_pass 4000,4000
