4501,user 4501,user_pass 4501,4501
4502,user 4502,user_pass 4502,4502
4503,user 4503,user_pass 4503,4503
4504,user 4504,user_pass 4504,4504
4505,user 4505,user_pass 4505,4505
4506,user 4506,user_pass 4506,4506
4507,user 4507,user_pass 4507,4507
4508,user 4508,user_pass 4508,4508
4509,user 4509,user_pass 4509,4509
4510,user 4510,user_pass 4510,4510
4511,user 4511,user_pass 4511,4511
4512,user 4512,user_pass 4512,4512
4513,user 4513,user_pass 4513,4513
4514,user 4514,user_pass 4514,4514
4515,user 4515,user_pass 4515,4515
4516,user 4516,user_pass 4516,4516
4517,user 4517,user_pass 4517,4517
4518,user 4518,user_pass 4518,4518
4519,user 4519,user_pass 4519,4519
4520,user 4520,user_pass 4520,4520
4521,user 4521,user_pass 4521,4521
4522,user 4522,user_pass 4522,4522
4523,user 4523,user_pass 4523,4523
4524,user 4524,user_pass 4524,4524
4525,user 4525,user_pass 4525,4525
4526,user 4526,user_pass 4526,4526
4527,user 4527,user_pass 4527,4527
4528,user 4528,user_pass 4528,4528
4529,user 4529,user_pass 4529,4529
4530,user 4530,user_pass 4530,4530
4531,user 4531,user_pass 4531,4531
4532,user 4532,user_pass 4532,4532
4533,user 4533,user_pass 4533,4533
4534,user 4534,user_pass 4534,4534
4535,user 4535,user_pass 4535,4535
4536,user 4536,user_pass 4536,4536
4537,user 4537,user_pass 4537,4537
4538,user 4538,user_pass 4538,4538
4539,user 4539,user_pass 4539,4539
4540,user 4540,user_pass 4540,4540
4541,user 4541,user_pass 4541,4541
4542,user 4542,user_pass 4542,4542
4543,user 4543,user_pass 4543,4543
4544,user 4544,user_pass 4544,4544
4545,user 4545,user_pass 4545,4545
4546,user 4546,user_pass 4546,4546
4547,user 4547,user_pass 4547,4547
4548,user 4548,user_pass 4548,4548
4549,user 4549,user_pass 4549,4549
4550,user 4550,user_pass 4550,4550
4551,user 4551,user_pass 4551,4551
4552,user 4552,user_pass 4552,4552
4553,user 4553,user_pass 4553,4553
4554,user 4554,user_pass 4554,4554
4555,user 4555,user_pass 4555,4555
4556,user 4556,user_pass 4556,4556
4557,user 4557,user_pass 4557,4557
4558,user 4558,user_pass 4558,4558
4559,user 4559,user_pass 4559,4559
4560,user 4560,user_pass 4560,4560
4561,user 4561,user_pass 4561,4561
4562,user 4562,user_pass 4562,4562
4563,user 4563,user_pass 4563,4563
4564,user 4564,user_pass 4564,4564
4565,user 4565,user_pass 4565,4565
4566,user 4566,user_pass 4566,4566
4567,user 4567,user_pass 4567,4567
4568,user 4568,user_pass 4568,4568
4569,user 4569,user_pass 4569,4569
4570,user 4570,user_pass 4570,4570
4571,user 4571,user_pass 4571,4571
4572,user 4572,user_pass 4572,4572
4573,user 4573,user_pass 4573,4573
4574,user 4574,user_pass 4574,4574
4575,user 4575,user_pass 4575,4575
4576,user 4576,user_pass 4576,4576
4577,user 4577,user_pass 4577,4577
4578,user 4578,user_pass 4578,4578
4579,user 4579,user_pass 4579,4579
4580,user 4580,user_pass 4580,4580
4581,user 4581,user_pass 4581,4581
4582,user 4582,user_pass 4582,4582
4583,user 4583,user_pass 4583,4583
4584,user 4584,user_pass 4584,4584
4585,user 4585,user_pass 4585,4585
4586,user 4586,user_pass 4586,4586
4587,user 4587,user_pass 4587,4587
4588,user 4588,user_pass 4588,4588
4589,user 4589,user_pass 4589,4589
4590,user 4590,user_pass 4590,4590
4591,user 4591,user_pass 4591,4591
4592,user 4592,user_pass 4592,4592
4593,user 4593,user_pass 4593,4593
4594,user 4594,user_pass 4594,4594
4595,user 4595,user_pass 4595,4595
4596,user 4596,user_pass 4596,4596
4597,user 4597,user_pass 4597,4597
4598,user 4598,user_pass 4598,4598
4599,user 4599,user_pass 4599,4599
4600,user 4600,user_pass 4600,4600
4601,user 4601,user_pass 4601,4601
4602,user 4602,user_pass 4602,4602
4603,user 4603,user_pass 4603,4603
4604,user 4604,user_pass 4604,4604
4605,user 4605,user_pass 4605,4605
4606,user 4606,user_pass 4606,4606
4607,user 4607,user_pass 4607,4607
4608,user 4608,user_pass 4608,4608
4609,user 4609,user_pass 4609,4609
4610,user 4610,user_pass 4610,4610
4611,user 4611,user_pass 4611,4611
4612,user 4612,user_pass 4612,4612
4613,user 4613,user_pass 4613,4613
4614,user 4614,user_pass 4614,4614
4615,user 4615,user_pass 4615,4615
4616,user 4616,user_pass 4616,4616
4617,user 4617,user_pass 4617,4617
4618,user 4618,user_pass 4618,4618
4619,user 4619,user_pass 4619,4619
4620,user 4620,user_pass 4620,4620
4621,user 4621,user_pass 4621,4621
4622,user 4622,user_pass 4622,4622
4623,user 4623,user_pass 4623,4623
4624,user 4624,user_pass 4624,4624
4625,user 4625,user_pass 4625,4625
4626,user 4626,user_pass 4626,4626
4627,user 4627,user_pass 4627,4627
4628,user 4628,user_pass 4628,4628
4629,user 4629,user_pass 4629,4629
4630,user 4630,user_pass 4630,4630
4631,user 4631,user_pass 4631,4631
4632,user 4632,user_pass 4632,4632
4633,user 4633,user_pass 4633,4633
4634,user 4634,user_pass 4634,4634
4635,user 4635,user_pass 4635,4635
4636,user 4636,user_pass 4636,4636
4637,user 4637,user_pass 4637,4637
4638,user 4638,user_pass 4638,4638
4639,user 4639,user_pass 4639,4639
4640,user 4640,user_pass 4640,4640
4641,user 4641,user_pass 4641,4641
4642,user 4642,user_pass 4642,4642
4643,user 4643,user_pass 4643,4643
4644,user 4644,user_pass 4644,4644
4645,user 4645,user_pass 4645,4645
4646,user 4646,user_pass 4646,4646
4647,user 4647,user_pass 4647,4647
4648,user 4648,user_pass 4648,4648
4649,user 4649,user_pass 4649,4649
4650,user 4650,user_pass 4650,4650
4651,user 4651,user_pass 4651,4651
4652,user 4652,user_pass 4652,4652
4653,user 4653,user_pass 4653,4653
4654,user 4654,user_pass 4654,4654
4655,user 4655,user_pass 4655,4655
4656,user 4656,user_pass 4656,4656
4657,user 4657,user_pass 4657,4657
4658,user 4658,user_pass 4658,4658
4659,user 4659,user_pass 4659,4659
4660,user 4660,user_pass 4660,4660
4661,user 4661,user_pass 4661,4661
4662,user 4662,user_pass 4662,4662
4663,user 4663,user_pass 4663,4663
4664,user 4664,user_pass 4664,4664
4665,user 4665,user_pass 4665,4665
4666,user 4666,user_pass 4666,4666
4667,user 4667,user_pass 4667,4667
4668,user 4668,user_pass 4668,4668
4669,user 4669,user_pass 4669,4669
4670,user 4670,user_pass 4670,4670
4671,user 4671,user_pass 4671,4671
4672,user 4672,user_pass 4672,4672
4673,user 4673,user_pass 4673,4673
4674,user 4674,user_pass 4674,4674
4675,user 4675,user_pass 4675,4675
4676,user 4676,user_pass 4676,4676
4677,user 4677,user_pass 4677,4677
4678,user 4678,user_pass 4678,4678
4679,user 4679,user_pass 4679,4679
4680,user 4680,user_pass 4680,4680
4681,user 4681,user_pass 4681,4681
4682,user 4682,user_pass 4682,4682
4683,user 4683,user_pass 4683,4683
4684,user 4684,user_pass 4684,4684
4685,user 4685,user_pass 4685,4685
4686,user 4686,user_pass 4686,4686
4687,user 4687,user_pass 4687,4687
4688,user 4688,user_pass 4688,4688
4689,user 4689,user_pass 4689,4689
4690,user 4690,user_pass 4690,4690
4691,user 4691,user_pass 4691,4691
4692,user 4692,user_pass 4692,4692
4693,user 4693,user_pass 4693,4693
4694,user 4694,user_pass 4694,4694
4695,user 4695,user_pass 4695,4695
4696,user 4696,user_pass 4696,4696
4697,user 4697,user_pass 4697,4697
4698,user 4698,user_pass 4698,4698
4699,user 4699,user_pass 4699,4699
4700,user 4700,user_pass 4700,4700
4701,user 4701,user_pass 4701,4701
4702,user 4702,user_pass 4702,4702
4703,user 4703,user_pass 4703,4703
4704,user 4704,user_pass 4704,4704
4705,user 4705,user_pass 4705,4705
4706,user 4706,user_pass 4706,4706
4707,user 4707,user_pass 4707,4707
4708,user 4708,user_pass 4708,4708
4709,user 4709,user_pass 4709,4709
4710,user 4710,user_pass 4710,4710
4711,user 4711,user_pass 4711,4711
4712,user 4712,user_pass 4712,4712
4713,user 4713,user_pass 4713,4713
4714,user 4714,user_pass 4714,4714
4715,user 4715,user_pass 4715,4715
4716,user 4716,user_pass 4716,4716
4717,user 4717,user_pass 4717,4717
4718,user 4718,user_pass 4718,4718
4719,user 4719,user_pass 4719,4719
4720,user 4720,user_pass 4720,4720
4721,user 4721,user_pass 4721,4721
4722,user 4722,user_pass 4722,4722
4723,user 4723,user_pass 4723,4723
4724,user 4724,user_pass 4724,4724
4725,user 4725,user_pass 4725,4725
4726,user 4726,user_pass 4726,4726
4727,user 4727,user_pass 4727,4727
4728,user 4728,user_pass 4728,4728
4729,user 4729,user_pass 4729,4729
4730,user 4730,user_pass 4730,4730
4731,user 4731,user_pass 4731,4731
4732,user 4732,user_pass 4732,4732
4733,user 4733,user_pass 4733,4733
4734,user 4734,user_pass 4734,4734
4735,user 4735,user_pass 4735,4735
4736,user 4736,user_pass 4736,4736
4737,user 4737,user_pass 4737,4737
4738,user 4738,user_pass 4738,4738
4739,user 4739,user_pass 4739,4739
4740,user 4740,user_pass 4740,4740
4741,user 4741,user_pass 4741,4741
4742,user 4742,user_pass 4742,4742
4743,user 4743,user_pass 4743,4743
4744,user 4744,user_pass 4744,4744
4745,user 4745,user_pass 4745,4745
4746,user 4746,user_pass 4746,4746
4747,user 4747,user_pass 4747,4747
4748,user 4748,user_pass 4748,4748
4749,user 4749,user_pass 4749,4749
4750,user 4750,user_pass 4750,4750
4751,user 4751,user_pass 4751,4751
4752,user 4752,user_pass 4752,4752
4753,user 4753,user_pass 4753,4753
4754,user 4754,user_pass 4754,4754
4755,user 4755,user_pass 4755,4755
4756,user 4756,user_pass 4756,4756
4757,user 4757,user_pass 4757,4757
4758,user 4758,user_pass 4758,4758
4759,user 4759,user_pass 4759,4759
4760,user 4760,user_pass 4760,4760
4761,user 4761,user_pass 4761,4761
4762,user 4762,user_pass 4762,4762
4763,user 4763,user_pass 4763,4763
4764,user 4764,user_pass 4764,4764
4765,user 4765,user_pass 4765,4765
4766,user 4766,user_pass 4766,4766
4767,user 4767,user_pass 4767,4767
4768,user 4768,user_pass 4768,4768
4769,user 4769,user_pass 4769,4769
4770,user 4770,user_pass 4770,4770
4771,user 4771,user_pass 4771,4771
4772,user 4772,user_pass 4772,4772
4773,user 4773,user_pass 4773,4773
4774,user 4774,user_pass 4774,4774
4775,user 4775,user_pass 4775,4775
4776,user 4776,user_pass 4776,4776
4777,user 4777,user_pass 4777,4777
4778,user 4778,user_pass 4778,4778
4779,user 4779,user_pass 4779,4779
4780,user 4780,user_pass 4780,4780
4781,user 4781,user_pass 4781,4781
4782,user 4782,user_pass 4782,4782
4783,user 4783,user_pass 4783,4783
4784,user 4784,user_pass 4784,4784
4785,user 4785,user_pass 4785,4785
4786,user 4786,user_pass 4786,4786
4787,user 4787,user_pass 4787,4787
4788,user 4788,user_pass 4788,4788
4789,user 4789,user_pass 4789,4789
4790,user 4790,user_pass 4790,4790
4791,user 4791,user_pass 4791,4791
4792,user 4792,user_pass 4792,4792
4793,user 4793,user_pass 4793,4793
4794,user 4794,user_pass 4794,4794
4795,user 4795,user_pass 4795,4795
4796,user 4796,user_pass 4796,4796
4797,user 4797,user_pass 4797,4797
4798,user 4798,user_pass 4798,4798
4799,user 4799,user_pass 4799,4799
4800,user 4800,user_pass 4800,4800
4801,user 4801,user_pass 4801,4801
4802,user 4802,user_pass 4802,4802
4803,user 4803,user_pass 4803,4803
4804,user 4804,user_pass 4804,4804
4805,user 4805,user_pass 4805,4805
4806,user 4806,user_pass 4806,4806
4807,user 4807,user_pass 4807,4807
4808,user 4808,user_pass 4808,4808
4809,user 4809,user_pass 4809,4809
4810,user 4810,user_pass 4810,4810
4811,user 4811,user_pass 4811,4811
4812,user 4812,user_pass 4812,4812
4813,user 4813,user_pass 4813,4813
4814,user 4814,user_pass 4814,4814
4815,user 4815,user_pass 4815,4815
4816,user 4816,user_pass 4816,4816
4817,user 4817,user_pass 4817,4817
4818,user 4818,user_pass 4818,4818
4819,user 4819,user_pass 4819,4819
4820,user 4820,user_pass 4820,4820
4821,user 4821,user_pass 4821,4821
4822,user 4822,user_pass 4822,4822
4823,user 4823,user_pass 4823,4823
4824,user 4824,user_pass 4824,4824
4825,user 4825,user_pass 4825,4825
4826,user 4826,user_pass 4826,4826
4827,user 4827,user_pass 4827,4827
4828,user 4828,user_pass 4828,4828
4829,user 4829,user_pass 4829,4829
4830,user 4830,user_pass 4830,4830
4831,user 4831,user_pass 4831,4831
4832,user 4832,user_pass 4832,4832
4833,user 4833,user_pass 4833,4833
4834,user 4834,user_pass 4834,4834
4835,user 4835,user_pass 4835,4835
4836,user 4836,user_pass 4836,4836
4837,user 4837,user_pass 4837,4837
4838,user 4838,user_pass 4838,4838
4839,user 4839,user_pass 4839,4839
4840,user 4840,user_pass 4840,4840
4841,user 4841,user_pass 4841,4841
4842,user 4842,user_pass 4842,4842
4843,user 4843,user_pass 4843,4843
4844,user 4844,user_pass 4844,4844
4845,user 4845,user_pass 4845,4845
4846,user 4846,user_pass 4846,4846
4847,user 4847,user_pass 4847,4847
4848,user 4848,user_pass 4848,4848
4849,user 4849,user_pass 4849,4849
4850,user 4850,user_pass 4850,4850
4851,user 4851,user_pass 4851,4851
4852,user 4852,user_pass 4852,4852
4853,user 4853,user_pass 4853,4853
4854,user 4854,user_pass 4854,4854
4855,user 4855,user_pass 4855,4855
4856,user 4856,user_pass 4856,4856
4857,user 4857,user_pass 4857,4857
4858,user 4858,user_pass 4858,4858
4859,user 4859,user_pass 4859,4859
4860,user 4860,user_pass 4860,4860
4861,user 4861,user_pass 4861,4861
4862,user 4862,user_pass 4862,4862
4863,user 4863,user_pass 4863,4863
4864,user 4864,user_pass 4864,4864
4865,user 4865,user_pass 4865,4865
4866,user 4866,user_pass 4866,4866
4867,user 4867,user_pass 4867,4867
4868,user 4868,user_pass 4868,4868
4869,user 4869,user_pass 4869,4869
4870,user 4870,user_pass 4870,4870
4871,user 4871,user_pass 4871,4871
4872,user 4872,user_pass 4872,4872
4873,user 4873,user_pass 4873,4873
4874,user 4874,user_pass 4874,4874
4875,user 4875,user_pass 4875,4875
4876,user 4876,user_pass 4876,4876
4877,user 4877,user_pass 4877,4877
4878,user 4878,user_pass 4878,4878
4879,user 4879,user_pass 4879,4879
4880,user 4880,user_pass 4880,4880
4881,user 4881,user_pass 4881,4881
4882,user 4882,user_pass 4882,4882
4883,user 4883,user_pass 4883,4883
4884,user 4884,user_pass 4884,4884
4885,user 4885,user_pass 4885,4885
4886,user 4886,user_pass 4886,4886
4887,user 4887,user_pass 4887,4887
4888,user 4888,user_pass 4888,4888
4889,user 4889,user_pass 4889,4889
4890,user 4890,user_pass 4890,4890
4891,user 4891,user_pass 4891,4891
4892,user 4892,user_pass 4892,4892
4893,user 4893,user_pass 4893,4893
4894,user 4894,user_pass 4894,4894
4895,user 4895,user_pass 4895,4895
4896,user 4896,user_pass 4896,4896
4897,user 4897,user_pass 4897,4897
4898,user 4898,user_pass 4898,4898
4899,user 4899,user_pass 4899,4899
4900,user 4900,user_pass 4900,4900
4901,user 4901,user_pass 4901,4901
4902,user 4902,user_pass 4902,4902
4903,user 4903,user_pass 4903,4903
4904,user 4904,user_pass 4904,4904
4905,user 4905,user_pass 4905,4905
4906,user 4906,user_pass 4906,4906
4907,user 4907,user_pass 4907,4907
4908,user 4908,user_pass 4908,4908
4909,user 4909,user_pass 4909,4909
4910,user 4910,user_pass 4910,4910
4911,user 4911,user_pass 4911,4911
4912,user 4912,user_pass 4912,4912
4913,user 4913,user_pass 4913,4913
4914,user 4914,user_pass 4914,4914
4915,user 4915,user_pass 4915,4915
4916,user 4916,user_pass 4916,4916
4917,user 4917,user_pass 4917,4917
4918,user 4918,user_pass 4918,4918
4919,user 4919,user_pass 4919,4919
4920,user 4920,user_pass 4920,4920
4921,user 4921,user_pass 4921,4921
4922,user 4922,user_pass 4922,4922
4923,user 4923,user_pass 4923,4923
4924,user 4924,user_pass 4924,4924
4925,user 4925,user_pass 4925,4925
4926,user 4926,user_pass 4926,4926
4927,user 4927,user_pass 4927,4927
4928,user 4928,user_pass 4928,4928
4929,user 4929,user_pass 4929,4929
4930,user 4930,user_pass 4930,4930
4931,user 4931,user_pass 4931,4931
4932,user 4932,user_pass 4932,4932
4933,user 4933,user_pass 4933,4933
4934,user 4934,user_pass 4934,4934
4935,user 4935,user_pass 4935,4935
4936,user 4936,user_pass 4936,4936
4937,user 4937,user_pass 4937,4937
4938,user 4938,user_pass 4938,4938
4939,user 4939,user_pass 4939,4939
4940,user 4940,user_pass 4940,4940
4941,user 4941,user_pass 4941,4941
4942,user 4942,user_pass 4942,4942
4943,user 4943,user_pass 4943,4943
4944,user 4944,user_pass 4944,4944
4945,user 4945,user_pass 4945,4945
4946,user 4946,user_pass 4946,4946
4947,user 4947,user_pass 4947,4947
4948,user 4948,user_pass 4948,4948
4949,user 4949,user_pass 4949,4949
4950,user 4950,user_pass 4950,4950
4951,user 4951,user_pass 4951,4951
4952,user 4952,user_pass 4952,4952
4953,user 4953,user_pass 4953,4953
4954,user 4954,user_pass 4954,4954
4955,user 4955,user_pass 4955,4955
4956,user 4956,user_pass 4956,4956
4957,user 4957,user_pass 4957,4957
4958,user 4958,user_pass 4958,4958
4959,user 4959,user_pass 4959,4959
4960,user 4960,user_pass 4960,4960
4961,user 4961,user_pass 4961,4961
4962,user 4962,user_pass 4962,4962
4963,user 4963,user_pass 4963,4963
4964,user 4964,user_pass 4964,4964
4965,user 4965,user_pass 4965,4965
4966,user 4966,user_pass 4966,4966
4967,user 4967,user_pass 4967,4967
4968,user 4968,user_pass 4968,4968
4969,user 4969,user_pass 4969,4969
4970,user 4970,user_pass 4970,4970
4971,user 4971,user_pass 4971,4971
4972,user 4972,user_pass 4972,4972
4973,user 4973,user_pass 4973,4973
4974,user 4974,user_pass 4974,4974
4975,user 4975,user_pass 4975,4975
4976,user 4976,user_pass 4976,4976
4977,user 4977,user_pass 4977,4977
4978,user 4978,user_pass 4978,4978
4979,user 4979,user_pass 4979,4979
4980,user 4980,user_pass 4980,4980
4981,user 4981,user_pass 4981,4981
4982,user 4982,user_pass 4982,4982
4983,user 4983,user_pass 4983,4983
4984,user 4984,user_pass 4984,4984
4985,user 4985,user_pass 4985,4985
4986,user 4986,user_pass 4986,4986
4987,user 4987,user_pass 4987,4987
4988,user 4988,user_pass 4988,4988
4989,user 4989,user_pass 4989,4989
4990,user 4990,user_pass 4990,4990
4991,user 4991,user_pass 4991,4991
4992,user 4992,user_pass 4992,4992
4993,user 4993,user_pass 4993,4993
4994,user 4994,user_pass 4994,4994
4995,user 4995,user_pass 4995,4995
4996,user 4996,user_pass 4996,4996
4997,user 4997,user_pass 4997,4997
4998,user 4998,user_pass 4998,4998
4999,user 4999,user_pass 4999,4999
5000,user 5000,user_pass 5000,5000
