1501,user 1501,user_pass 1501,1501
1502,user 1502,user_pass 1502,1502
1503,user 1503,user_pass 1503,1503
1504,user 1504,user_pass 1504,1504
1505,user 1505,user_pass 1505,1505
1506,user 1506,user_pass 1506,1506
1507,user 1507,user_pass 1507,1507
1508,user 1508,user_pass 1508,1508
1509,user 1509,user_pass 1509,1509
1510,user 1510,user_pass 1510,1510
1511,user 1511,user_pass 1511,1511
1512,user 1512,user_pass 1512,1512
1513,user 1513,user_pass 1513,1513
1514,user 1514,user_pass 1514,1514
1515,user 1515,user_pass 1515,1515
1516,user 1516,user_pass 1516,1516
1517,user 1517,user_pass 1517,1517
1518,user 1518,user_pass 1518,1518
1519,user 1519,user_pass 1519,1519
1520,user 1520,user_pass 1520,1520
1521,user 1521,user_pass 1521,1521
1522,user 1522,user_pass 1522,1522
1523,user 1523,user_pass 1523,1523
1524,user 1524,user_pass 1524,1524
1525,user 1525,user_pass 1525,1525
1526,user 1526,user_pass 1526,1526
1527,user 1527,user_pass 1527,1527
1528,user 1528,user_pass 1528,1528
1529,user 1529,user_pass 1529,1529
1530,user 1530,user_pass 1530,1530
1531,user 1531,user_pass 1531,1531
1532,user 1532,user_pass 1532,1532
1533,user 1533,user_pass 1533,1533
1534,user 1534,user_pass 1534,1534
1535,user 1535,user_pass 1535,1535
1536,user 1536,user_pass 1536,1536
1537,user 1537,user_pass 1537,1537
1538,user 1538,user_pass 1538,1538
1539,user 1539,user_pass 1539,1539
1540,user 1540,user_pass 1540,1540
1541,user 1541,user_pass 1541,1541
1542,user 1542,user_pass 1542,1542
1543,user 1543,user_pass 1543,1543
1544,user 1544,user_pass 1544,1544
1545,user 1545,user_pass 1545,1545
1546,user 1546,user_pass 1546,1546
1547,user 1547,user_pass 1547,1547
1548,user 1548,user_pass 1548,1548
1549,user 1549,user_pass 1549,1549
1550,user 1550,user_pass 1550,1550
1551,user 1551,user_pass 1551,1551
1552,user 1552,user_pass 1552,1552
1553,user 1553,user_pass 1553,1553
1554,user 1554,user_pass 1554,1554
1555,user 1555,user_pass 1555,1555
1556,user 1556,user_pass 1556,1556
1557,user 1557,user_pass 1557,1557
1558,user 1558,user_pass 1558,1558
1559,user 1559,user_pass 1559,1559
1560,user 1560,user_pass 1560,1560
1561,user 1561,user_pass 1561,1561
1562,user 1562,user_pass 1562,1562
1563,user 1563,user_pass 1563,1563
1564,user 1564,user_pass 1564,1564
1565,user 1565,user_pass 1565,1565
1566,user 1566,user_pass 1566,1566
1567,user 1567,user_pass 1567,1567
1568,user 1568,user_pass 1568,1568
1569,user 1569,user_pass 1569,1569
1570,user 1570,user_pass 1570,1570
1571,user 1571,user_pass 1571,1571
1572,user 1572,user_pass 1572,1572
1573,user 1573,user_pass 1573,1573
1574,user 1574,user_pass 1574,1574
1575,user 1575,user_pass 1575,1575
1576,user 1576,user_pass 1576,1576
1577,user 1577,user_pass 1577,1577
1578,user 1578,user_pass 1578,1578
1579,user 1579,user_pass 1579,1579
1580,user 1580,user_pass 1580,1580
1581,user 1581,user_pass 1581,1581
1582,user 1582,user_pass 1582,1582
1583,user 1583,user_pass 1583,1583
1584,user 1584,user_pass 1584,1584
1585,user 1585,user_pass 1585,1585
1586,user 1586,user_pass 1586,1586
1587,user 1587,user_pass 1587,1587
1588,user 1588,user_pass 1588,1588
1589,user 1589,user_pass 1589,1589
1590,user 1590,user_pass 1590,1590
1591,user 1591,user_pass 1591,1591
1592,user 1592,user_pass 1592,1592
1593,user 1593,user_pass 1593,1593
1594,user 1594,user_pass 1594,1594
1595,user 1595,user_pass 1595,1595
1596,user 1596,user_pass 1596,1596
1597,user 1597,user_pass 1597,1597
1598,user 1598,user_pass 1598,1598
1599,user 1599,user_pass 1599,1599
1600,user 1600,user_pass 1600,1600
1601,user 1601,user_pass 1601,1601
1602,user 1602,user_pass 1602,1602
1603,user 1603,user_pass 1603,1603
1604,user 1604,user_pass 1604,1604
1605,user 1605,user_pass 1605,1605
1606,user 1606,user_pass 1606,1606
1607,user 1607,user_pass 1607,1607
1608,user 1608,user_pass 1608,1608
1609,user 1609,user_pass 1609,1609
1610,user 1610,user_pass 1610,1610
1611,user 1611,user_pass 1611,1611
1612,user 1612,user_pass 1612,1612
1613,user 1613,user_pass 1613,1613
1614,user 1614,user_pass 1614,1614
1615,user 1615,user_pass 1615,1615
1616,user 1616,user_pass 1616,1616
1617,user 1617,user_pass 1617,1617
1618,user 1618,user_pass 1618,1618
1619,user 1619,user_pass 1619,1619
1620,user 1620,user_pass 1620,1620
1621,user 1621,user_pass 1621,1621
1622,user 1622,user_pass 1622,1622
1623,user 1623,user_pass 1623,1623
1624,user 1624,user_pass 1624,1624
1625,user 1625,user_pass 1625,1625
1626,user 1626,user_pass 1626,1626
1627,user 1627,user_pass 1627,1627
1628,user 1628,user_pass 1628,1628
1629,user 1629,user_pass 1629,1629
1630,user 1630,user_pass 1630,1630
1631,user 1631,user_pass 1631,1631
1632,user 1632,user_pass 1632,1632
1633,user 1633,user_pass 1633,1633
1634,user 1634,user_pass 1634,1634
1635,user 1635,user_pass 1635,1635
1636,user 1636,user_pass 1636,1636
1637,user 1637,user_pass 1637,1637
1638,user 1638,user_pass 1638,1638
1639,user 1639,user_pass 1639,1639
1640,user 1640,user_pass 1640,1640
1641,user 1641,user_pass 1641,1641
1642,user 1642,user_pass 1642,1642
1643,user 1643,user_pass 1643,1643
1644,user 1644,user_pass 1644,1644
1645,user 1645,user_pass 1645,1645
1646,user 1646,user_pass 1646,1646
1647,user 1647,user_pass 1647,1647
1648,user 1648,user_pass 1648,1648
1649,user 1649,user_pass 1649,1649
1650,user 1650,user_pass 1650,1650
1651,user 1651,user_pass 1651,1651
1652,user 1652,user_pass 1652,1652
1653,user 1653,user_pass 1653,1653
1654,user 1654,user_pass 1654,1654
1655,user 1655,user_pass 1655,1655
1656,user 1656,user_pass 1656,1656
1657,user 1657,user_pass 1657,1657
1658,user 1658,user_pass 1658,1658
1659,user 1659,user_pass 1659,1659
1660,user 1660,user_pass 1660,1660
1661,user 1661,user_pass 1661,1661
1662,user 1662,user_pass 1662,1662
1663,user 1663,user_pass 1663,1663
1664,user 1664,user_pass 1664,1664
1665,user 1665,user_pass 1665,1665
1666,user 1666,user_pass 1666,1666
1667,user 1667,user_pass 1667,1667
1668,user 1668,user_pass 1668,1668
1669,user 1669,user_pass 1669,1669
1670,user 1670,user_pass 1670,1670
1671,user 1671,user_pass 1671,1671
1672,user 1672,user_pass 1672,1672
1673,user 1673,user_pass 1673,1673
1674,user 1674,user_pass 1674,1674
1675,user 1675,user_pass 1675,1675
1676,user 1676,user_pass 1676,1676
1677,user 1677,user_pass 1677,1677
1678,user 1678,user_pass 1678,1678
1679,user 1679,user_pass 1679,1679
1680,user 1680,user_pass 1680,1680
1681,user 1681,user_pass 1681,1681
1682,user 1682,user_pass 1682,1682
1683,user 1683,user_pass 1683,1683
1684,user 1684,user_pass 1684,1684
1685,user 1685,user_pass 1685,1685
1686,user 1686,user_pass 1686,1686
1687,user 1687,user_pass 1687,1687
1688,user 1688,user_pass 1688,1688
1689,user 1689,user_pass 1689,1689
1690,user 1690,user_pass 1690,1690
1691,user 1691,user_pass 1691,1691
1692,user 1692,user_pass 1692,1692
1693,user 1693,user_pass 1693,1693
1694,user 1694,user_pass 1694,1694
1695,user 1695,user_pass 1695,1695
1696,user 1696,user_pass 1696,1696
1697,user 1697,user_pass 1697,1697
1698,user 1698,user_pass 1698,1698
1699,user 1699,user_pass 1699,1699
1700,user 1700,user_pass 1700,1700
1701,user 1701,user_pass 1701,1701
1702,user 1702,user_pass 1702,1702
1703,user 1703,user_pass 1703,1703
1704,user 1704,user_pass 1704,1704
1705,user 1705,user_pass 1705,1705
1706,user 1706,user_pass 1706,1706
1707,user 1707,user_pass 1707,1707
1708,user 1708,user_pass 1708,1708
1709,user 1709,user_pass 1709,1709
1710,user 1710,user_pass 1710,1710
1711,user 1711,user_pass 1711,1711
1712,user 1712,user_pass 1712,1712
1713,user 1713,user_pass 1713,1713
1714,user 1714,user_pass 1714,1714
1715,user 1715,user_pass 1715,1715
1716,user 1716,user_pass 1716,1716
1717,user 1717,user_pass 1717,1717
1718,user 1718,user_pass 1718,1718
1719,user 1719,user_pass 1719,1719
1720,user 1720,user_pass 1720,1720
1721,user 1721,user_pass 1721,1721
1722,user 1722,user_pass 1722,1722
1723,user 1723,user_pass 1723,1723
1724,user 1724,user_pass 1724,1724
1725,user 1725,user_pass 1725,1725
1726,user 1726,user_pass 1726,1726
1727,user 1727,user_pass 1727,1727
1728,user 1728,user_pass 1728,1728
1729,user 1729,user_pass 1729,1729
1730,user 1730,user_pass 1730,1730
1731,user 1731,user_pass 1731,1731
1732,user 1732,user_pass 1732,1732
1733,user 1733,user_pass 1733,1733
1734,user 1734,user_pass 1734,1734
1735,user 1735,user_pass 1735,1735
1736,user 1736,user_pass 1736,1736
1737,user 1737,user_pass 1737,1737
1738,user 1738,user_pass 1738,1738
1739,user 1739,user_pass 1739,1739
1740,user 1740,user_pass 1740,1740
1741,user 1741,user_pass 1741,1741
1742,user 1742,user_pass 1742,1742
1743,user 1743,user_pass 1743,1743
1744,user 1744,user_pass 1744,1744
1745,user 1745,user_pass 1745,1745
1746,user 1746,user_pass 1746,1746
1747,user 1747,user_pass 1747,1747
1748,user 1748,user_pass 1748,1748
1749,user 1749,user_pass 1749,1749
1750,user 1750,user_pass 1750,1750
1751,user 1751,user_pass 1751,1751
1752,user 1752,user_pass 1752,1752
1753,user 1753,user_pass 1753,1753
1754,user 1754,user_pass 1754,1754
1755,user 1755,user_pass 1755,1755
1756,user 1756,user_pass 1756,1756
1757,user 1757,user_pass 1757,1757
1758,user 1758,user_pass 1758,1758
1759,user 1759,user_pass 1759,1759
1760,user 1760,user_pass 1760,1760
1761,user 1761,user_pass 1761,1761
1762,user 1762,user_pass 1762,1762
1763,user 1763,user_pass 1763,1763
1764,user 1764,user_pass 1764,1764
1765,user 1765,user_pass 1765,1765
1766,user 1766,user_pass 1766,1766
1767,user 1767,user_pass 1767,1767
1768,user 1768,user_pass 1768,1768
1769,user 1769,user_pass 1769,1769
1770,user 1770,user_pass 1770,1770
1771,user 1771,user_pass 1771,1771
1772,user 1772,user_pass 1772,1772
1773,user 1773,user_pass 1773,1773
1774,user 1774,user_pass 1774,1774
1775,user 1775,user_pass 1775,1775
1776,user 1776,user_pass 1776,1776
1777,user 1777,user_pass 1777,1777
1778,user 1778,user_pass 1778,1778
1779,user 1779,user_pass 1779,1779
1780,user 1780,user_pass 1780,1780
1781,user 1781,user_pass 1781,1781
1782,user 1782,user_pass 1782,1782
1783,user 1783,user_pass 1783,1783
1784,user 1784,user_pass 1784,1784
1785,user 1785,user_pass 1785,1785
1786,user 1786,user_pass 1786,1786
1787,user 1787,user_pass 1787,1787
1788,user 1788,user_pass 1788,1788
1789,user 1789,user_pass 1789,1789
1790,user 1790,user_pass 1790,1790
1791,user 1791,user_pass 1791,1791
1792,user 1792,user_pass 1792,1792
1793,user 1793,user_pass 1793,1793
1794,user 1794,user_pass 1794,1794
1795,user 1795,user_pass 1795,1795
1796,user 1796,user_pass 1796,1796
1797,user 1797,user_pass 1797,1797
1798,user 1798,user_pass 1798,1798
1799,user 1799,user_pass 1799,1799
1800,user 1800,user_pass 1800,1800
1801,user 1801,user_pass 1801,1801
1802,user 1802,user_pass 1802,1802
1803,user 1803,user_pass 1803,1803
1804,user 1804,user_pass 1804,1804
1805,user 1805,user_pass 1805,1805
1806,user 1806,user_pass 1806,1806
1807,user 1807,user_pass 1807,1807
1808,user 1808,user_pass 1808,1808
1809,user 1809,user_pass 1809,1809
1810,user 1810,user_pass 1810,1810
1811,user 1811,user_pass 1811,1811
1812,user 1812,user_pass 1812,1812
1813,user 1813,user_pass 1813,1813
1814,user 1814,user_pass 1814,1814
1815,user 1815,user_pass 1815,1815
1816,user 1816,user_pass 1816,1816
1817,user 1817,user_pass 1817,1817
1818,user 1818,user_pass 1818,1818
1819,user 1819,user_pass 1819,1819
1820,user 1820,user_pass 1820,1820
1821,user 1821,user_pass 1821,1821
1822,user 1822,user_pass 1822,1822
1823,user 1823,user_pass 1823,1823
1824,user 1824,user_pass 1824,1824
1825,user 1825,user_pass 1825,1825
1826,user 1826,user_pass 1826,1826
1827,user 1827,user_pass 1827,1827
1828,user 1828,user_pass 1828,1828
1829,user 1829,user_pass 1829,1829
1830,user 1830,user_pass 1830,1830
1831,user 1831,user_pass 1831,1831
1832,user 1832,user_pass 1832,1832
1833,user 1833,user_pass 1833,1833
1834,user 1834,user_pass 1834,1834
1835,user 1835,user_pass 1835,1835
1836,user 1836,user_pass 1836,1836
1837,user 1837,user_pass 1837,1837
1838,user 1838,user_pass 1838,1838
1839,user 1839,user_pass 1839,1839
1840,user 1840,user_pass 1840,1840
1841,user 1841,user_pass 1841,1841
1842,user 1842,user_pass 1842,1842
1843,user 1843,user_pass 1843,1843
1844,user 1844,user_pass 1844,1844
1845,user 1845,user_pass 1845,1845
1846,user 1846,user_pass 1846,1846
1847,user 1847,user_pass 1847,1847
1848,user 1848,user_pass 1848,1848
1849,user 1849,user_pass 1849,1849
1850,user 1850,user_pass 1850,1850
1851,user 1851,user_pass 1851,1851
1852,user 1852,user_pass 1852,1852
1853,user 1853,user_pass 1853,1853
1854,user 1854,user_pass 1854,1854
1855,user 1855,user_pass 1855,1855
1856,user 1856,user_pass 1856,1856
1857,user 1857,user_pass 1857,1857
1858,user 1858,user_pass 1858,1858
1859,user 1859,user_pass 1859,1859
1860,user 1860,user_pass 1860,1860
1861,user 1861,user_pass 1861,1861
1862,user 1862,user_pass 1862,1862
1863,user 1863,user_pass 1863,1863
1864,user 1864,user_pass 1864,1864
1865,user 1865,user_pass 1865,1865
1866,user 1866,user_pass 1866,1866
1867,user 1867,user_pass 1867,1867
1868,user 1868,user_pass 1868,1868
1869,user 1869,user_pass 1869,1869
1870,user 1870,user_pass 1870,1870
1871,user 1871,user_pass 1871,1871
1872,user 1872,user_pass 1872,1872
1873,user 1873,user_pass 1873,1873
1874,user 1874,user_pass 1874,1874
1875,user 1875,user_pass 1875,1875
1876,user 1876,user_pass 1876,1876
1877,user 1877,user_pass 1877,1877
1878,user 1878,user_pass 1878,1878
1879,user 1879,user_pass 1879,1879
1880,user 1880,user_pass 1880,1880
1881,user 1881,user_pass 1881,1881
1882,user 1882,user_pass 1882,1882
1883,user 1883,user_pass 1883,1883
1884,user 1884,user_pass 1884,1884
1885,user 1885,user_pass 1885,1885
1886,user 1886,user_pass 1886,1886
1887,user 1887,user_pass 1887,1887
1888,user 1888,user_pass 1888,1888
1889,user 1889,user_pass 1889,1889
1890,user 1890,user_pass 1890,1890
1891,user 1891,user_pass 1891,1891
1892,user 1892,user_pass 1892,1892
1893,user 1893,user_pass 1893,1893
1894,user 1894,user_pass 1894,1894
1895,user 1895,user_pass 1895,1895
1896,user 1896,user_pass 1896,1896
1897,user 1897,user_pass 1897,1897
1898,user 1898,user_pass 1898,1898
1899,user 1899,user_pass 1899,1899
1900,user 1900,user_pass 1900,1900
1901,user 1901,user_pass 1901,1901
1902,user 1902,user_pass 1902,1902
1903,user 1903,user_pass 1903,1903
1904,user 1904,user_pass 1904,1904
1905,user 1905,user_pass 1905,1905
1906,user 1906,user_pass 1906,1906
1907,user 1907,user_pass 1907,1907
1908,user 1908,user_pass 1908,1908
1909,user 1909,user_pass 1909,1909
1910,user 1910,user_pass 1910,1910
1911,user 1911,user_pass 1911,1911
1912,user 1912,user_pass 1912,1912
1913,user 1913,user_pass 1913,1913
1914,user 1914,user_pass 1914,1914
1915,user 1915,user_pass 1915,1915
1916,user 1916,user_pass 1916,1916
1917,user 1917,user_pass 1917,1917
1918,user 1918,user_pass 1918,1918
1919,user 1919,user_pass 1919,1919
1920,user 1920,user_pass 1920,1920
1921,user 1921,user_pass 1921,1921
1922,user 1922,user_pass 1922,1922
1923,user 1923,user_pass 1923,1923
1924,user 1924,user_pass 1924,1924
1925,user 1925,user_pass 1925,1925
1926,user 1926,user_pass 1926,1926
1927,user 1927,user_pass 1927,1927
1928,user 1928,user_pass 1928,1928
1929,user 1929,user_pass 1929,1929
1930,user 1930,user_pass 1930,1930
1931,user 1931,user_pass 1931,1931
1932,user 1932,user_pass 1932,1932
1933,user 1933,user_pass 1933,1933
1934,user 1934,user_pass 1934,1934
1935,user 1935,user_pass 1935,1935
1936,user 1936,user_pass 1936,1936
1937,user 1937,user_pass 1937,1937
1938,user 1938,user_pass 1938,1938
1939,user 1939,user_pass 1939,1939
1940,user 1940,user_pass 1940,1940
1941,user 1941,user_pass 1941,1941
1942,user 1942,user_pass 1942,1942
1943,user 1943,user_pass 1943,1943
1944,user 1944,user_pass 1944,1944
1945,user 1945,user_pass 1945,1945
1946,user 1946,user_pass 1946,1946
1947,user 1947,user_pass 1947,1947
1948,user 1948,user_pass 1948,1948
1949,user 1949,user_pass 1949,1949
1950,user 1950,user_pass 1950,1950
1951,user 1951,user_pass 1951,1951
1952,user 1952,user_pass 1952,1952
1953,user 1953,user_pass 1953,1953
1954,user 1954,user_pass 1954,1954
1955,user 1955,user_pass 1955,1955
1956,user 1956,user_pass 1956,1956
1957,user 1957,user_pass 1957,1957
1958,user 1958,user_pass 1958,1958
1959,user 1959,user_pass 1959,1959
1960,user 1960,user_pass 1960,1960
1961,user 1961,user_pass 1961,1961
1962,user 1962,user_pass 1962,1962
1963,user 1963,user_pass 1963,1963
1964,user 1964,user_pass 1964,1964
1965,user 1965,user_pass 1965,1965
1966,user 1966,user_pass 1966,1966
1967,user 1967,user_pass 1967,1967
1968,user 1968,user_pass 1968,1968
1969,user 1969,user_pass 1969,1969
1970,user 1970,user_pass 1970,1970
1971,user 1971,user_pass 1971,1971
1972,user 1972,user_pass 1972,1972
1973,user 1973,user_pass 1973,1973
1974,user 1974,user_pass 1974,1974
1975,user 1975,user_pass 1975,1975
1976,user 1976,user_pass 1976,1976
1977,user 1977,user_pass 1977,1977
1978,user 1978,user_pass 1978,1978
1979,user 1979,user_pass 1979,1979
1980,user 1980,user_pass 1980,1980
1981,user 1981,user_pass 1981,1981
1982,user 1982,user_pass 1982,1982
1983,user 1983,user_pass 1983,1983
1984,user 1984,user_pass 1984,1984
1985,user 1985,user_pass 1985,1985
1986,user 1986,user_pass 1986,1986
1987,user 1987,user_pass 1987,1987
1988,user 1988,user_pass 1988,1988
1989,user 1989,user_pass 1989,1989
1990,user 1990,user_pass 1990,1990
1991,user 1991,user_pass 1991,1991
1992,user 1992,user_pass 1992,1992
1993,user 1993,user_pass 1993,1993
1994,user 1994,user_pass 1994,1994
1995,user 1995,user_pass 1995,1995
1996,user 1996,user_pass 1996,1996
1997,user 1997,user_pass 1997,1997
1998,user 1998,user_pass 1998,1998
1999,user 1999,user_pass 1999,1999
2000,user 2000,user_pass 2000,2000
