501,user 501,user_pass 501,501
502,user 502,user_pass 502,502
503,user 503,user_pass 503,503
504,user 504,user_pass 504,504
505,user 505,user_pass 505,505
506,user 506,user_pass 506,506
507,user 507,user_pass 507,507
508,user 508,user_pass 508,508
509,user 509,user_pass 509,509
510,user 510,user_pass 510,510
511,user 511,user_pass 511,511
512,user 512,user_pass 512,512
513,user 513,user_pass 513,513
514,user 514,user_pass 514,514
515,user 515,user_pass 515,515
516,user 516,user_pass 516,516
517,user 517,user_pass 517,517
518,user 518,user_pass 518,518
519,user 519,user_pass 519,519
520,user 520,user_pass 520,520
521,user 521,user_pass 521,521
522,user 522,user_pass 522,522
523,user 523,user_pass 523,523
524,user 524,user_pass 524,524
525,user 525,user_pass 525,525
526,user 526,user_pass 526,526
527,user 527,user_pass 527,527
528,user 528,user_pass 528,528
529,user 529,user_pass 529,529
530,user 530,user_pass 530,530
531,user 531,user_pass 531,531
532,user 532,user_pass 532,532
533,user 533,user_pass 533,533
534,user 534,user_pass 534,534
535,user 535,user_pass 535,535
536,user 536,user_pass 536,536
537,user 537,user_pass 537,537
538,user 538,user_pass 538,538
539,user 539,user_pass 539,539
540,user 540,user_pass 540,540
541,user 541,user_pass 541,541
542,user 542,user_pass 542,542
543,user 543,user_pass 543,543
544,user 544,user_pass 544,544
545,user 545,user_pass 545,545
546,user 546,user_pass 546,546
547,user 547,user_pass 547,547
548,user 548,user_pass 548,548
549,user 549,user_pass 549,549
550,user 550,user_pass 550,550
551,user 551,user_pass 551,551
552,user 552,user_pass 552,552
553,user 553,user_pass 553,553
554,user 554,user_pass 554,554
555,user 555,user_pass 555,555
556,user 556,user_pass 556,556
557,user 557,user_pass 557,557
558,user 558,user_pass 558,558
559,user 559,user_pass 559,559
560,user 560,user_pass 560,560
561,user 561,user_pass 561,561
562,user 562,user_pass 562,562
563,user 563,user_pass 563,563
564,user 564,user_pass 564,564
565,user 565,user_pass 565,565
566,user 566,user_pass 566,566
567,user 567,user_pass 567,567
568,user 568,user_pass 568,568
569,user 569,user_pass 569,569
570,user 570,user_pass 570,570
571,user 571,user_pass 571,571
572,user 572,user_pass 572,572
573,user 573,user_pass 573,573
574,user 574,user_pass 574,574
575,user 575,user_pass 575,575
576,user 576,user_pass 576,576
577,user 577,user_pass 577,577
578,user 578,user_pass 578,578
579,user 579,user_pass 579,579
580,user 580,user_pass 580,580
581,user 581,user_pass 581,581
582,user 582,user_pass 582,582
583,user 583,user_pass 583,583
584,user 584,user_pass 584,584
585,user 585,user_pass 585,585
586,user 586,user_pass 586,586
587,user 587,user_pass 587,587
588,user 588,user_pass 588,588
589,user 589,user_pass 589,589
590,user 590,user_pass 590,590
591,user 591,user_pass 591,591
592,user 592,user_pass 592,592
593,user 593,user_pass 593,593
594,user 594,user_pass 594,594
595,user 595,user_pass 595,595
596,user 596,user_pass 596,596
597,user 597,user_pass 597,597
598,user 598,user_pass 598,598
599,user 599,user_pass 599,599
600,user 600,user_pass 600,600
601,user 601,user_pass 601,601
602,user 602,user_pass 602,602
603,user 603,user_pass 603,603
604,user 604,user_pass 604,604
605,user 605,user_pass 605,605
606,user 606,user_pass 606,606
607,user 607,user_pass 607,607
608,user 608,user_pass 608,608
609,user 609,user_pass 609,609
610,user 610,user_pass 610,610
611,user 611,user_pass 611,611
612,user 612,user_pass 612,612
613,user 613,user_pass 613,613
614,user 614,user_pass 614,614
615,user 615,user_pass 615,615
616,user 616,user_pass 616,616
617,user 617,user_pass 617,617
618,user 618,user_pass 618,618
619,user 619,user_pass 619,619
620,user 620,user_pass 620,620
621,user 621,user_pass 621,621
622,user 622,user_pass 622,622
623,user 623,user_pass 623,623
624,user 624,user_pass 624,624
625,user 625,user_pass 625,625
626,user 626,user_pass 626,626
627,user 627,user_pass 627,627
628,user 628,user_pass 628,628
629,user 629,user_pass 629,629
630,user 630,user_pass 630,630
631,user 631,user_pass 631,631
632,user 632,user_pass 632,632
633,user 633,user_pass 633,633
634,user 634,user_pass 634,634
635,user 635,user_pass 635,635
636,user 636,user_pass 636,636
637,user 637,user_pass 637,637
638,user 638,user_pass 638,638
639,user 639,user_pass 639,639
640,user 640,user_pass 640,640
641,user 641,user_pass 641,641
642,user 642,user_pass 642,642
643,user 643,user_pass 643,643
644,user 644,user_pass 644,644
645,user 645,user_pass 645,645
646,user 646,user_pass 646,646
647,user 647,user_pass 647,647
648,user 648,user_pass 648,648
649,user 649,user_pass 649,649
650,user 650,user_pass 650,650
651,user 651,user_pass 651,651
652,user 652,user_pass 652,652
653,user 653,user_pass 653,653
654,user 654,user_pass 654,654
655,user 655,user_pass 655,655
656,user 656,user_pass 656,656
657,user 657,user_pass 657,657
658,user 658,user_pass 658,658
659,user 659,user_pass 659,659
660,user 660,user_pass 660,660
661,user 661,user_pass 661,661
662,user 662,user_pass 662,662
663,user 663,user_pass 663,663
664,user 664,user_pass 664,664
665,user 665,user_pass 665,665
666,user 666,user_pass 666,666
667,user 667,user_pass 667,667
668,user 668,user_pass 668,668
669,user 669,user_pass 669,669
670,user 670,user_pass 670,670
671,user 671,user_pass 671,671
672,user 672,user_pass 672,672
673,user 673,user_pass 673,673
674,user 674,user_pass 674,674
675,user 675,user_pass 675,675
676,user 676,user_pass 676,676
677,user 677,user_pass 677,677
678,user 678,user_pass 678,678
679,user 679,user_pass 679,679
680,user 680,user_pass 680,680
681,user 681,user_pass 681,681
682,user 682,user_pass 682,682
683,user 683,user_pass 683,683
684,user 684,user_pass 684,684
685,user 685,user_pass 685,685
686,user 686,user_pass 686,686
687,user 687,user_pass 687,687
688,user 688,user_pass 688,688
689,user 689,user_pass 689,689
690,user 690,user_pass 690,690
691,user 691,user_pass 691,691
692,user 692,user_pass 692,692
693,user 693,user_pass 693,693
694,user 694,user_pass 694,694
695,user 695,user_pass 695,695
696,user 696,user_pass 696,696
697,user 697,user_pass 697,697
698,user 698,user_pass 698,698
699,user 699,user_pass 699,699
700,user 700,user_pass 700,700
701,user 701,user_pass 701,701
702,user 702,user_pass 702,702
703,user 703,user_pass 703,703
704,user 704,user_pass 704,704
705,user 705,user_pass 705,705
706,user 706,user_pass 706,706
707,user 707,user_pass 707,707
708,user 708,user_pass 708,708
709,user 709,user_pass 709,709
710,user 710,user_pass 710,710
711,user 711,user_pass 711,711
712,user 712,user_pass 712,712
713,user 713,user_pass 713,713
714,user 714,user_pass 714,714
715,user 715,user_pass 715,715
716,user 716,user_pass 716,716
717,user 717,user_pass 717,717
718,user 718,user_pass 718,718
719,user 719,user_pass 719,719
720,user 720,user_pass 720,720
721,user 721,user_pass 721,721
722,user 722,user_pass 722,722
723,user 723,user_pass 723,723
724,user 724,user_pass 724,724
725,user 725,user_pass 725,725
726,user 726,user_pass 726,726
727,user 727,user_pass 727,727
728,user 728,user_pass 728,728
729,user 729,user_pass 729,729
730,user 730,user_pass 730,730
731,user 731,user_pass 731,731
732,user 732,user_pass 732,732
733,user 733,user_pass 733,733
734,user 734,user_pass 734,734
735,user 735,user_pass 735,735
736,user 736,user_pass 736,736
737,user 737,user_pass 737,737
738,user 738,user_pass 738,738
739,user 739,user_pass 739,739
740,user 740,user_pass 740,740
741,user 741,user_pass 741,741
742,user 742,user_pass 742,742
743,user 743,user_pass 743,743
744,user 744,user_pass 744,744
745,user 745,user_pass 745,745
746,user 746,user_pass 746,746
747,user 747,user_pass 747,747
748,user 748,user_pass 748,748
749,user 749,user_pass 749,749
750,user 750,user_pass 750,750
751,user 751,user_pass 751,751
752,user 752,user_pass 752,752
753,user 753,user_pass 753,753
754,user 754,user_pass 754,754
755,user 755,user_pass 755,755
756,user 756,user_pass 756,756
757,user 757,user_pass 757,757
758,user 758,user_pass 758,758
759,user 759,user_pass 759,759
760,user 760,user_pass 760,760
761,user 761,user_pass 761,761
762,user 762,user_pass 762,762
763,user 763,user_pass 763,763
764,user 764,user_pass 764,764
765,user 765,user_pass 765,765
766,user 766,user_pass 766,766
767,user 767,user_pass 767,767
768,user 768,user_pass 768,768
769,user 769,user_pass 769,769
770,user 770,user_pass 770,770
771,user 771,user_pass 771,771
772,user 772,user_pass 772,772
773,user 773,user_pass 773,773
774,user 774,user_pass 774,774
775,user 775,user_pass 775,775
776,user 776,user_pass 776,776
777,user 777,user_pass 777,777
778,user 778,user_pass 778,778
779,user 779,user_pass 779,779
780,user 780,user_pass 780,780
781,user 781,user_pass 781,781
782,user 782,user_pass 782,782
783,user 783,user_pass 783,783
784,user 784,user_pass 784,784
785,user 785,user_pass 785,785
786,user 786,user_pass 786,786
787,user 787,user_pass 787,787
788,user 788,user_pass 788,788
789,user 789,user_pass 789,789
790,user 790,user_pass 790,790
791,user 791,user_pass 791,791
792,user 792,user_pass 792,792
793,user 793,user_pass 793,793
794,user 794,user_pass 794,794
795,user 795,user_pass 795,795
796,user 796,user_pass 796,796
797,user 797,user_pass 797,797
798,user 798,user_pass 798,798
799,user 799,user_pass 799,799
800,user 800,user_pass 800,800
801,user 801,user_pass 801,801
802,user 802,user_pass 802,802
803,user 803,user_pass 803,803
804,user 804,user_pass 804,804
805,user 805,user_pass 805,805
806,user 806,user_pass 806,806
807,user 807,user_pass 807,807
808,user 808,user_pass 808,808
809,user 809,user_pass 809,809
810,user 810,user_pass 810,810
811,user 811,user_pass 811,811
812,user 812,user_pass 812,812
813,user 813,user_pass 813,813
814,user 814,user_pass 814,814
815,user 815,user_pass 815,815
816,user 816,user_pass 816,816
817,user 817,user_pass 817,817
818,user 818,user_pass 818,818
819,user 819,user_pass 819,819
820,user 820,user_pass 820,820
821,user 821,user_pass 821,821
822,user 822,user_pass 822,822
823,user 823,user_pass 823,823
824,user 824,user_pass 824,824
825,user 825,user_pass 825,825
826,user 826,user_pass 826,826
827,user 827,user_pass 827,827
828,user 828,user_pass 828,828
829,user 829,user_pass 829,829
830,user 830,user_pass 830,830
831,user 831,user_pass 831,831
832,user 832,user_pass 832,832
833,user 833,user_pass 833,833
834,user 834,user_pass 834,834
835,user 835,user_pass 835,835
836,user 836,user_pass 836,836
837,user 837,user_pass 837,837
838,user 838,user_pass 838,838
839,user 839,user_pass 839,839
840,user 840,user_pass 840,840
841,user 841,user_pass 841,841
842,user 842,user_pass 842,842
843,user 843,user_pass 843,843
844,user 844,user_pass 844,844
845,user 845,user_pass 845,845
846,user 846,user_pass 846,846
847,user 847,user_pass 847,847
848,user 848,user_pass 848,848
849,user 849,user_pass 849,849
850,user 850,user_pass 850,850
851,user 851,user_pass 851,851
852,user 852,user_pass 852,852
853,user 853,user_pass 853,853
854,user 854,user_pass 854,854
855,user 855,user_pass 855,855
856,user 856,user_pass 856,856
857,user 857,user_pass 857,857
858,user 858,user_pass 858,858
859,user 859,user_pass 859,859
860,user 860,user_pass 860,860
861,user 861,user_pass 861,861
862,user 862,user_pass 862,862
863,user 863,user_pass 863,863
864,user 864,user_pass 864,864
865,user 865,user_pass 865,865
866,user 866,user_pass 866,866
867,user 867,user_pass 867,867
868,user 868,user_pass 868,868
869,user 869,user_pass 869,869
870,user 870,user_pass 870,870
871,user 871,user_pass 871,871
872,user 872,user_pass 872,872
873,user 873,user_pass 873,873
874,user 874,user_pass 874,874
875,user 875,user_pass 875,875
876,user 876,user_pass 876,876
877,user 877,user_pass 877,877
878,user 878,user_pass 878,878
879,user 879,user_pass 879,879
880,user 880,user_pass 880,880
881,user 881,user_pass 881,881
882,user 882,user_pass 882,882
883,user 883,user_pass 883,883
884,user 884,user_pass 884,884
885,user 885,user_pass 885,885
886,user 886,user_pass 886,886
887,user 887,user_pass 887,887
888,user 888,user_pass 888,888
889,user 889,user_pass 889,889
890,user 890,user_pass 890,890
891,user 891,user_pass 891,891
892,user 892,user_pass 892,892
893,user 893,user_pass 893,893
894,user 894,user_pass 894,894
895,user 895,user_pass 895,895
896,user 896,user_pass 896,896
897,user 897,user_pass 897,897
898,user 898,user_pass 898,898
899,user 899,user_pass 899,899
900,user 900,user_pass 900,900
901,user 901,user_pass 901,901
902,user 902,user_pass 902,902
903,user 903,user_pass 903,903
904,user 904,user_pass 904,904
905,user 905,user_pass 905,905
906,user 906,user_pass 906,906
907,user 907,user_pass 907,907
908,user 908,user_pass 908,908
909,user 909,user_pass 909,909
910,user 910,user_pass 910,910
911,user 911,user_pass 911,911
912,user 912,user_pass 912,912
913,user 913,user_pass 913,913
914,user 914,user_pass 914,914
915,user 915,user_pass 915,915
916,user 916,user_pass 916,916
917,user 917,user_pass 917,917
918,user 918,user_pass 918,918
919,user 919,user_pass 919,919
920,user 920,user_pass 920,920
921,user 921,user_pass 921,921
922,user 922,user_pass 922,922
923,user 923,user_pass 923,923
924,user 924,user_pass 924,924
925,user 925,user_pass 925,925
926,user 926,user_pass 926,926
927,user 927,user_pass 927,927
928,user 928,user_pass 928,928
929,user 929,user_pass 929,929
930,user 930,user_pass 930,930
931,user 931,user_pass 931,931
932,user 932,user_pass 932,932
933,user 933,user_pass 933,933
934,user 934,user_pass 934,934
935,user 935,user_pass 935,935
936,user 936,user_pass 936,936
937,user 937,user_pass 937,937
938,user 938,user_pass 938,938
939,user 939,user_pass 939,939
940,user 940,user_pass 940,940
941,user 941,user_pass 941,941
942,user 942,user_pass 942,942
943,user 943,user_pass 943,943
944,user 944,user_pass 944,944
945,user 945,user_pass 945,945
946,user 946,user_pass 946,946
947,user 947,user_pass 947,947
948,user 948,user_pass 948,948
949,user 949,user_pass 949,949
950,user 950,user_pass 950,950
951,user 951,user_pass 951,951
952,user 952,user_pass 952,952
953,user 953,user_pass 953,953
954,user 954,user_pass 954,954
955,user 955,user_pass 955,955
956,user 956,user_pass 956,956
957,user 957,user_pass 957,957
958,user 958,user_pass 958,958
959,user 959,user_pass 959,959
960,user 960,user_pass 960,960
961,user 961,user_pass 961,961
962,user 962,user_pass 962,962
963,user 963,user_pass 963,963
964,user 964,user_pass 964,964
965,user 965,user_pass 965,965
966,user 966,user_pass 966,966
967,user 967,user_pass 967,967
968,user 968,user_pass 968,968
969,user 969,user_pass 969,969
970,user 970,user_pass 970,970
971,user 971,user_pass 971,971
972,user 972,user_pass 972,972
973,user 973,user_pass 973,973
974,user 974,user_pass 974,974
975,user 975,user_pass 975,975
976,user 976,user_pass 976,976
977,user 977,user_pass 977,977
978,user 978,user_pass 978,978
979,user 979,user_pass 979,979
980,user 980,user_pass 980,980
981,user 981,user_pass 981,981
982,user 982,user_pass 982,982
983,user 983,user_pass 983,983
984,user 984,user_pass 984,984
985,user 985,user_pass 985,985
986,user 986,user_pass 986,986
987,user 987,user_pass 987,987
988,user 988,user_pass 988,988
989,user 989,user_pass 989,989
990,user 990,user_pass 990,990
991,user 991,user_pass 991,991
992,user 992,user_pass 992,992
993,user 993,user_pass 993,993
994,user 994,user_pass 994,994
995,user 995,user_pass 995,995
996,user 996,user_pass 996,996
997,user 997,user_pass 997,997
998,user 998,user_pass 998,998
999,user 999,user_pass 999,999
1000,user 1000,user_pass 1000,1000
