<?xml version="1.0" encoding="UTF-8"?>
<beans xmlns="http://www.springframework.org/schema/beans"
	xmlns:batch="http://www.springframework.org/schema/batch"
	xmlns:util="http://www.springframework.org/schema/util"
	xmlns:xsi="http://www.w3.org/2001/XMLSchema-instance"
	xmlns:context="http://www.springframework.org/schema/context"
	xsi:schemaLocation="http://www.springframework.org/schema/batch 
	http://www.springframework.org/schema/batch/spring-batch-2.2.xsd
	http://www.springframework.org/schema/beans 
	http://www.springframework.org/schema/beans/spring-beans-3.2.xsd
	http://www.springframework.org/schema/util 
	http://www.springframework.org/schema/util/spring-util-3.2.xsd
	http://www.springframework.org/schema/context
	http://www.springframework.org/schema/context/spring-context-3.2.xsd
	">
	
 	<context:property-placeholder location="classpath*:/spring/batch/jobs/batch.properties"/>
 	
 	
	<!-- spring batch core settings -->
	<import resource="../config/context.xml" />
	
	<!-- database settings -->
	<import resource="../config/database.xml" />
 
  	<job id="retrySample" xmlns="http://www.springframework.org/schema/batch">
		<step id="step1">
			<tasklet ref="errorProneTask" />
		</step>
  	</job>
  	
  	<bean id="errorProneTask" class="com.test.spring.batch.retry.ErrorProneTask">
  		<property name="retryTemplate" ref="retryTemplate"></property>
  		<property name="maxInt" value="${batch.example.maxint}"></property>
  	</bean>
  
  	<bean id="retryTemplate" class="org.springframework.retry.support.RetryTemplate">
		<property name="retryPolicy" ref="retryPolicy"/>
		<property name="backOffPolicy" ref="backOffPolicy"/>
	</bean>
	 
	<!-- Setup the time between retries. -->
	<bean id="backOffPolicy" class="org.springframework.retry.backoff.FixedBackOffPolicy">
		<property name="backOffPeriod" value="${batch.example.backoffperiod}"/>
	</bean>
	
	<bean id="retryPolicy" class="org.springframework.retry.policy.ExceptionClassifierRetryPolicy">
		<property name="policyMap">
			<map>
				<entry key="org.springframework.retry.RetryException">
					<bean class="org.springframework.retry.policy.SimpleRetryPolicy">
						<property name="maxAttempts" value="${batch.example.maxattempts}" />
					</bean>
				</entry>
			</map>
		</property>
	</bean>
	 
</beans>