<?xml version="1.0" encoding="UTF-8"?>

<beans xmlns="http://www.springframework.org/schema/beans"
	   xmlns:xsi="http://www.w3.org/2001/XMLSchema-instance"
	   xmlns:context="http://www.springframework.org/schema/context"
	   xsi:schemaLocation="http://www.springframework.org/schema/beans
		 http://www.springframework.org/schema/beans/spring-beans.xsd
		 http://www.springframework.org/schema/context
		 http://www.springframework.org/schema/context/spring-context.xsd">

	<context:property-placeholder location="classpath:/META-INF/spring/config/application.properties"/>

	<import resource="datasource-beans.xml"/>
	<import resource="job.xml"/>
	
	<!-- stored job-meta in database -->
	<bean id="jobRepository"
		class="org.springframework.batch.core.repository.support.JobRepositoryFactoryBean">
		<property name="dataSource" ref="dataSource" />
		<property name="transactionManager" ref="transactionManager" />
		<property name="databaseType" value="mysql" />
	</bean>
	
	<bean id="transactionManager"
		class="org.springframework.batch.support.transaction.ResourcelessTransactionManager" />
</beans>
